word_key,normalised_word,display_word,dialect_code,frequency_band,age_band,complexity_band,source_category,source_name,source_url,source_licence,source_use_note,confidence,review_status,row_status
either_en_gb,either,either,en-GB,high,middle_primary,medium,internal_authored,Next Teaching Dictionary curriculum-evidence intake,docs/implementation/seed-data/teaching-dictionary/candidates/2026-06-29-phase-5-source-intake/uk_spelling_words_age_estimates.csv,internal/project-authored,Candidate selected from the project-authored UK spelling-age evidence list; human review required before promotion.,high,approved_for_first_exposure,active
belief_en_gb,belief,belief,en-GB,high,early_primary,medium,internal_authored,Next Teaching Dictionary curriculum-evidence intake,docs/implementation/seed-data/teaching-dictionary/candidates/2026-06-29-phase-5-source-intake/uk_spelling_words_age_estimates.csv,internal/project-authored,Candidate selected from the project-authored UK spelling-age evidence list; human review required before promotion.,high,approved_for_first_exposure,active
immigrants_en_gb,immigrants,immigrants,en-GB,high,upper_primary,high,internal_authored,Next Teaching Dictionary curriculum-evidence intake,docs/implementation/seed-data/teaching-dictionary/candidates/2026-06-29-phase-5-source-intake/uk_spelling_words_age_estimates.csv,internal/project-authored,Candidate selected from the project-authored UK spelling-age evidence list; human review required before promotion.,high,approved_for_first_exposure,active
summary_en_gb,summary,summary,en-GB,high,upper_primary,medium,internal_authored,Next Teaching Dictionary curriculum-evidence intake,docs/implementation/seed-data/teaching-dictionary/candidates/2026-06-29-phase-5-source-intake/uk_spelling_words_age_estimates.csv,internal/project-authored,Candidate selected from the project-authored UK spelling-age evidence list; human review required before promotion.,high,approved_for_first_exposure,active
diabetes_en_gb,diabetes,diabetes,en-GB,high,middle_primary,high,internal_authored,Next Teaching Dictionary curriculum-evidence intake,docs/implementation/seed-data/teaching-dictionary/candidates/2026-06-29-phase-5-source-intake/uk_spelling_words_age_estimates.csv,internal/project-authored,Candidate selected from the project-authored UK spelling-age evidence list; human review required before promotion.,high,approved_for_first_exposure,active
brownie_en_gb,brownie,brownie,en-GB,medium,early_primary,medium,internal_authored,Next Teaching Dictionary curriculum-evidence intake,docs/implementation/seed-data/teaching-dictionary/candidates/2026-06-29-phase-5-source-intake/uk_spelling_words_age_estimates.csv,internal/project-authored,Candidate selected from the project-authored UK spelling-age evidence list; human review required before promotion.,high,approved_for_first_exposure,active
i_en_gb,i,I,en-GB,high,early_primary,low,internal_authored,Next Teaching Dictionary curriculum-evidence intake,docs/implementation/seed-data/teaching-dictionary/candidates/2026-06-29-phase-5-source-intake/uk_spelling_words_age_estimates.csv,internal/project-authored,Candidate selected from the project-authored UK spelling-age evidence list; human review required before promotion.,high,approved_for_first_exposure,active
be_en_gb,be,be,en-GB,high,early_primary,low,internal_authored,Next Teaching Dictionary curriculum-evidence intake,docs/implementation/seed-data/teaching-dictionary/candidates/2026-06-29-phase-5-source-intake/uk_spelling_words_age_estimates.csv,internal/project-authored,Candidate selected from the project-authored UK spelling-age evidence list; human review required before promotion.,high,approved_for_first_exposure,active
not_en_gb,not,not,en-GB,high,early_primary,low,internal_authored,Next Teaching Dictionary curriculum-evidence intake,docs/implementation/seed-data/teaching-dictionary/candidates/2026-06-29-phase-5-source-intake/uk_spelling_words_age_estimates.csv,internal/project-authored,Candidate selected from the project-authored UK spelling-age evidence list; human review required before promotion.,high,approved_for_first_exposure,active
by_en_gb,by,by,en-GB,high,early_primary,low,internal_authored,Next Teaching Dictionary curriculum-evidence intake,docs/implementation/seed-data/teaching-dictionary/candidates/2026-06-29-phase-5-source-intake/uk_spelling_words_age_estimates.csv,internal/project-authored,Candidate selected from the project-authored UK spelling-age evidence list; human review required before promotion.,high,approved_for_first_exposure,active
it_s_en_gb,it's,it's,en-GB,high,early_primary,low,internal_authored,Next Teaching Dictionary curriculum-evidence intake,docs/implementation/seed-data/teaching-dictionary/candidates/2026-06-29-phase-5-source-intake/uk_spelling_words_age_estimates.csv,internal/project-authored,Candidate selected from the project-authored UK spelling-age evidence list; human review required before promotion.,high,approved_for_first_exposure,active
which_en_gb,which,which,en-GB,high,early_primary,low,internal_authored,Next Teaching Dictionary curriculum-evidence intake,docs/implementation/seed-data/teaching-dictionary/candidates/2026-06-29-phase-5-source-intake/uk_spelling_words_age_estimates.csv,internal/project-authored,Candidate selected from the project-authored UK spelling-age evidence list; human review required before promotion.,high,approved_for_first_exposure,active
she_en_gb,she,she,en-GB,high,early_primary,low,internal_authored,Next Teaching Dictionary curriculum-evidence intake,docs/implementation/seed-data/teaching-dictionary/candidates/2026-06-29-phase-5-source-intake/uk_spelling_words_age_estimates.csv,internal/project-authored,Candidate selected from the project-authored UK spelling-age evidence list; human review required before promotion.,high,approved_for_first_exposure,active
how_en_gb,how,how,en-GB,high,early_primary,low,internal_authored,Next Teaching Dictionary curriculum-evidence intake,docs/implementation/seed-data/teaching-dictionary/candidates/2026-06-29-phase-5-source-intake/uk_spelling_words_age_estimates.csv,internal/project-authored,Candidate selected from the project-authored UK spelling-age evidence list; human review required before promotion.,high,approved_for_first_exposure,active
some_en_gb,some,some,en-GB,high,early_primary,low,internal_authored,Next Teaching Dictionary curriculum-evidence intake,docs/implementation/seed-data/teaching-dictionary/candidates/2026-06-29-phase-5-source-intake/uk_spelling_words_age_estimates.csv,internal/project-authored,Candidate selected from the project-authored UK spelling-age evidence list; human review required before promotion.,high,approved_for_first_exposure,active
also_en_gb,also,also,en-GB,high,early_primary,low,internal_authored,Next Teaching Dictionary curriculum-evidence intake,docs/implementation/seed-data/teaching-dictionary/candidates/2026-06-29-phase-5-source-intake/uk_spelling_words_age_estimates.csv,internal/project-authored,Candidate selected from the project-authored UK spelling-age evidence list; human review required before promotion.,high,approved_for_first_exposure,active
other_en_gb,other,other,en-GB,high,early_primary,medium,internal_authored,Next Teaching Dictionary curriculum-evidence intake,docs/implementation/seed-data/teaching-dictionary/candidates/2026-06-29-phase-5-source-intake/uk_spelling_words_age_estimates.csv,internal/project-authored,Candidate selected from the project-authored UK spelling-age evidence list; human review required before promotion.,high,approved_for_first_exposure,active
our_en_gb,our,our,en-GB,high,early_primary,low,internal_authored,Next Teaching Dictionary curriculum-evidence intake,docs/implementation/seed-data/teaching-dictionary/candidates/2026-06-29-phase-5-source-intake/uk_spelling_words_age_estimates.csv,internal/project-authored,Candidate selected from the project-authored UK spelling-age evidence list; human review required before promotion.,high,approved_for_first_exposure,active
only_en_gb,only,only,en-GB,high,early_primary,low,internal_authored,Next Teaching Dictionary curriculum-evidence intake,docs/implementation/seed-data/teaching-dictionary/candidates/2026-06-29-phase-5-source-intake/uk_spelling_words_age_estimates.csv,internal/project-authored,Candidate selected from the project-authored UK spelling-age evidence list; human review required before promotion.,high,approved_for_first_exposure,active
into_en_gb,into,into,en-GB,high,upper_primary,medium,internal_authored,Next Teaching Dictionary curriculum-evidence intake,docs/implementation/seed-data/teaching-dictionary/candidates/2026-06-29-phase-5-source-intake/uk_spelling_words_age_estimates.csv,internal/project-authored,Candidate selected from the project-authored UK spelling-age evidence list; human review required before promotion.,high,approved_for_first_exposure,active
after_en_gb,after,after,en-GB,high,early_primary,medium,internal_authored,Next Teaching Dictionary curriculum-evidence intake,docs/implementation/seed-data/teaching-dictionary/candidates/2026-06-29-phase-5-source-intake/uk_spelling_words_age_estimates.csv,internal/project-authored,Candidate selected from the project-authored UK spelling-age evidence list; human review required before promotion.,high,approved_for_first_exposure,active
over_en_gb,over,over,en-GB,high,early_primary,low,internal_authored,Next Teaching Dictionary curriculum-evidence intake,docs/implementation/seed-data/teaching-dictionary/candidates/2026-06-29-phase-5-source-intake/uk_spelling_words_age_estimates.csv,internal/project-authored,Candidate selected from the project-authored UK spelling-age evidence list; human review required before promotion.,high,approved_for_first_exposure,active
think_en_gb,think,think,en-GB,high,early_primary,low,internal_authored,Next Teaching Dictionary curriculum-evidence intake,docs/implementation/seed-data/teaching-dictionary/candidates/2026-06-29-phase-5-source-intake/uk_spelling_words_age_estimates.csv,internal/project-authored,Candidate selected from the project-authored UK spelling-age evidence list; human review required before promotion.,high,approved_for_first_exposure,active
any_en_gb,any,any,en-GB,high,early_primary,low,internal_authored,Next Teaching Dictionary curriculum-evidence intake,docs/implementation/seed-data/teaching-dictionary/candidates/2026-06-29-phase-5-source-intake/uk_spelling_words_age_estimates.csv,internal/project-authored,Candidate selected from the project-authored UK spelling-age evidence list; human review required before promotion.,high,approved_for_first_exposure,active
well_en_gb,well,well,en-GB,high,middle_primary,low,internal_authored,Next Teaching Dictionary curriculum-evidence intake,docs/implementation/seed-data/teaching-dictionary/candidates/2026-06-29-phase-5-source-intake/uk_spelling_words_age_estimates.csv,internal/project-authored,Candidate selected from the project-authored UK spelling-age evidence list; human review required before promotion.,high,approved_for_first_exposure,active
very_en_gb,very,very,en-GB,high,early_primary,low,internal_authored,Next Teaching Dictionary curriculum-evidence intake,docs/implementation/seed-data/teaching-dictionary/candidates/2026-06-29-phase-5-source-intake/uk_spelling_words_age_estimates.csv,internal/project-authored,Candidate selected from the project-authored UK spelling-age evidence list; human review required before promotion.,high,approved_for_first_exposure,active
most_en_gb,most,most,en-GB,high,early_primary,low,internal_authored,Next Teaching Dictionary curriculum-evidence intake,docs/implementation/seed-data/teaching-dictionary/candidates/2026-06-29-phase-5-source-intake/uk_spelling_words_age_estimates.csv,internal/project-authored,Candidate selected from the project-authored UK spelling-age evidence list; human review required before promotion.,high,approved_for_first_exposure,active
here_en_gb,here,here,en-GB,high,early_primary,low,internal_authored,Next Teaching Dictionary curriculum-evidence intake,docs/implementation/seed-data/teaching-dictionary/candidates/2026-06-29-phase-5-source-intake/uk_spelling_words_age_estimates.csv,internal/project-authored,Candidate selected from the project-authored UK spelling-age evidence list; human review required before promotion.,high,approved_for_first_exposure,active
need_en_gb,need,need,en-GB,high,early_primary,low,internal_authored,Next Teaching Dictionary curriculum-evidence intake,docs/implementation/seed-data/teaching-dictionary/candidates/2026-06-29-phase-5-source-intake/uk_spelling_words_age_estimates.csv,internal/project-authored,Candidate selected from the project-authored UK spelling-age evidence list; human review required before promotion.,high,approved_for_first_exposure,active
why_en_gb,why,why,en-GB,high,early_primary,low,internal_authored,Next Teaching Dictionary curriculum-evidence intake,docs/implementation/seed-data/teaching-dictionary/candidates/2026-06-29-phase-5-source-intake/uk_spelling_words_age_estimates.csv,internal/project-authored,Candidate selected from the project-authored UK spelling-age evidence list; human review required before promotion.,high,approved_for_first_exposure,active
those_en_gb,those,those,en-GB,high,early_primary,low,internal_authored,Next Teaching Dictionary curriculum-evidence intake,docs/implementation/seed-data/teaching-dictionary/candidates/2026-06-29-phase-5-source-intake/uk_spelling_words_age_estimates.csv,internal/project-authored,Candidate selected from the project-authored UK spelling-age evidence list; human review required before promotion.,high,approved_for_first_exposure,active
you_re_en_gb,you're,you're,en-GB,high,early_primary,low,internal_authored,Next Teaching Dictionary curriculum-evidence intake,docs/implementation/seed-data/teaching-dictionary/candidates/2026-06-29-phase-5-source-intake/uk_spelling_words_age_estimates.csv,internal/project-authored,Candidate selected from the project-authored UK spelling-age evidence list; human review required before promotion.,high,approved_for_first_exposure,active
while_en_gb,while,while,en-GB,high,early_primary,low,internal_authored,Next Teaching Dictionary curriculum-evidence intake,docs/implementation/seed-data/teaching-dictionary/candidates/2026-06-29-phase-5-source-intake/uk_spelling_words_age_estimates.csv,internal/project-authored,Candidate selected from the project-authored UK spelling-age evidence list; human review required before promotion.,high,approved_for_first_exposure,active
last_en_gb,last,last,en-GB,high,upper_primary,low,internal_authored,Next Teaching Dictionary curriculum-evidence intake,docs/implementation/seed-data/teaching-dictionary/candidates/2026-06-29-phase-5-source-intake/uk_spelling_words_age_estimates.csv,internal/project-authored,Candidate selected from the project-authored UK spelling-age evidence list; human review required before promotion.,high,approved_for_first_exposure,active
both_en_gb,both,both,en-GB,high,early_primary,low,internal_authored,Next Teaching Dictionary curriculum-evidence intake,docs/implementation/seed-data/teaching-dictionary/candidates/2026-06-29-phase-5-source-intake/uk_spelling_words_age_estimates.csv,internal/project-authored,Candidate selected from the project-authored UK spelling-age evidence list; human review required before promotion.,high,approved_for_first_exposure,active
come_en_gb,come,come,en-GB,high,early_primary,low,internal_authored,Next Teaching Dictionary curriculum-evidence intake,docs/implementation/seed-data/teaching-dictionary/candidates/2026-06-29-phase-5-source-intake/uk_spelling_words_age_estimates.csv,internal/project-authored,Candidate selected from the project-authored UK spelling-age evidence list; human review required before promotion.,high,approved_for_first_exposure,active
better_en_gb,better,better,en-GB,high,early_primary,medium,internal_authored,Next Teaching Dictionary curriculum-evidence intake,docs/implementation/seed-data/teaching-dictionary/candidates/2026-06-29-phase-5-source-intake/uk_spelling_words_age_estimates.csv,internal/project-authored,Candidate selected from the project-authored UK spelling-age evidence list; human review required before promotion.,high,approved_for_first_exposure,active
always_en_gb,always,always,en-GB,high,early_primary,medium,internal_authored,Next Teaching Dictionary curriculum-evidence intake,docs/implementation/seed-data/teaching-dictionary/candidates/2026-06-29-phase-5-source-intake/uk_spelling_words_age_estimates.csv,internal/project-authored,Candidate selected from the project-authored UK spelling-age evidence list; human review required before promotion.,high,approved_for_first_exposure,active
high_en_gb,high,high,en-GB,high,middle_primary,low,internal_authored,Next Teaching Dictionary curriculum-evidence intake,docs/implementation/seed-data/teaching-dictionary/candidates/2026-06-29-phase-5-source-intake/uk_spelling_words_age_estimates.csv,internal/project-authored,Candidate selected from the project-authored UK spelling-age evidence list; human review required before promotion.,high,approved_for_first_exposure,active
under_en_gb,under,under,en-GB,high,early_primary,medium,internal_authored,Next Teaching Dictionary curriculum-evidence intake,docs/implementation/seed-data/teaching-dictionary/candidates/2026-06-29-phase-5-source-intake/uk_spelling_words_age_estimates.csv,internal/project-authored,Candidate selected from the project-authored UK spelling-age evidence list; human review required before promotion.,high,approved_for_first_exposure,active
mr_en_gb,mr,Mr,en-GB,high,early_primary,low,internal_authored,Next Teaching Dictionary curriculum-evidence intake,docs/implementation/seed-data/teaching-dictionary/candidates/2026-06-29-phase-5-source-intake/uk_spelling_words_age_estimates.csv,internal/project-authored,Candidate selected from the project-authored UK spelling-age evidence list; human review required before promotion.,high,approved_for_first_exposure,active
didn_t_en_gb,didn't,didn't,en-GB,high,early_primary,medium,internal_authored,Next Teaching Dictionary curriculum-evidence intake,docs/implementation/seed-data/teaching-dictionary/candidates/2026-06-29-phase-5-source-intake/uk_spelling_words_age_estimates.csv,internal/project-authored,Candidate selected from the project-authored UK spelling-age evidence list; human review required before promotion.,high,approved_for_first_exposure,active
feel_en_gb,feel,feel,en-GB,high,early_primary,low,internal_authored,Next Teaching Dictionary curriculum-evidence intake,docs/implementation/seed-data/teaching-dictionary/candidates/2026-06-29-phase-5-source-intake/uk_spelling_words_age_estimates.csv,internal/project-authored,Candidate selected from the project-authored UK spelling-age evidence list; human review required before promotion.,high,approved_for_first_exposure,active
sure_en_gb,sure,sure,en-GB,high,early_primary,low,internal_authored,Next Teaching Dictionary curriculum-evidence intake,docs/implementation/seed-data/teaching-dictionary/candidates/2026-06-29-phase-5-source-intake/uk_spelling_words_age_estimates.csv,internal/project-authored,Candidate selected from the project-authored UK spelling-age evidence list; human review required before promotion.,high,approved_for_first_exposure,active
might_en_gb,might,might,en-GB,high,middle_primary,low,internal_authored,Next Teaching Dictionary curriculum-evidence intake,docs/implementation/seed-data/teaching-dictionary/candidates/2026-06-29-phase-5-source-intake/uk_spelling_words_age_estimates.csv,internal/project-authored,Candidate selected from the project-authored UK spelling-age evidence list; human review required before promotion.,high,approved_for_first_exposure,active
name_en_gb,name,name,en-GB,high,middle_primary,low,internal_authored,Next Teaching Dictionary curriculum-evidence intake,docs/implementation/seed-data/teaching-dictionary/candidates/2026-06-29-phase-5-source-intake/uk_spelling_words_age_estimates.csv,internal/project-authored,Candidate selected from the project-authored UK spelling-age evidence list; human review required before promotion.,high,approved_for_first_exposure,active
he_s_en_gb,he's,he's,en-GB,high,early_primary,low,internal_authored,Next Teaching Dictionary curriculum-evidence intake,docs/implementation/seed-data/teaching-dictionary/candidates/2026-06-29-phase-5-source-intake/uk_spelling_words_age_estimates.csv,internal/project-authored,Candidate selected from the project-authored UK spelling-age evidence list; human review required before promotion.,high,approved_for_first_exposure,active
thought_en_gb,thought,thought,en-GB,high,early_primary,medium,internal_authored,Next Teaching Dictionary curriculum-evidence intake,docs/implementation/seed-data/teaching-dictionary/candidates/2026-06-29-phase-5-source-intake/uk_spelling_words_age_estimates.csv,internal/project-authored,Candidate selected from the project-authored UK spelling-age evidence list; human review required before promotion.,high,approved_for_first_exposure,active
done_en_gb,done,done,en-GB,high,early_primary,low,internal_authored,Next Teaching Dictionary curriculum-evidence intake,docs/implementation/seed-data/teaching-dictionary/candidates/2026-06-29-phase-5-source-intake/uk_spelling_words_age_estimates.csv,internal/project-authored,Candidate selected from the project-authored UK spelling-age evidence list; human review required before promotion.,high,approved_for_first_exposure,active
women_en_gb,women,women,en-GB,high,early_primary,medium,internal_authored,Next Teaching Dictionary curriculum-evidence intake,docs/implementation/seed-data/teaching-dictionary/candidates/2026-06-29-phase-5-source-intake/uk_spelling_words_age_estimates.csv,internal/project-authored,Candidate selected from the project-authored UK spelling-age evidence list; human review required before promotion.,high,approved_for_first_exposure,active
system_en_gb,system,system,en-GB,high,early_primary,medium,internal_authored,Next Teaching Dictionary curriculum-evidence intake,docs/implementation/seed-data/teaching-dictionary/candidates/2026-06-29-phase-5-source-intake/uk_spelling_words_age_estimates.csv,internal/project-authored,Candidate selected from the project-authored UK spelling-age evidence list; human review required before promotion.,high,approved_for_first_exposure,active
case_en_gb,case,case,en-GB,high,middle_primary,low,internal_authored,Next Teaching Dictionary curriculum-evidence intake,docs/implementation/seed-data/teaching-dictionary/candidates/2026-06-29-phase-5-source-intake/uk_spelling_words_age_estimates.csv,internal/project-authored,Candidate selected from the project-authored UK spelling-age evidence list; human review required before promotion.,high,approved_for_first_exposure,active
today_en_gb,today,today,en-GB,high,early_primary,medium,internal_authored,Next Teaching Dictionary curriculum-evidence intake,docs/implementation/seed-data/teaching-dictionary/candidates/2026-06-29-phase-5-source-intake/uk_spelling_words_age_estimates.csv,internal/project-authored,Candidate selected from the project-authored UK spelling-age evidence list; human review required before promotion.,high,approved_for_first_exposure,active
already_en_gb,already,already,en-GB,high,early_primary,medium,internal_authored,Next Teaching Dictionary curriculum-evidence intake,docs/implementation/seed-data/teaching-dictionary/candidates/2026-06-29-phase-5-source-intake/uk_spelling_words_age_estimates.csv,internal/project-authored,Candidate selected from the project-authored UK spelling-age evidence list; human review required before promotion.,high,approved_for_first_exposure,active
nothing_en_gb,nothing,nothing,en-GB,high,early_primary,medium,internal_authored,Next Teaching Dictionary curriculum-evidence intake,docs/implementation/seed-data/teaching-dictionary/candidates/2026-06-29-phase-5-source-intake/uk_spelling_words_age_estimates.csv,internal/project-authored,Candidate selected from the project-authored UK spelling-age evidence list; human review required before promotion.,high,approved_for_first_exposure,active
told_en_gb,told,told,en-GB,high,early_primary,low,internal_authored,Next Teaching Dictionary curriculum-evidence intake,docs/implementation/seed-data/teaching-dictionary/candidates/2026-06-29-phase-5-source-intake/uk_spelling_words_age_estimates.csv,internal/project-authored,Candidate selected from the project-authored UK spelling-age evidence list; human review required before promotion.,high,approved_for_first_exposure,active
doesn_t_en_gb,doesn't,doesn't,en-GB,high,early_primary,medium,internal_authored,Next Teaching Dictionary curriculum-evidence intake,docs/implementation/seed-data/teaching-dictionary/candidates/2026-06-29-phase-5-source-intake/uk_spelling_words_age_estimates.csv,internal/project-authored,Candidate selected from the project-authored UK spelling-age evidence list; human review required before promotion.,high,approved_for_first_exposure,active
seen_en_gb,seen,seen,en-GB,high,early_primary,low,internal_authored,Next Teaching Dictionary curriculum-evidence intake,docs/implementation/seed-data/teaching-dictionary/candidates/2026-06-29-phase-5-source-intake/uk_spelling_words_age_estimates.csv,internal/project-authored,Candidate selected from the project-authored UK spelling-age evidence list; human review required before promotion.,high,approved_for_first_exposure,active
water_en_gb,water,water,en-GB,high,early_primary,medium,internal_authored,Next Teaching Dictionary curriculum-evidence intake,docs/implementation/seed-data/teaching-dictionary/candidates/2026-06-29-phase-5-source-intake/uk_spelling_words_age_estimates.csv,internal/project-authored,Candidate selected from the project-authored UK spelling-age evidence list; human review required before promotion.,high,approved_for_first_exposure,active
call_en_gb,call,call,en-GB,high,early_primary,low,internal_authored,Next Teaching Dictionary curriculum-evidence intake,docs/implementation/seed-data/teaching-dictionary/candidates/2026-06-29-phase-5-source-intake/uk_spelling_words_age_estimates.csv,internal/project-authored,Candidate selected from the project-authored UK spelling-age evidence list; human review required before promotion.,high,approved_for_first_exposure,active
head_en_gb,head,head,en-GB,high,middle_primary,low,internal_authored,Next Teaching Dictionary curriculum-evidence intake,docs/implementation/seed-data/teaching-dictionary/candidates/2026-06-29-phase-5-source-intake/uk_spelling_words_age_estimates.csv,internal/project-authored,Candidate selected from the project-authored UK spelling-age evidence list; human review required before promotion.,high,approved_for_first_exposure,active
took_en_gb,took,took,en-GB,high,early_primary,low,internal_authored,Next Teaching Dictionary curriculum-evidence intake,docs/implementation/seed-data/teaching-dictionary/candidates/2026-06-29-phase-5-source-intake/uk_spelling_words_age_estimates.csv,internal/project-authored,Candidate selected from the project-authored UK spelling-age evidence list; human review required before promotion.,high,approved_for_first_exposure,active
white_en_gb,white,white,en-GB,high,middle_primary,low,internal_authored,Next Teaching Dictionary curriculum-evidence intake,docs/implementation/seed-data/teaching-dictionary/candidates/2026-06-29-phase-5-source-intake/uk_spelling_words_age_estimates.csv,internal/project-authored,Candidate selected from the project-authored UK spelling-age evidence list; human review required before promotion.,high,approved_for_first_exposure,active
believe_en_gb,believe,believe,en-GB,high,early_primary,medium,internal_authored,Next Teaching Dictionary curriculum-evidence intake,docs/implementation/seed-data/teaching-dictionary/candidates/2026-06-29-phase-5-source-intake/uk_spelling_words_age_estimates.csv,internal/project-authored,Candidate selected from the project-authored UK spelling-age evidence list; human review required before promotion.,high,approved_for_first_exposure,active
side_en_gb,side,side,en-GB,high,early_primary,low,internal_authored,Next Teaching Dictionary curriculum-evidence intake,docs/implementation/seed-data/teaching-dictionary/candidates/2026-06-29-phase-5-source-intake/uk_spelling_words_age_estimates.csv,internal/project-authored,Candidate selected from the project-authored UK spelling-age evidence list; human review required before promotion.,high,approved_for_first_exposure,active
though_en_gb,though,though,en-GB,high,early_primary,low,internal_authored,Next Teaching Dictionary curriculum-evidence intake,docs/implementation/seed-data/teaching-dictionary/candidates/2026-06-29-phase-5-source-intake/uk_spelling_words_age_estimates.csv,internal/project-authored,Candidate selected from the project-authored UK spelling-age evidence list; human review required before promotion.,high,approved_for_first_exposure,active
actually_en_gb,actually,actually,en-GB,high,early_primary,high,internal_authored,Next Teaching Dictionary curriculum-evidence intake,docs/implementation/seed-data/teaching-dictionary/candidates/2026-06-29-phase-5-source-intake/uk_spelling_words_age_estimates.csv,internal/project-authored,Candidate selected from the project-authored UK spelling-age evidence list; human review required before promotion.,high,approved_for_first_exposure,active
line_en_gb,line,line,en-GB,high,middle_primary,low,internal_authored,Next Teaching Dictionary curriculum-evidence intake,docs/implementation/seed-data/teaching-dictionary/candidates/2026-06-29-phase-5-source-intake/uk_spelling_words_age_estimates.csv,internal/project-authored,Candidate selected from the project-authored UK spelling-age evidence list; human review required before promotion.,high,approved_for_first_exposure,active
party_en_gb,party,party,en-GB,high,early_primary,medium,internal_authored,Next Teaching Dictionary curriculum-evidence intake,docs/implementation/seed-data/teaching-dictionary/candidates/2026-06-29-phase-5-source-intake/uk_spelling_words_age_estimates.csv,internal/project-authored,Candidate selected from the project-authored UK spelling-age evidence list; human review required before promotion.,high,approved_for_first_exposure,active
country_en_gb,country,country,en-GB,high,early_primary,medium,internal_authored,Next Teaching Dictionary curriculum-evidence intake,docs/implementation/seed-data/teaching-dictionary/candidates/2026-06-29-phase-5-source-intake/uk_spelling_words_age_estimates.csv,internal/project-authored,Candidate selected from the project-authored UK spelling-age evidence list; human review required before promotion.,high,approved_for_first_exposure,active
they_re_en_gb,they're,they're,en-GB,high,early_primary,medium,internal_authored,Next Teaching Dictionary curriculum-evidence intake,docs/implementation/seed-data/teaching-dictionary/candidates/2026-06-29-phase-5-source-intake/uk_spelling_words_age_estimates.csv,internal/project-authored,Candidate selected from the project-authored UK spelling-age evidence list; human review required before promotion.,high,approved_for_first_exposure,active
five_en_gb,five,five,en-GB,high,early_primary,low,internal_authored,Next Teaching Dictionary curriculum-evidence intake,docs/implementation/seed-data/teaching-dictionary/candidates/2026-06-29-phase-5-source-intake/uk_spelling_words_age_estimates.csv,internal/project-authored,Candidate selected from the project-authored UK spelling-age evidence list; human review required before promotion.,high,approved_for_first_exposure,active
important_en_gb,important,important,en-GB,high,early_primary,high,internal_authored,Next Teaching Dictionary curriculum-evidence intake,docs/implementation/seed-data/teaching-dictionary/candidates/2026-06-29-phase-5-source-intake/uk_spelling_words_age_estimates.csv,internal/project-authored,Candidate selected from the project-authored UK spelling-age evidence list; human review required before promotion.,high,approved_for_first_exposure,active
i_ll_en_gb,i'll,I'll,en-GB,high,early_primary,low,internal_authored,Next Teaching Dictionary curriculum-evidence intake,docs/implementation/seed-data/teaching-dictionary/candidates/2026-06-29-phase-5-source-intake/uk_spelling_words_age_estimates.csv,internal/project-authored,Candidate selected from the project-authored UK spelling-age evidence list; human review required before promotion.,high,approved_for_first_exposure,active
young_en_gb,young,young,en-GB,high,early_primary,low,internal_authored,Next Teaching Dictionary curriculum-evidence intake,docs/implementation/seed-data/teaching-dictionary/candidates/2026-06-29-phase-5-source-intake/uk_spelling_words_age_estimates.csv,internal/project-authored,Candidate selected from the project-authored UK spelling-age evidence list; human review required before promotion.,high,approved_for_first_exposure,active
often_en_gb,often,often,en-GB,high,early_primary,medium,internal_authored,Next Teaching Dictionary curriculum-evidence intake,docs/implementation/seed-data/teaching-dictionary/candidates/2026-06-29-phase-5-source-intake/uk_spelling_words_age_estimates.csv,internal/project-authored,Candidate selected from the project-authored UK spelling-age evidence list; human review required before promotion.,high,approved_for_first_exposure,active
pay_en_gb,pay,pay,en-GB,high,early_primary,low,internal_authored,Next Teaching Dictionary curriculum-evidence intake,docs/implementation/seed-data/teaching-dictionary/candidates/2026-06-29-phase-5-source-intake/uk_spelling_words_age_estimates.csv,internal/project-authored,Candidate selected from the project-authored UK spelling-age evidence list; human review required before promotion.,high,approved_for_first_exposure,active
room_en_gb,room,room,en-GB,high,early_primary,low,internal_authored,Next Teaching Dictionary curriculum-evidence intake,docs/implementation/seed-data/teaching-dictionary/candidates/2026-06-29-phase-5-source-intake/uk_spelling_words_age_estimates.csv,internal/project-authored,Candidate selected from the project-authored UK spelling-age evidence list; human review required before promotion.,high,approved_for_first_exposure,active
almost_en_gb,almost,almost,en-GB,high,early_primary,medium,internal_authored,Next Teaching Dictionary curriculum-evidence intake,docs/implementation/seed-data/teaching-dictionary/candidates/2026-06-29-phase-5-source-intake/uk_spelling_words_age_estimates.csv,internal/project-authored,Candidate selected from the project-authored UK spelling-age evidence list; human review required before promotion.,high,approved_for_first_exposure,active
probably_en_gb,probably,probably,en-GB,high,early_primary,high,internal_authored,Next Teaching Dictionary curriculum-evidence intake,docs/implementation/seed-data/teaching-dictionary/candidates/2026-06-29-phase-5-source-intake/uk_spelling_words_age_estimates.csv,internal/project-authored,Candidate selected from the project-authored UK spelling-age evidence list; human review required before promotion.,high,approved_for_first_exposure,active
understand_en_gb,understand,understand,en-GB,high,early_primary,high,internal_authored,Next Teaching Dictionary curriculum-evidence intake,docs/implementation/seed-data/teaching-dictionary/candidates/2026-06-29-phase-5-source-intake/uk_spelling_words_age_estimates.csv,internal/project-authored,Candidate selected from the project-authored UK spelling-age evidence list; human review required before promotion.,high,approved_for_first_exposure,active
international_en_gb,international,international,en-GB,high,middle_primary,high,internal_authored,Next Teaching Dictionary curriculum-evidence intake,docs/implementation/seed-data/teaching-dictionary/candidates/2026-06-29-phase-5-source-intake/uk_spelling_words_age_estimates.csv,internal/project-authored,Candidate selected from the project-authored UK spelling-age evidence list; human review required before promotion.,high,approved_for_first_exposure,active
class_en_gb,class,class,en-GB,high,early_primary,low,internal_authored,Next Teaching Dictionary curriculum-evidence intake,docs/implementation/seed-data/teaching-dictionary/candidates/2026-06-29-phase-5-source-intake/uk_spelling_words_age_estimates.csv,internal/project-authored,Candidate selected from the project-authored UK spelling-age evidence list; human review required before promotion.,high,approved_for_first_exposure,active
ask_en_gb,ask,ask,en-GB,high,early_primary,low,internal_authored,Next Teaching Dictionary curriculum-evidence intake,docs/implementation/seed-data/teaching-dictionary/candidates/2026-06-29-phase-5-source-intake/uk_spelling_words_age_estimates.csv,internal/project-authored,Candidate selected from the project-authored UK spelling-age evidence list; human review required before promotion.,high,approved_for_first_exposure,active
morning_en_gb,morning,morning,en-GB,high,early_primary,medium,internal_authored,Next Teaching Dictionary curriculum-evidence intake,docs/implementation/seed-data/teaching-dictionary/candidates/2026-06-29-phase-5-source-intake/uk_spelling_words_age_estimates.csv,internal/project-authored,Candidate selected from the project-authored UK spelling-age evidence list; human review required before promotion.,high,approved_for_first_exposure,active
soon_en_gb,soon,soon,en-GB,high,early_primary,low,internal_authored,Next Teaching Dictionary curriculum-evidence intake,docs/implementation/seed-data/teaching-dictionary/candidates/2026-06-29-phase-5-source-intake/uk_spelling_words_age_estimates.csv,internal/project-authored,Candidate selected from the project-authored UK spelling-age evidence list; human review required before promotion.,high,approved_for_first_exposure,active
age_en_gb,age,age,en-GB,high,early_primary,low,internal_authored,Next Teaching Dictionary curriculum-evidence intake,docs/implementation/seed-data/teaching-dictionary/candidates/2026-06-29-phase-5-source-intake/uk_spelling_words_age_estimates.csv,internal/project-authored,Candidate selected from the project-authored UK spelling-age evidence list; human review required before promotion.,high,approved_for_first_exposure,active
whether_en_gb,whether,whether,en-GB,high,early_primary,medium,internal_authored,Next Teaching Dictionary curriculum-evidence intake,docs/implementation/seed-data/teaching-dictionary/candidates/2026-06-29-phase-5-source-intake/uk_spelling_words_age_estimates.csv,internal/project-authored,Candidate selected from the project-authored UK spelling-age evidence list; human review required before promotion.,high,approved_for_first_exposure,active
reason_en_gb,reason,reason,en-GB,high,early_primary,medium,internal_authored,Next Teaching Dictionary curriculum-evidence intake,docs/implementation/seed-data/teaching-dictionary/candidates/2026-06-29-phase-5-source-intake/uk_spelling_words_age_estimates.csv,internal/project-authored,Candidate selected from the project-authored UK spelling-age evidence list; human review required before promotion.,high,approved_for_first_exposure,active
heart_en_gb,heart,heart,en-GB,high,early_primary,low,internal_authored,Next Teaching Dictionary curriculum-evidence intake,docs/implementation/seed-data/teaching-dictionary/candidates/2026-06-29-phase-5-source-intake/uk_spelling_words_age_estimates.csv,internal/project-authored,Candidate selected from the project-authored UK spelling-age evidence list; human review required before promotion.,high,approved_for_first_exposure,active
although_en_gb,although,although,en-GB,high,early_primary,medium,internal_authored,Next Teaching Dictionary curriculum-evidence intake,docs/implementation/seed-data/teaching-dictionary/candidates/2026-06-29-phase-5-source-intake/uk_spelling_words_age_estimates.csv,internal/project-authored,Candidate selected from the project-authored UK spelling-age evidence list; human review required before promotion.,high,approved_for_first_exposure,active
easy_en_gb,easy,easy,en-GB,high,early_primary,medium,internal_authored,Next Teaching Dictionary curriculum-evidence intake,docs/implementation/seed-data/teaching-dictionary/candidates/2026-06-29-phase-5-source-intake/uk_spelling_words_age_estimates.csv,internal/project-authored,Candidate selected from the project-authored UK spelling-age evidence list; human review required before promotion.,high,approved_for_first_exposure,active
art_en_gb,art,art,en-GB,high,early_primary,low,internal_authored,Next Teaching Dictionary curriculum-evidence intake,docs/implementation/seed-data/teaching-dictionary/candidates/2026-06-29-phase-5-source-intake/uk_spelling_words_age_estimates.csv,internal/project-authored,Candidate selected from the project-authored UK spelling-age evidence list; human review required before promotion.,high,approved_for_first_exposure,active
behind_en_gb,behind,behind,en-GB,high,early_primary,medium,internal_authored,Next Teaching Dictionary curriculum-evidence intake,docs/implementation/seed-data/teaching-dictionary/candidates/2026-06-29-phase-5-source-intake/uk_spelling_words_age_estimates.csv,internal/project-authored,Candidate selected from the project-authored UK spelling-age evidence list; human review required before promotion.,high,approved_for_first_exposure,active
quite_en_gb,quite,quite,en-GB,high,upper_primary,low,internal_authored,Next Teaching Dictionary curriculum-evidence intake,docs/implementation/seed-data/teaching-dictionary/candidates/2026-06-29-phase-5-source-intake/uk_spelling_words_age_estimates.csv,internal/project-authored,Candidate selected from the project-authored UK spelling-age evidence list; human review required before promotion.,high,approved_for_first_exposure,active
available_en_gb,available,available,en-GB,high,early_primary,high,internal_authored,Next Teaching Dictionary curriculum-evidence intake,docs/implementation/seed-data/teaching-dictionary/candidates/2026-06-29-phase-5-source-intake/uk_spelling_words_age_estimates.csv,internal/project-authored,Candidate selected from the project-authored UK spelling-age evidence list; human review required before promotion.,high,approved_for_first_exposure,active
son_en_gb,son,son,en-GB,high,early_primary,low,internal_authored,Next Teaching Dictionary curriculum-evidence intake,docs/implementation/seed-data/teaching-dictionary/candidates/2026-06-29-phase-5-source-intake/uk_spelling_words_age_estimates.csv,internal/project-authored,Candidate selected from the project-authored UK spelling-age evidence list; human review required before promotion.,high,approved_for_first_exposure,active
wasn_t_en_gb,wasn't,wasn't,en-GB,high,early_primary,medium,internal_authored,Next Teaching Dictionary curriculum-evidence intake,docs/implementation/seed-data/teaching-dictionary/candidates/2026-06-29-phase-5-source-intake/uk_spelling_words_age_estimates.csv,internal/project-authored,Candidate selected from the project-authored UK spelling-age evidence list; human review required before promotion.,high,approved_for_first_exposure,active
according_en_gb,according,according,en-GB,high,upper_primary,high,internal_authored,Next Teaching Dictionary curriculum-evidence intake,docs/implementation/seed-data/teaching-dictionary/candidates/2026-06-29-phase-5-source-intake/uk_spelling_words_age_estimates.csv,internal/project-authored,Candidate selected from the project-authored UK spelling-age evidence list; human review required before promotion.,high,approved_for_first_exposure,active
meet_en_gb,meet,meet,en-GB,high,early_primary,low,internal_authored,Next Teaching Dictionary curriculum-evidence intake,docs/implementation/seed-data/teaching-dictionary/candidates/2026-06-29-phase-5-source-intake/uk_spelling_words_age_estimates.csv,internal/project-authored,Candidate selected from the project-authored UK spelling-age evidence list; human review required before promotion.,high,approved_for_first_exposure,active
heard_en_gb,heard,heard,en-GB,high,early_primary,low,internal_authored,Next Teaching Dictionary curriculum-evidence intake,docs/implementation/seed-data/teaching-dictionary/candidates/2026-06-29-phase-5-source-intake/uk_spelling_words_age_estimates.csv,internal/project-authored,Candidate selected from the project-authored UK spelling-age evidence list; human review required before promotion.,high,approved_for_first_exposure,active
experience_en_gb,experience,experience,en-GB,high,early_primary,high,internal_authored,Next Teaching Dictionary curriculum-evidence intake,docs/implementation/seed-data/teaching-dictionary/candidates/2026-06-29-phase-5-source-intake/uk_spelling_words_age_estimates.csv,internal/project-authored,Candidate selected from the project-authored UK spelling-age evidence list; human review required before promotion.,high,approved_for_first_exposure,active
current_en_gb,current,current,en-GB,high,early_primary,medium,internal_authored,Next Teaching Dictionary curriculum-evidence intake,docs/implementation/seed-data/teaching-dictionary/candidates/2026-06-29-phase-5-source-intake/uk_spelling_words_age_estimates.csv,internal/project-authored,Candidate selected from the project-authored UK spelling-age evidence list; human review required before promotion.,high,approved_for_first_exposure,active
study_en_gb,study,study,en-GB,high,early_primary,medium,internal_authored,Next Teaching Dictionary curriculum-evidence intake,docs/implementation/seed-data/teaching-dictionary/candidates/2026-06-29-phase-5-source-intake/uk_spelling_words_age_estimates.csv,internal/project-authored,Candidate selected from the project-authored UK spelling-age evidence list; human review required before promotion.,high,approved_for_first_exposure,active
father_en_gb,father,father,en-GB,high,upper_primary,medium,internal_authored,Next Teaching Dictionary curriculum-evidence intake,docs/implementation/seed-data/teaching-dictionary/candidates/2026-06-29-phase-5-source-intake/uk_spelling_words_age_estimates.csv,internal/project-authored,Candidate selected from the project-authored UK spelling-age evidence list; human review required before promotion.,high,approved_for_first_exposure,active
march_en_gb,march,March,en-GB,high,early_primary,low,internal_authored,Next Teaching Dictionary curriculum-evidence intake,docs/implementation/seed-data/teaching-dictionary/candidates/2026-06-29-phase-5-source-intake/uk_spelling_words_age_estimates.csv,internal/project-authored,Candidate selected from the project-authored UK spelling-age evidence list; human review required before promotion.,high,approved_for_first_exposure,active
gave_en_gb,gave,gave,en-GB,high,early_primary,low,internal_authored,Next Teaching Dictionary curriculum-evidence intake,docs/implementation/seed-data/teaching-dictionary/candidates/2026-06-29-phase-5-source-intake/uk_spelling_words_age_estimates.csv,internal/project-authored,Candidate selected from the project-authored UK spelling-age evidence list; human review required before promotion.,high,approved_for_first_exposure,active
month_en_gb,month,month,en-GB,high,early_primary,low,internal_authored,Next Teaching Dictionary curriculum-evidence intake,docs/implementation/seed-data/teaching-dictionary/candidates/2026-06-29-phase-5-source-intake/uk_spelling_words_age_estimates.csv,internal/project-authored,Candidate selected from the project-authored UK spelling-age evidence list; human review required before promotion.,high,approved_for_first_exposure,active
town_en_gb,town,town,en-GB,high,middle_primary,low,internal_authored,Next Teaching Dictionary curriculum-evidence intake,docs/implementation/seed-data/teaching-dictionary/candidates/2026-06-29-phase-5-source-intake/uk_spelling_words_age_estimates.csv,internal/project-authored,Candidate selected from the project-authored UK spelling-age evidence list; human review required before promotion.,high,approved_for_first_exposure,active
main_en_gb,main,main,en-GB,high,middle_primary,low,internal_authored,Next Teaching Dictionary curriculum-evidence intake,docs/implementation/seed-data/teaching-dictionary/candidates/2026-06-29-phase-5-source-intake/uk_spelling_words_age_estimates.csv,internal/project-authored,Candidate selected from the project-authored UK spelling-age evidence list; human review required before promotion.,high,approved_for_first_exposure,active
energy_en_gb,energy,energy,en-GB,high,early_primary,medium,internal_authored,Next Teaching Dictionary curriculum-evidence intake,docs/implementation/seed-data/teaching-dictionary/candidates/2026-06-29-phase-5-source-intake/uk_spelling_words_age_estimates.csv,internal/project-authored,Candidate selected from the project-authored UK spelling-age evidence list; human review required before promotion.,high,approved_for_first_exposure,active
you_ll_en_gb,you'll,you'll,en-GB,high,early_primary,low,internal_authored,Next Teaching Dictionary curriculum-evidence intake,docs/implementation/seed-data/teaching-dictionary/candidates/2026-06-29-phase-5-source-intake/uk_spelling_words_age_estimates.csv,internal/project-authored,Candidate selected from the project-authored UK spelling-age evidence list; human review required before promotion.,high,approved_for_first_exposure,active
site_en_gb,site,site,en-GB,high,early_primary,low,internal_authored,Next Teaching Dictionary curriculum-evidence intake,docs/implementation/seed-data/teaching-dictionary/candidates/2026-06-29-phase-5-source-intake/uk_spelling_words_age_estimates.csv,internal/project-authored,Candidate selected from the project-authored UK spelling-age evidence list; human review required before promotion.,high,approved_for_first_exposure,active
position_en_gb,position,position,en-GB,high,early_primary,high,internal_authored,Next Teaching Dictionary curriculum-evidence intake,docs/implementation/seed-data/teaching-dictionary/candidates/2026-06-29-phase-5-source-intake/uk_spelling_words_age_estimates.csv,internal/project-authored,Candidate selected from the project-authored UK spelling-age evidence list; human review required before promotion.,high,approved_for_first_exposure,active
especially_en_gb,especially,especially,en-GB,high,early_primary,high,internal_authored,Next Teaching Dictionary curriculum-evidence intake,docs/implementation/seed-data/teaching-dictionary/candidates/2026-06-29-phase-5-source-intake/uk_spelling_words_age_estimates.csv,internal/project-authored,Candidate selected from the project-authored UK spelling-age evidence list; human review required before promotion.,high,approved_for_first_exposure,active
parents_en_gb,parents,parents,en-GB,high,early_primary,medium,internal_authored,Next Teaching Dictionary curriculum-evidence intake,docs/implementation/seed-data/teaching-dictionary/candidates/2026-06-29-phase-5-source-intake/uk_spelling_words_age_estimates.csv,internal/project-authored,Candidate selected from the project-authored UK spelling-age evidence list; human review required before promotion.,high,approved_for_first_exposure,active
total_en_gb,total,total,en-GB,high,early_primary,medium,internal_authored,Next Teaching Dictionary curriculum-evidence intake,docs/implementation/seed-data/teaching-dictionary/candidates/2026-06-29-phase-5-source-intake/uk_spelling_words_age_estimates.csv,internal/project-authored,Candidate selected from the project-authored UK spelling-age evidence list; human review required before promotion.,high,approved_for_first_exposure,active
june_en_gb,june,June,en-GB,high,early_primary,low,internal_authored,Next Teaching Dictionary curriculum-evidence intake,docs/implementation/seed-data/teaching-dictionary/candidates/2026-06-29-phase-5-source-intake/uk_spelling_words_age_estimates.csv,internal/project-authored,Candidate selected from the project-authored UK spelling-age evidence list; human review required before promotion.,high,approved_for_first_exposure,active
knew_en_gb,knew,knew,en-GB,high,early_primary,low,internal_authored,Next Teaching Dictionary curriculum-evidence intake,docs/implementation/seed-data/teaching-dictionary/candidates/2026-06-29-phase-5-source-intake/uk_spelling_words_age_estimates.csv,internal/project-authored,Candidate selected from the project-authored UK spelling-age evidence list; human review required before promotion.,high,approved_for_first_exposure,active
won_en_gb,won,won,en-GB,high,early_primary,low,internal_authored,Next Teaching Dictionary curriculum-evidence intake,docs/implementation/seed-data/teaching-dictionary/candidates/2026-06-29-phase-5-source-intake/uk_spelling_words_age_estimates.csv,internal/project-authored,Candidate selected from the project-authored UK spelling-age evidence list; human review required before promotion.,high,approved_for_first_exposure,active
happened_en_gb,happened,happened,en-GB,high,early_primary,medium,internal_authored,Next Teaching Dictionary curriculum-evidence intake,docs/implementation/seed-data/teaching-dictionary/candidates/2026-06-29-phase-5-source-intake/uk_spelling_words_age_estimates.csv,internal/project-authored,Candidate selected from the project-authored UK spelling-age evidence list; human review required before promotion.,high,approved_for_first_exposure,active
lead_en_gb,lead,lead,en-GB,high,early_primary,low,internal_authored,Next Teaching Dictionary curriculum-evidence intake,docs/implementation/seed-data/teaching-dictionary/candidates/2026-06-29-phase-5-source-intake/uk_spelling_words_age_estimates.csv,internal/project-authored,Candidate selected from the project-authored UK spelling-age evidence list; human review required before promotion.,high,approved_for_first_exposure,active
dead_en_gb,dead,dead,en-GB,high,early_primary,low,internal_authored,Next Teaching Dictionary curriculum-evidence intake,docs/implementation/seed-data/teaching-dictionary/candidates/2026-06-29-phase-5-source-intake/uk_spelling_words_age_estimates.csv,internal/project-authored,Candidate selected from the project-authored UK spelling-age evidence list; human review required before promotion.,high,approved_for_first_exposure,active
hold_en_gb,hold,hold,en-GB,high,early_primary,low,internal_authored,Next Teaching Dictionary curriculum-evidence intake,docs/implementation/seed-data/teaching-dictionary/candidates/2026-06-29-phase-5-source-intake/uk_spelling_words_age_estimates.csv,internal/project-authored,Candidate selected from the project-authored UK spelling-age evidence list; human review required before promotion.,high,approved_for_first_exposure,active
april_en_gb,april,April,en-GB,high,early_primary,medium,internal_authored,Next Teaching Dictionary curriculum-evidence intake,docs/implementation/seed-data/teaching-dictionary/candidates/2026-06-29-phase-5-source-intake/uk_spelling_words_age_estimates.csv,internal/project-authored,Candidate selected from the project-authored UK spelling-age evidence list; human review required before promotion.,high,approved_for_first_exposure,active
couple_en_gb,couple,couple,en-GB,high,early_primary,medium,internal_authored,Next Teaching Dictionary curriculum-evidence intake,docs/implementation/seed-data/teaching-dictionary/candidates/2026-06-29-phase-5-source-intake/uk_spelling_words_age_estimates.csv,internal/project-authored,Candidate selected from the project-authored UK spelling-age evidence list; human review required before promotion.,high,approved_for_first_exposure,active
happen_en_gb,happen,happen,en-GB,high,early_primary,medium,internal_authored,Next Teaching Dictionary curriculum-evidence intake,docs/implementation/seed-data/teaching-dictionary/candidates/2026-06-29-phase-5-source-intake/uk_spelling_words_age_estimates.csv,internal/project-authored,Candidate selected from the project-authored UK spelling-age evidence list; human review required before promotion.,high,approved_for_first_exposure,active
return_en_gb,return,return,en-GB,high,middle_primary,medium,internal_authored,Next Teaching Dictionary curriculum-evidence intake,docs/implementation/seed-data/teaching-dictionary/candidates/2026-06-29-phase-5-source-intake/uk_spelling_words_age_estimates.csv,internal/project-authored,Candidate selected from the project-authored UK spelling-age evidence list; human review required before promotion.,high,approved_for_first_exposure,active
wouldn_t_en_gb,wouldn't,wouldn't,en-GB,high,early_primary,medium,internal_authored,Next Teaching Dictionary curriculum-evidence intake,docs/implementation/seed-data/teaching-dictionary/candidates/2026-06-29-phase-5-source-intake/uk_spelling_words_age_estimates.csv,internal/project-authored,Candidate selected from the project-authored UK spelling-age evidence list; human review required before promotion.,high,approved_for_first_exposure,active
finally_en_gb,finally,finally,en-GB,high,early_primary,medium,internal_authored,Next Teaching Dictionary curriculum-evidence intake,docs/implementation/seed-data/teaching-dictionary/candidates/2026-06-29-phase-5-source-intake/uk_spelling_words_age_estimates.csv,internal/project-authored,Candidate selected from the project-authored UK spelling-age evidence list; human review required before promotion.,high,approved_for_first_exposure,active
society_en_gb,society,society,en-GB,high,middle_primary,high,internal_authored,Next Teaching Dictionary curriculum-evidence intake,docs/implementation/seed-data/teaching-dictionary/candidates/2026-06-29-phase-5-source-intake/uk_spelling_words_age_estimates.csv,internal/project-authored,Candidate selected from the project-authored UK spelling-age evidence list; human review required before promotion.,high,approved_for_first_exposure,active
girls_en_gb,girls,girls,en-GB,high,early_primary,low,internal_authored,Next Teaching Dictionary curriculum-evidence intake,docs/implementation/seed-data/teaching-dictionary/candidates/2026-06-29-phase-5-source-intake/uk_spelling_words_age_estimates.csv,internal/project-authored,Candidate selected from the project-authored UK spelling-age evidence list; human review required before promotion.,high,approved_for_first_exposure,active
gold_en_gb,gold,gold,en-GB,high,early_primary,low,internal_authored,Next Teaching Dictionary curriculum-evidence intake,docs/implementation/seed-data/teaching-dictionary/candidates/2026-06-29-phase-5-source-intake/uk_spelling_words_age_estimates.csv,internal/project-authored,Candidate selected from the project-authored UK spelling-age evidence list; human review required before promotion.,high,approved_for_first_exposure,active
july_en_gb,july,July,en-GB,high,early_primary,low,internal_authored,Next Teaching Dictionary curriculum-evidence intake,docs/implementation/seed-data/teaching-dictionary/candidates/2026-06-29-phase-5-source-intake/uk_spelling_words_age_estimates.csv,internal/project-authored,Candidate selected from the project-authored UK spelling-age evidence list; human review required before promotion.,high,approved_for_first_exposure,active
interest_en_gb,interest,interest,en-GB,high,early_primary,medium,internal_authored,Next Teaching Dictionary curriculum-evidence intake,docs/implementation/seed-data/teaching-dictionary/candidates/2026-06-29-phase-5-source-intake/uk_spelling_words_age_estimates.csv,internal/project-authored,Candidate selected from the project-authored UK spelling-age evidence list; human review required before promotion.,high,approved_for_first_exposure,active
certain_en_gb,certain,certain,en-GB,high,early_primary,medium,internal_authored,Next Teaching Dictionary curriculum-evidence intake,docs/implementation/seed-data/teaching-dictionary/candidates/2026-06-29-phase-5-source-intake/uk_spelling_words_age_estimates.csv,internal/project-authored,Candidate selected from the project-authored UK spelling-age evidence list; human review required before promotion.,high,approved_for_first_exposure,active
average_en_gb,average,average,en-GB,high,middle_primary,medium,internal_authored,Next Teaching Dictionary curriculum-evidence intake,docs/implementation/seed-data/teaching-dictionary/candidates/2026-06-29-phase-5-source-intake/uk_spelling_words_age_estimates.csv,internal/project-authored,Candidate selected from the project-authored UK spelling-age evidence list; human review required before promotion.,high,approved_for_first_exposure,active
brought_en_gb,brought,brought,en-GB,high,early_primary,medium,internal_authored,Next Teaching Dictionary curriculum-evidence intake,docs/implementation/seed-data/teaching-dictionary/candidates/2026-06-29-phase-5-source-intake/uk_spelling_words_age_estimates.csv,internal/project-authored,Candidate selected from the project-authored UK spelling-age evidence list; human review required before promotion.,high,approved_for_first_exposure,active
ground_en_gb,ground,ground,en-GB,high,early_primary,low,internal_authored,Next Teaching Dictionary curriculum-evidence intake,docs/implementation/seed-data/teaching-dictionary/candidates/2026-06-29-phase-5-source-intake/uk_spelling_words_age_estimates.csv,internal/project-authored,Candidate selected from the project-authored UK spelling-age evidence list; human review required before promotion.,high,approved_for_first_exposure,active
september_en_gb,september,September,en-GB,high,early_primary,high,internal_authored,Next Teaching Dictionary curriculum-evidence intake,docs/implementation/seed-data/teaching-dictionary/candidates/2026-06-29-phase-5-source-intake/uk_spelling_words_age_estimates.csv,internal/project-authored,Candidate selected from the project-authored UK spelling-age evidence list; human review required before promotion.,high,approved_for_first_exposure,active
round_en_gb,round,round,en-GB,high,middle_primary,low,internal_authored,Next Teaching Dictionary curriculum-evidence intake,docs/implementation/seed-data/teaching-dictionary/candidates/2026-06-29-phase-5-source-intake/uk_spelling_words_age_estimates.csv,internal/project-authored,Candidate selected from the project-authored UK spelling-age evidence list; human review required before promotion.,high,approved_for_first_exposure,active
eat_en_gb,eat,eat,en-GB,high,early_primary,low,internal_authored,Next Teaching Dictionary curriculum-evidence intake,docs/implementation/seed-data/teaching-dictionary/candidates/2026-06-29-phase-5-source-intake/uk_spelling_words_age_estimates.csv,internal/project-authored,Candidate selected from the project-authored UK spelling-age evidence list; human review required before promotion.,high,approved_for_first_exposure,active
size_en_gb,size,size,en-GB,high,early_primary,low,internal_authored,Next Teaching Dictionary curriculum-evidence intake,docs/implementation/seed-data/teaching-dictionary/candidates/2026-06-29-phase-5-source-intake/uk_spelling_words_age_estimates.csv,internal/project-authored,Candidate selected from the project-authored UK spelling-age evidence list; human review required before promotion.,high,approved_for_first_exposure,active
fall_en_gb,fall,fall,en-GB,high,early_primary,low,internal_authored,Next Teaching Dictionary curriculum-evidence intake,docs/implementation/seed-data/teaching-dictionary/candidates/2026-06-29-phase-5-source-intake/uk_spelling_words_age_estimates.csv,internal/project-authored,Candidate selected from the project-authored UK spelling-age evidence list; human review required before promotion.,high,approved_for_first_exposure,active
you_ve_en_gb,you've,you've,en-GB,high,early_primary,low,internal_authored,Next Teaching Dictionary curriculum-evidence intake,docs/implementation/seed-data/teaching-dictionary/candidates/2026-06-29-phase-5-source-intake/uk_spelling_words_age_estimates.csv,internal/project-authored,Candidate selected from the project-authored UK spelling-age evidence list; human review required before promotion.,high,approved_for_first_exposure,active
league_en_gb,league,league,en-GB,high,early_primary,low,internal_authored,Next Teaching Dictionary curriculum-evidence intake,docs/implementation/seed-data/teaching-dictionary/candidates/2026-06-29-phase-5-source-intake/uk_spelling_words_age_estimates.csv,internal/project-authored,Candidate selected from the project-authored UK spelling-age evidence list; human review required before promotion.,high,approved_for_first_exposure,active
review_en_gb,review,review,en-GB,high,middle_primary,medium,internal_authored,Next Teaching Dictionary curriculum-evidence intake,docs/implementation/seed-data/teaching-dictionary/candidates/2026-06-29-phase-5-source-intake/uk_spelling_words_age_estimates.csv,internal/project-authored,Candidate selected from the project-authored UK spelling-age evidence list; human review required before promotion.,high,approved_for_first_exposure,active
various_en_gb,various,various,en-GB,high,early_primary,medium,internal_authored,Next Teaching Dictionary curriculum-evidence intake,docs/implementation/seed-data/teaching-dictionary/candidates/2026-06-29-phase-5-source-intake/uk_spelling_words_age_estimates.csv,internal/project-authored,Candidate selected from the project-authored UK spelling-age evidence list; human review required before promotion.,high,approved_for_first_exposure,active
paid_en_gb,paid,paid,en-GB,high,early_primary,low,internal_authored,Next Teaching Dictionary curriculum-evidence intake,docs/implementation/seed-data/teaching-dictionary/candidates/2026-06-29-phase-5-source-intake/uk_spelling_words_age_estimates.csv,internal/project-authored,Candidate selected from the project-authored UK spelling-age evidence list; human review required before promotion.,high,approved_for_first_exposure,active
forward_en_gb,forward,forward,en-GB,high,middle_primary,medium,internal_authored,Next Teaching Dictionary curriculum-evidence intake,docs/implementation/seed-data/teaching-dictionary/candidates/2026-06-29-phase-5-source-intake/uk_spelling_words_age_estimates.csv,internal/project-authored,Candidate selected from the project-authored UK spelling-age evidence list; human review required before promotion.,high,approved_for_first_exposure,active
brother_en_gb,brother,brother,en-GB,high,early_primary,medium,internal_authored,Next Teaching Dictionary curriculum-evidence intake,docs/implementation/seed-data/teaching-dictionary/candidates/2026-06-29-phase-5-source-intake/uk_spelling_words_age_estimates.csv,internal/project-authored,Candidate selected from the project-authored UK spelling-age evidence list; human review required before promotion.,high,approved_for_first_exposure,active
haven_t_en_gb,haven't,haven't,en-GB,high,early_primary,medium,internal_authored,Next Teaching Dictionary curriculum-evidence intake,docs/implementation/seed-data/teaching-dictionary/candidates/2026-06-29-phase-5-source-intake/uk_spelling_words_age_estimates.csv,internal/project-authored,Candidate selected from the project-authored UK spelling-age evidence list; human review required before promotion.,high,approved_for_first_exposure,active
character_en_gb,character,character,en-GB,high,middle_primary,high,internal_authored,Next Teaching Dictionary curriculum-evidence intake,docs/implementation/seed-data/teaching-dictionary/candidates/2026-06-29-phase-5-source-intake/uk_spelling_words_age_estimates.csv,internal/project-authored,Candidate selected from the project-authored UK spelling-age evidence list; human review required before promotion.,high,approved_for_first_exposure,active
october_en_gb,october,October,en-GB,high,lower_secondary,medium,internal_authored,Next Teaching Dictionary curriculum-evidence intake,docs/implementation/seed-data/teaching-dictionary/candidates/2026-06-29-phase-5-source-intake/uk_spelling_words_age_estimates.csv,internal/project-authored,Candidate selected from the project-authored UK spelling-age evidence list; human review required before promotion.,high,approved_for_first_exposure,active
led_en_gb,led,led,en-GB,high,early_primary,low,internal_authored,Next Teaching Dictionary curriculum-evidence intake,docs/implementation/seed-data/teaching-dictionary/candidates/2026-06-29-phase-5-source-intake/uk_spelling_words_age_estimates.csv,internal/project-authored,Candidate selected from the project-authored UK spelling-age evidence list; human review required before promotion.,high,approved_for_first_exposure,active
oil_en_gb,oil,oil,en-GB,high,early_primary,low,internal_authored,Next Teaching Dictionary curriculum-evidence intake,docs/implementation/seed-data/teaching-dictionary/candidates/2026-06-29-phase-5-source-intake/uk_spelling_words_age_estimates.csv,internal/project-authored,Candidate selected from the project-authored UK spelling-age evidence list; human review required before promotion.,high,approved_for_first_exposure,active
august_en_gb,august,August,en-GB,high,middle_primary,medium,internal_authored,Next Teaching Dictionary curriculum-evidence intake,docs/implementation/seed-data/teaching-dictionary/candidates/2026-06-29-phase-5-source-intake/uk_spelling_words_age_estimates.csv,internal/project-authored,Candidate selected from the project-authored UK spelling-age evidence list; human review required before promotion.,high,approved_for_first_exposure,active
november_en_gb,november,November,en-GB,high,early_primary,medium,internal_authored,Next Teaching Dictionary curriculum-evidence intake,docs/implementation/seed-data/teaching-dictionary/candidates/2026-06-29-phase-5-source-intake/uk_spelling_words_age_estimates.csv,internal/project-authored,Candidate selected from the project-authored UK spelling-age evidence list; human review required before promotion.,high,approved_for_first_exposure,active
serious_en_gb,serious,serious,en-GB,high,middle_primary,medium,internal_authored,Next Teaching Dictionary curriculum-evidence intake,docs/implementation/seed-data/teaching-dictionary/candidates/2026-06-29-phase-5-source-intake/uk_spelling_words_age_estimates.csv,internal/project-authored,Candidate selected from the project-authored UK spelling-age evidence list; human review required before promotion.,high,approved_for_first_exposure,active
co_own_en_gb,co-own,co-own,en-GB,high,middle_primary,low,internal_authored,Next Teaching Dictionary curriculum-evidence intake,docs/implementation/seed-data/teaching-dictionary/candidates/2026-06-29-phase-5-source-intake/uk_spelling_words_age_estimates.csv,internal/project-authored,Candidate selected from the project-authored UK spelling-age evidence list; human review required before promotion.,high,approved_for_first_exposure,active
language_en_gb,language,language,en-GB,high,early_primary,medium,internal_authored,Next Teaching Dictionary curriculum-evidence intake,docs/implementation/seed-data/teaching-dictionary/candidates/2026-06-29-phase-5-source-intake/uk_spelling_words_age_estimates.csv,internal/project-authored,Candidate selected from the project-authored UK spelling-age evidence list; human review required before promotion.,high,approved_for_first_exposure,active
situation_en_gb,situation,situation,en-GB,high,early_primary,high,internal_authored,Next Teaching Dictionary curriculum-evidence intake,docs/implementation/seed-data/teaching-dictionary/candidates/2026-06-29-phase-5-source-intake/uk_spelling_words_age_estimates.csv,internal/project-authored,Candidate selected from the project-authored UK spelling-age evidence list; human review required before promotion.,high,approved_for_first_exposure,active
technology_en_gb,technology,technology,en-GB,high,upper_primary,high,internal_authored,Next Teaching Dictionary curriculum-evidence intake,docs/implementation/seed-data/teaching-dictionary/candidates/2026-06-29-phase-5-source-intake/uk_spelling_words_age_estimates.csv,internal/project-authored,Candidate selected from the project-authored UK spelling-age evidence list; human review required before promotion.,high,approved_for_first_exposure,active
born_en_gb,born,born,en-GB,high,early_primary,low,internal_authored,Next Teaching Dictionary curriculum-evidence intake,docs/implementation/seed-data/teaching-dictionary/candidates/2026-06-29-phase-5-source-intake/uk_spelling_words_age_estimates.csv,internal/project-authored,Candidate selected from the project-authored UK spelling-age evidence list; human review required before promotion.,high,approved_for_first_exposure,active
poor_en_gb,poor,poor,en-GB,high,early_primary,low,internal_authored,Next Teaching Dictionary curriculum-evidence intake,docs/implementation/seed-data/teaching-dictionary/candidates/2026-06-29-phase-5-source-intake/uk_spelling_words_age_estimates.csv,internal/project-authored,Candidate selected from the project-authored UK spelling-age evidence list; human review required before promotion.,high,approved_for_first_exposure,active
january_en_gb,january,January,en-GB,high,early_primary,high,internal_authored,Next Teaching Dictionary curriculum-evidence intake,docs/implementation/seed-data/teaching-dictionary/candidates/2026-06-29-phase-5-source-intake/uk_spelling_words_age_estimates.csv,internal/project-authored,Candidate selected from the project-authored UK spelling-age evidence list; human review required before promotion.,high,approved_for_first_exposure,active
perhaps_en_gb,perhaps,perhaps,en-GB,high,early_primary,medium,internal_authored,Next Teaching Dictionary curriculum-evidence intake,docs/implementation/seed-data/teaching-dictionary/candidates/2026-06-29-phase-5-source-intake/uk_spelling_words_age_estimates.csv,internal/project-authored,Candidate selected from the project-authored UK spelling-age evidence list; human review required before promotion.,high,approved_for_first_exposure,active
simply_en_gb,simply,simply,en-GB,high,early_primary,medium,internal_authored,Next Teaching Dictionary curriculum-evidence intake,docs/implementation/seed-data/teaching-dictionary/candidates/2026-06-29-phase-5-source-intake/uk_spelling_words_age_estimates.csv,internal/project-authored,Candidate selected from the project-authored UK spelling-age evidence list; human review required before promotion.,high,approved_for_first_exposure,active
increase_en_gb,increase,increase,en-GB,high,early_primary,medium,internal_authored,Next Teaching Dictionary curriculum-evidence intake,docs/implementation/seed-data/teaching-dictionary/candidates/2026-06-29-phase-5-source-intake/uk_spelling_words_age_estimates.csv,internal/project-authored,Candidate selected from the project-authored UK spelling-age evidence list; human review required before promotion.,high,approved_for_first_exposure,active
financial_en_gb,financial,financial,en-GB,high,early_primary,high,internal_authored,Next Teaching Dictionary curriculum-evidence intake,docs/implementation/seed-data/teaching-dictionary/candidates/2026-06-29-phase-5-source-intake/uk_spelling_words_age_estimates.csv,internal/project-authored,Candidate selected from the project-authored UK spelling-age evidence list; human review required before promotion.,high,approved_for_first_exposure,active
hair_en_gb,hair,hair,en-GB,high,early_primary,low,internal_authored,Next Teaching Dictionary curriculum-evidence intake,docs/implementation/seed-data/teaching-dictionary/candidates/2026-06-29-phase-5-source-intake/uk_spelling_words_age_estimates.csv,internal/project-authored,Candidate selected from the project-authored UK spelling-age evidence list; human review required before promotion.,high,approved_for_first_exposure,active
door_en_gb,door,door,en-GB,high,early_primary,low,internal_authored,Next Teaching Dictionary curriculum-evidence intake,docs/implementation/seed-data/teaching-dictionary/candidates/2026-06-29-phase-5-source-intake/uk_spelling_words_age_estimates.csv,internal/project-authored,Candidate selected from the project-authored UK spelling-age evidence list; human review required before promotion.,high,approved_for_first_exposure,active
race_en_gb,race,race,en-GB,high,early_primary,low,internal_authored,Next Teaching Dictionary curriculum-evidence intake,docs/implementation/seed-data/teaching-dictionary/candidates/2026-06-29-phase-5-source-intake/uk_spelling_words_age_estimates.csv,internal/project-authored,Candidate selected from the project-authored UK spelling-age evidence list; human review required before promotion.,high,approved_for_first_exposure,active
continue_en_gb,continue,continue,en-GB,high,early_primary,medium,internal_authored,Next Teaching Dictionary curriculum-evidence intake,docs/implementation/seed-data/teaching-dictionary/candidates/2026-06-29-phase-5-source-intake/uk_spelling_words_age_estimates.csv,internal/project-authored,Candidate selected from the project-authored UK spelling-age evidence list; human review required before promotion.,high,approved_for_first_exposure,active
legal_en_gb,legal,legal,en-GB,high,early_primary,medium,internal_authored,Next Teaching Dictionary curriculum-evidence intake,docs/implementation/seed-data/teaching-dictionary/candidates/2026-06-29-phase-5-source-intake/uk_spelling_words_age_estimates.csv,internal/project-authored,Candidate selected from the project-authored UK spelling-age evidence list; human review required before promotion.,high,approved_for_first_exposure,active
foreign_en_gb,foreign,foreign,en-GB,high,early_primary,medium,internal_authored,Next Teaching Dictionary curriculum-evidence intake,docs/implementation/seed-data/teaching-dictionary/candidates/2026-06-29-phase-5-source-intake/uk_spelling_words_age_estimates.csv,internal/project-authored,Candidate selected from the project-authored UK spelling-age evidence list; human review required before promotion.,high,approved_for_first_exposure,active
safe_en_gb,safe,safe,en-GB,high,early_primary,low,internal_authored,Next Teaching Dictionary curriculum-evidence intake,docs/implementation/seed-data/teaching-dictionary/candidates/2026-06-29-phase-5-source-intake/uk_spelling_words_age_estimates.csv,internal/project-authored,Candidate selected from the project-authored UK spelling-age evidence list; human review required before promotion.,high,approved_for_first_exposure,active
hospital_en_gb,hospital,hospital,en-GB,high,early_primary,medium,internal_authored,Next Teaching Dictionary curriculum-evidence intake,docs/implementation/seed-data/teaching-dictionary/candidates/2026-06-29-phase-5-source-intake/uk_spelling_words_age_estimates.csv,internal/project-authored,Candidate selected from the project-authored UK spelling-age evidence list; human review required before promotion.,high,approved_for_first_exposure,active
december_en_gb,december,December,en-GB,high,early_primary,medium,internal_authored,Next Teaching Dictionary curriculum-evidence intake,docs/implementation/seed-data/teaching-dictionary/candidates/2026-06-29-phase-5-source-intake/uk_spelling_words_age_estimates.csv,internal/project-authored,Candidate selected from the project-authored UK spelling-age evidence list; human review required before promotion.,high,approved_for_first_exposure,active
difficult_en_gb,difficult,difficult,en-GB,high,early_primary,high,internal_authored,Next Teaching Dictionary curriculum-evidence intake,docs/implementation/seed-data/teaching-dictionary/candidates/2026-06-29-phase-5-source-intake/uk_spelling_words_age_estimates.csv,internal/project-authored,Candidate selected from the project-authored UK spelling-age evidence list; human review required before promotion.,high,approved_for_first_exposure,active
practice_en_gb,practice,practice,en-GB,high,middle_primary,medium,internal_authored,Next Teaching Dictionary curriculum-evidence intake,docs/implementation/seed-data/teaching-dictionary/candidates/2026-06-29-phase-5-source-intake/uk_spelling_words_age_estimates.csv,internal/project-authored,Candidate selected from the project-authored UK spelling-age evidence list; human review required before promotion.,high,approved_for_first_exposure,active
goal_en_gb,goal,goal,en-GB,high,early_primary,low,internal_authored,Next Teaching Dictionary curriculum-evidence intake,docs/implementation/seed-data/teaching-dictionary/candidates/2026-06-29-phase-5-source-intake/uk_spelling_words_age_estimates.csv,internal/project-authored,Candidate selected from the project-authored UK spelling-age evidence list; human review required before promotion.,high,approved_for_first_exposure,active
sir_en_gb,sir,sir,en-GB,high,early_primary,low,internal_authored,Next Teaching Dictionary curriculum-evidence intake,docs/implementation/seed-data/teaching-dictionary/candidates/2026-06-29-phase-5-source-intake/uk_spelling_words_age_estimates.csv,internal/project-authored,Candidate selected from the project-authored UK spelling-age evidence list; human review required before promotion.,high,approved_for_first_exposure,active
forget_en_gb,forget,forget,en-GB,high,early_primary,medium,internal_authored,Next Teaching Dictionary curriculum-evidence intake,docs/implementation/seed-data/teaching-dictionary/candidates/2026-06-29-phase-5-source-intake/uk_spelling_words_age_estimates.csv,internal/project-authored,Candidate selected from the project-authored UK spelling-age evidence list; human review required before promotion.,high,approved_for_first_exposure,active
listen_en_gb,listen,listen,en-GB,high,early_primary,medium,internal_authored,Next Teaching Dictionary curriculum-evidence intake,docs/implementation/seed-data/teaching-dictionary/candidates/2026-06-29-phase-5-source-intake/uk_spelling_words_age_estimates.csv,internal/project-authored,Candidate selected from the project-authored UK spelling-age evidence list; human review required before promotion.,high,approved_for_first_exposure,active
aren_t_en_gb,aren't,aren't,en-GB,high,early_primary,medium,internal_authored,Next Teaching Dictionary curriculum-evidence intake,docs/implementation/seed-data/teaching-dictionary/candidates/2026-06-29-phase-5-source-intake/uk_spelling_words_age_estimates.csv,internal/project-authored,Candidate selected from the project-authored UK spelling-age evidence list; human review required before promotion.,high,approved_for_first_exposure,active
pass_en_gb,pass,pass,en-GB,high,early_primary,low,internal_authored,Next Teaching Dictionary curriculum-evidence intake,docs/implementation/seed-data/teaching-dictionary/candidates/2026-06-29-phase-5-source-intake/uk_spelling_words_age_estimates.csv,internal/project-authored,Candidate selected from the project-authored UK spelling-age evidence list; human review required before promotion.,high,approved_for_first_exposure,active
offer_en_gb,offer,offer,en-GB,high,early_primary,medium,internal_authored,Next Teaching Dictionary curriculum-evidence intake,docs/implementation/seed-data/teaching-dictionary/candidates/2026-06-29-phase-5-source-intake/uk_spelling_words_age_estimates.csv,internal/project-authored,Candidate selected from the project-authored UK spelling-age evidence list; human review required before promotion.,high,approved_for_first_exposure,active
ball_en_gb,ball,ball,en-GB,high,early_primary,low,internal_authored,Next Teaching Dictionary curriculum-evidence intake,docs/implementation/seed-data/teaching-dictionary/candidates/2026-06-29-phase-5-source-intake/uk_spelling_words_age_estimates.csv,internal/project-authored,Candidate selected from the project-authored UK spelling-age evidence list; human review required before promotion.,high,approved_for_first_exposure,active
note_en_gb,note,note,en-GB,high,early_primary,low,internal_authored,Next Teaching Dictionary curriculum-evidence intake,docs/implementation/seed-data/teaching-dictionary/candidates/2026-06-29-phase-5-source-intake/uk_spelling_words_age_estimates.csv,internal/project-authored,Candidate selected from the project-authored UK spelling-age evidence list; human review required before promotion.,high,approved_for_first_exposure,active
wall_en_gb,wall,wall,en-GB,high,early_primary,low,internal_authored,Next Teaching Dictionary curriculum-evidence intake,docs/implementation/seed-data/teaching-dictionary/candidates/2026-06-29-phase-5-source-intake/uk_spelling_words_age_estimates.csv,internal/project-authored,Candidate selected from the project-authored UK spelling-age evidence list; human review required before promotion.,high,approved_for_first_exposure,active
we_ve_en_gb,we've,we've,en-GB,high,early_primary,low,internal_authored,Next Teaching Dictionary curriculum-evidence intake,docs/implementation/seed-data/teaching-dictionary/candidates/2026-06-29-phase-5-source-intake/uk_spelling_words_age_estimates.csv,internal/project-authored,Candidate selected from the project-authored UK spelling-age evidence list; human review required before promotion.,high,approved_for_first_exposure,active
wrote_en_gb,wrote,wrote,en-GB,high,early_primary,low,internal_authored,Next Teaching Dictionary curriculum-evidence intake,docs/implementation/seed-data/teaching-dictionary/candidates/2026-06-29-phase-5-source-intake/uk_spelling_words_age_estimates.csv,internal/project-authored,Candidate selected from the project-authored UK spelling-age evidence list; human review required before promotion.,high,approved_for_first_exposure,active
visit_en_gb,visit,visit,en-GB,high,early_primary,medium,internal_authored,Next Teaching Dictionary curriculum-evidence intake,docs/implementation/seed-data/teaching-dictionary/candidates/2026-06-29-phase-5-source-intake/uk_spelling_words_age_estimates.csv,internal/project-authored,Candidate selected from the project-authored UK spelling-age evidence list; human review required before promotion.,high,approved_for_first_exposure,active
recent_en_gb,recent,recent,en-GB,high,early_primary,medium,internal_authored,Next Teaching Dictionary curriculum-evidence intake,docs/implementation/seed-data/teaching-dictionary/candidates/2026-06-29-phase-5-source-intake/uk_spelling_words_age_estimates.csv,internal/project-authored,Candidate selected from the project-authored UK spelling-age evidence list; human review required before promotion.,high,approved_for_first_exposure,active
straight_en_gb,straight,straight,en-GB,high,upper_primary,medium,internal_authored,Next Teaching Dictionary curriculum-evidence intake,docs/implementation/seed-data/teaching-dictionary/candidates/2026-06-29-phase-5-source-intake/uk_spelling_words_age_estimates.csv,internal/project-authored,Candidate selected from the project-authored UK spelling-age evidence list; human review required before promotion.,high,approved_for_first_exposure,active
boys_en_gb,boys,boys,en-GB,high,early_primary,low,internal_authored,Next Teaching Dictionary curriculum-evidence intake,docs/implementation/seed-data/teaching-dictionary/candidates/2026-06-29-phase-5-source-intake/uk_spelling_words_age_estimates.csv,internal/project-authored,Candidate selected from the project-authored UK spelling-age evidence list; human review required before promotion.,high,approved_for_first_exposure,active
pain_en_gb,pain,pain,en-GB,high,middle_primary,low,internal_authored,Next Teaching Dictionary curriculum-evidence intake,docs/implementation/seed-data/teaching-dictionary/candidates/2026-06-29-phase-5-source-intake/uk_spelling_words_age_estimates.csv,internal/project-authored,Candidate selected from the project-authored UK spelling-age evidence list; human review required before promotion.,high,approved_for_first_exposure,active
married_en_gb,married,married,en-GB,high,early_primary,medium,internal_authored,Next Teaching Dictionary curriculum-evidence intake,docs/implementation/seed-data/teaching-dictionary/candidates/2026-06-29-phase-5-source-intake/uk_spelling_words_age_estimates.csv,internal/project-authored,Candidate selected from the project-authored UK spelling-age evidence list; human review required before promotion.,high,approved_for_first_exposure,active
culture_en_gb,culture,culture,en-GB,high,upper_primary,medium,internal_authored,Next Teaching Dictionary curriculum-evidence intake,docs/implementation/seed-data/teaching-dictionary/candidates/2026-06-29-phase-5-source-intake/uk_spelling_words_age_estimates.csv,internal/project-authored,Candidate selected from the project-authored UK spelling-age evidence list; human review required before promotion.,high,approved_for_first_exposure,active
february_en_gb,february,February,en-GB,high,early_primary,high,internal_authored,Next Teaching Dictionary curriculum-evidence intake,docs/implementation/seed-data/teaching-dictionary/candidates/2026-06-29-phase-5-source-intake/uk_spelling_words_age_estimates.csv,internal/project-authored,Candidate selected from the project-authored UK spelling-age evidence list; human review required before promotion.,high,approved_for_first_exposure,active
effect_en_gb,effect,effect,en-GB,high,upper_primary,medium,internal_authored,Next Teaching Dictionary curriculum-evidence intake,docs/implementation/seed-data/teaching-dictionary/candidates/2026-06-29-phase-5-source-intake/uk_spelling_words_age_estimates.csv,internal/project-authored,Candidate selected from the project-authored UK spelling-age evidence list; human review required before promotion.,high,approved_for_first_exposure,active
except_en_gb,except,except,en-GB,high,early_primary,medium,internal_authored,Next Teaching Dictionary curriculum-evidence intake,docs/implementation/seed-data/teaching-dictionary/candidates/2026-06-29-phase-5-source-intake/uk_spelling_words_age_estimates.csv,internal/project-authored,Candidate selected from the project-authored UK spelling-age evidence list; human review required before promotion.,high,approved_for_first_exposure,active
charge_en_gb,charge,charge,en-GB,high,middle_primary,low,internal_authored,Next Teaching Dictionary curriculum-evidence intake,docs/implementation/seed-data/teaching-dictionary/candidates/2026-06-29-phase-5-source-intake/uk_spelling_words_age_estimates.csv,internal/project-authored,Candidate selected from the project-authored UK spelling-age evidence list; human review required before promotion.,high,approved_for_first_exposure,active
limited_en_gb,limited,limited,en-GB,high,middle_primary,medium,internal_authored,Next Teaching Dictionary curriculum-evidence intake,docs/implementation/seed-data/teaching-dictionary/candidates/2026-06-29-phase-5-source-intake/uk_spelling_words_age_estimates.csv,internal/project-authored,Candidate selected from the project-authored UK spelling-age evidence list; human review required before promotion.,high,approved_for_first_exposure,active
century_en_gb,century,century,en-GB,high,early_primary,medium,internal_authored,Next Teaching Dictionary curriculum-evidence intake,docs/implementation/seed-data/teaching-dictionary/candidates/2026-06-29-phase-5-source-intake/uk_spelling_words_age_estimates.csv,internal/project-authored,Candidate selected from the project-authored UK spelling-age evidence list; human review required before promotion.,high,approved_for_first_exposure,active
addition_en_gb,addition,addition,en-GB,high,early_primary,high,internal_authored,Next Teaching Dictionary curriculum-evidence intake,docs/implementation/seed-data/teaching-dictionary/candidates/2026-06-29-phase-5-source-intake/uk_spelling_words_age_estimates.csv,internal/project-authored,Candidate selected from the project-authored UK spelling-age evidence list; human review required before promotion.,high,approved_for_first_exposure,active
capital_en_gb,capital,capital,en-GB,high,lower_secondary,medium,internal_authored,Next Teaching Dictionary curriculum-evidence intake,docs/implementation/seed-data/teaching-dictionary/candidates/2026-06-29-phase-5-source-intake/uk_spelling_words_age_estimates.csv,internal/project-authored,Candidate selected from the project-authored UK spelling-age evidence list; human review required before promotion.,high,approved_for_first_exposure,active
population_en_gb,population,population,en-GB,high,early_primary,high,internal_authored,Next Teaching Dictionary curriculum-evidence intake,docs/implementation/seed-data/teaching-dictionary/candidates/2026-06-29-phase-5-source-intake/uk_spelling_words_age_estimates.csv,internal/project-authored,Candidate selected from the project-authored UK spelling-age evidence list; human review required before promotion.,high,approved_for_first_exposure,active
pressure_en_gb,pressure,pressure,en-GB,high,early_primary,medium,internal_authored,Next Teaching Dictionary curriculum-evidence intake,docs/implementation/seed-data/teaching-dictionary/candidates/2026-06-29-phase-5-source-intake/uk_spelling_words_age_estimates.csv,internal/project-authored,Candidate selected from the project-authored UK spelling-age evidence list; human review required before promotion.,high,approved_for_first_exposure,active
conference_en_gb,conference,conference,en-GB,high,early_primary,high,internal_authored,Next Teaching Dictionary curriculum-evidence intake,docs/implementation/seed-data/teaching-dictionary/candidates/2026-06-29-phase-5-source-intake/uk_spelling_words_age_estimates.csv,internal/project-authored,Candidate selected from the project-authored UK spelling-age evidence list; human review required before promotion.,high,approved_for_first_exposure,active
difference_en_gb,difference,difference,en-GB,high,early_primary,high,internal_authored,Next Teaching Dictionary curriculum-evidence intake,docs/implementation/seed-data/teaching-dictionary/candidates/2026-06-29-phase-5-source-intake/uk_spelling_words_age_estimates.csv,internal/project-authored,Candidate selected from the project-authored UK spelling-age evidence list; human review required before promotion.,high,approved_for_first_exposure,active
committee_en_gb,committee,committee,en-GB,high,early_primary,high,internal_authored,Next Teaching Dictionary curriculum-evidence intake,docs/implementation/seed-data/teaching-dictionary/candidates/2026-06-29-phase-5-source-intake/uk_spelling_words_age_estimates.csv,internal/project-authored,Candidate selected from the project-authored UK spelling-age evidence list; human review required before promotion.,high,approved_for_first_exposure,active
double_en_gb,double,double,en-GB,high,early_primary,medium,internal_authored,Next Teaching Dictionary curriculum-evidence intake,docs/implementation/seed-data/teaching-dictionary/candidates/2026-06-29-phase-5-source-intake/uk_spelling_words_age_estimates.csv,internal/project-authored,Candidate selected from the project-authored UK spelling-age evidence list; human review required before promotion.,high,approved_for_first_exposure,active
island_en_gb,island,island,en-GB,high,early_primary,medium,internal_authored,Next Teaching Dictionary curriculum-evidence intake,docs/implementation/seed-data/teaching-dictionary/candidates/2026-06-29-phase-5-source-intake/uk_spelling_words_age_estimates.csv,internal/project-authored,Candidate selected from the project-authored UK spelling-age evidence list; human review required before promotion.,high,approved_for_first_exposure,active
expect_en_gb,expect,expect,en-GB,high,early_primary,medium,internal_authored,Next Teaching Dictionary curriculum-evidence intake,docs/implementation/seed-data/teaching-dictionary/candidates/2026-06-29-phase-5-source-intake/uk_spelling_words_age_estimates.csv,internal/project-authored,Candidate selected from the project-authored UK spelling-age evidence list; human review required before promotion.,high,approved_for_first_exposure,active
ice_en_gb,ice,ice,en-GB,high,early_primary,low,internal_authored,Next Teaching Dictionary curriculum-evidence intake,docs/implementation/seed-data/teaching-dictionary/candidates/2026-06-29-phase-5-source-intake/uk_spelling_words_age_estimates.csv,internal/project-authored,Candidate selected from the project-authored UK spelling-age evidence list; human review required before promotion.,high,approved_for_first_exposure,active
nearly_en_gb,nearly,nearly,en-GB,high,early_primary,medium,internal_authored,Next Teaching Dictionary curriculum-evidence intake,docs/implementation/seed-data/teaching-dictionary/candidates/2026-06-29-phase-5-source-intake/uk_spelling_words_age_estimates.csv,internal/project-authored,Candidate selected from the project-authored UK spelling-age evidence list; human review required before promotion.,high,approved_for_first_exposure,active
section_en_gb,section,section,en-GB,high,upper_primary,medium,internal_authored,Next Teaching Dictionary curriculum-evidence intake,docs/implementation/seed-data/teaching-dictionary/candidates/2026-06-29-phase-5-source-intake/uk_spelling_words_age_estimates.csv,internal/project-authored,Candidate selected from the project-authored UK spelling-age evidence list; human review required before promotion.,high,approved_for_first_exposure,active
completely_en_gb,completely,completely,en-GB,high,early_primary,high,internal_authored,Next Teaching Dictionary curriculum-evidence intake,docs/implementation/seed-data/teaching-dictionary/candidates/2026-06-29-phase-5-source-intake/uk_spelling_words_age_estimates.csv,internal/project-authored,Candidate selected from the project-authored UK spelling-age evidence list; human review required before promotion.,high,approved_for_first_exposure,active
particular_en_gb,particular,particular,en-GB,high,middle_primary,high,internal_authored,Next Teaching Dictionary curriculum-evidence intake,docs/implementation/seed-data/teaching-dictionary/candidates/2026-06-29-phase-5-source-intake/uk_spelling_words_age_estimates.csv,internal/project-authored,Candidate selected from the project-authored UK spelling-age evidence list; human review required before promotion.,high,approved_for_first_exposure,active
individual_en_gb,individual,individual,en-GB,high,early_primary,high,internal_authored,Next Teaching Dictionary curriculum-evidence intake,docs/implementation/seed-data/teaching-dictionary/candidates/2026-06-29-phase-5-source-intake/uk_spelling_words_age_estimates.csv,internal/project-authored,Candidate selected from the project-authored UK spelling-age evidence list; human review required before promotion.,high,approved_for_first_exposure,active
join_en_gb,join,join,en-GB,high,early_primary,low,internal_authored,Next Teaching Dictionary curriculum-evidence intake,docs/implementation/seed-data/teaching-dictionary/candidates/2026-06-29-phase-5-source-intake/uk_spelling_words_age_estimates.csv,internal/project-authored,Candidate selected from the project-authored UK spelling-age evidence list; human review required before promotion.,high,approved_for_first_exposure,active
sort_en_gb,sort,sort,en-GB,high,early_primary,low,internal_authored,Next Teaching Dictionary curriculum-evidence intake,docs/implementation/seed-data/teaching-dictionary/candidates/2026-06-29-phase-5-source-intake/uk_spelling_words_age_estimates.csv,internal/project-authored,Candidate selected from the project-authored UK spelling-age evidence list; human review required before promotion.,high,approved_for_first_exposure,active
travel_en_gb,travel,travel,en-GB,high,early_primary,medium,internal_authored,Next Teaching Dictionary curriculum-evidence intake,docs/implementation/seed-data/teaching-dictionary/candidates/2026-06-29-phase-5-source-intake/uk_spelling_words_age_estimates.csv,internal/project-authored,Candidate selected from the project-authored UK spelling-age evidence list; human review required before promotion.,high,approved_for_first_exposure,active
beginning_en_gb,beginning,beginning,en-GB,high,early_primary,high,internal_authored,Next Teaching Dictionary curriculum-evidence intake,docs/implementation/seed-data/teaching-dictionary/candidates/2026-06-29-phase-5-source-intake/uk_spelling_words_age_estimates.csv,internal/project-authored,Candidate selected from the project-authored UK spelling-age evidence list; human review required before promotion.,high,approved_for_first_exposure,active
campaign_en_gb,campaign,campaign,en-GB,high,early_primary,medium,internal_authored,Next Teaching Dictionary curriculum-evidence intake,docs/implementation/seed-data/teaching-dictionary/candidates/2026-06-29-phase-5-source-intake/uk_spelling_words_age_estimates.csv,internal/project-authored,Candidate selected from the project-authored UK spelling-age evidence list; human review required before promotion.,high,approved_for_first_exposure,active
drop_en_gb,drop,drop,en-GB,high,early_primary,low,internal_authored,Next Teaching Dictionary curriculum-evidence intake,docs/implementation/seed-data/teaching-dictionary/candidates/2026-06-29-phase-5-source-intake/uk_spelling_words_age_estimates.csv,internal/project-authored,Candidate selected from the project-authored UK spelling-age evidence list; human review required before promotion.,high,approved_for_first_exposure,active
consider_en_gb,consider,consider,en-GB,high,early_primary,medium,internal_authored,Next Teaching Dictionary curriculum-evidence intake,docs/implementation/seed-data/teaching-dictionary/candidates/2026-06-29-phase-5-source-intake/uk_spelling_words_age_estimates.csv,internal/project-authored,Candidate selected from the project-authored UK spelling-age evidence list; human review required before promotion.,high,approved_for_first_exposure,active
immediately_en_gb,immediately,immediately,en-GB,high,early_primary,high,internal_authored,Next Teaching Dictionary curriculum-evidence intake,docs/implementation/seed-data/teaching-dictionary/candidates/2026-06-29-phase-5-source-intake/uk_spelling_words_age_estimates.csv,internal/project-authored,Candidate selected from the project-authored UK spelling-age evidence list; human review required before promotion.,high,approved_for_first_exposure,active
minute_en_gb,minute,minute,en-GB,high,middle_primary,medium,internal_authored,Next Teaching Dictionary curriculum-evidence intake,docs/implementation/seed-data/teaching-dictionary/candidates/2026-06-29-phase-5-source-intake/uk_spelling_words_age_estimates.csv,internal/project-authored,Candidate selected from the project-authored UK spelling-age evidence list; human review required before promotion.,high,approved_for_first_exposure,active
movement_en_gb,movement,movement,en-GB,high,lower_secondary,medium,internal_authored,Next Teaching Dictionary curriculum-evidence intake,docs/implementation/seed-data/teaching-dictionary/candidates/2026-06-29-phase-5-source-intake/uk_spelling_words_age_estimates.csv,internal/project-authored,Candidate selected from the project-authored UK spelling-age evidence list; human review required before promotion.,high,approved_for_first_exposure,active
construction_en_gb,construction,construction,en-GB,high,upper_primary,high,internal_authored,Next Teaching Dictionary curriculum-evidence intake,docs/implementation/seed-data/teaching-dictionary/candidates/2026-06-29-phase-5-source-intake/uk_spelling_words_age_estimates.csv,internal/project-authored,Candidate selected from the project-authored UK spelling-age evidence list; human review required before promotion.,high,approved_for_first_exposure,active
agree_en_gb,agree,agree,en-GB,high,early_primary,medium,internal_authored,Next Teaching Dictionary curriculum-evidence intake,docs/implementation/seed-data/teaching-dictionary/candidates/2026-06-29-phase-5-source-intake/uk_spelling_words_age_estimates.csv,internal/project-authored,Candidate selected from the project-authored UK spelling-age evidence list; human review required before promotion.,high,approved_for_first_exposure,active
friday_en_gb,friday,Friday,en-GB,high,early_primary,medium,internal_authored,Next Teaching Dictionary curriculum-evidence intake,docs/implementation/seed-data/teaching-dictionary/candidates/2026-06-29-phase-5-source-intake/uk_spelling_words_age_estimates.csv,internal/project-authored,Candidate selected from the project-authored UK spelling-age evidence list; human review required before promotion.,high,approved_for_first_exposure,active
heavy_en_gb,heavy,heavy,en-GB,high,lower_secondary,medium,internal_authored,Next Teaching Dictionary curriculum-evidence intake,docs/implementation/seed-data/teaching-dictionary/candidates/2026-06-29-phase-5-source-intake/uk_spelling_words_age_estimates.csv,internal/project-authored,Candidate selected from the project-authored UK spelling-age evidence list; human review required before promotion.,high,approved_for_first_exposure,active
knowledge_en_gb,knowledge,knowledge,en-GB,high,early_primary,medium,internal_authored,Next Teaching Dictionary curriculum-evidence intake,docs/implementation/seed-data/teaching-dictionary/candidates/2026-06-29-phase-5-source-intake/uk_spelling_words_age_estimates.csv,internal/project-authored,Candidate selected from the project-authored UK spelling-age evidence list; human review required before promotion.,high,approved_for_first_exposure,active
regular_en_gb,regular,regular,en-GB,high,middle_primary,medium,internal_authored,Next Teaching Dictionary curriculum-evidence intake,docs/implementation/seed-data/teaching-dictionary/candidates/2026-06-29-phase-5-source-intake/uk_spelling_words_age_estimates.csv,internal/project-authored,Candidate selected from the project-authored UK spelling-age evidence list; human review required before promotion.,high,approved_for_first_exposure,active
opportunity_en_gb,opportunity,opportunity,en-GB,high,early_primary,high,internal_authored,Next Teaching Dictionary curriculum-evidence intake,docs/implementation/seed-data/teaching-dictionary/candidates/2026-06-29-phase-5-source-intake/uk_spelling_words_age_estimates.csv,internal/project-authored,Candidate selected from the project-authored UK spelling-age evidence list; human review required before promotion.,high,approved_for_first_exposure,active
fear_en_gb,fear,fear,en-GB,high,early_primary,low,internal_authored,Next Teaching Dictionary curriculum-evidence intake,docs/implementation/seed-data/teaching-dictionary/candidates/2026-06-29-phase-5-source-intake/uk_spelling_words_age_estimates.csv,internal/project-authored,Candidate selected from the project-authored UK spelling-age evidence list; human review required before promotion.,high,approved_for_first_exposure,active
sister_en_gb,sister,sister,en-GB,high,early_primary,medium,internal_authored,Next Teaching Dictionary curriculum-evidence intake,docs/implementation/seed-data/teaching-dictionary/candidates/2026-06-29-phase-5-source-intake/uk_spelling_words_age_estimates.csv,internal/project-authored,Candidate selected from the project-authored UK spelling-age evidence list; human review required before promotion.,high,approved_for_first_exposure,active
centre_en_gb,centre,centre,en-GB,high,lower_secondary,medium,internal_authored,Next Teaching Dictionary curriculum-evidence intake,docs/implementation/seed-data/teaching-dictionary/candidates/2026-06-29-phase-5-source-intake/uk_spelling_words_age_estimates.csv,internal/project-authored,Candidate selected from the project-authored UK spelling-age evidence list; human review required before promotion.,high,approved_for_first_exposure,active
judge_en_gb,judge,judge,en-GB,high,early_primary,low,internal_authored,Next Teaching Dictionary curriculum-evidence intake,docs/implementation/seed-data/teaching-dictionary/candidates/2026-06-29-phase-5-source-intake/uk_spelling_words_age_estimates.csv,internal/project-authored,Candidate selected from the project-authored UK spelling-age evidence list; human review required before promotion.,high,approved_for_first_exposure,active
material_en_gb,material,material,en-GB,high,early_primary,high,internal_authored,Next Teaching Dictionary curriculum-evidence intake,docs/implementation/seed-data/teaching-dictionary/candidates/2026-06-29-phase-5-source-intake/uk_spelling_words_age_estimates.csv,internal/project-authored,Candidate selected from the project-authored UK spelling-age evidence list; human review required before promotion.,high,approved_for_first_exposure,active
secretary_en_gb,secretary,secretary,en-GB,high,upper_primary,high,internal_authored,Next Teaching Dictionary curriculum-evidence intake,docs/implementation/seed-data/teaching-dictionary/candidates/2026-06-29-phase-5-source-intake/uk_spelling_words_age_estimates.csv,internal/project-authored,Candidate selected from the project-authored UK spelling-age evidence list; human review required before promotion.,high,approved_for_first_exposure,active
physical_en_gb,physical,physical,en-GB,high,early_primary,high,internal_authored,Next Teaching Dictionary curriculum-evidence intake,docs/implementation/seed-data/teaching-dictionary/candidates/2026-06-29-phase-5-source-intake/uk_spelling_words_age_estimates.csv,internal/project-authored,Candidate selected from the project-authored UK spelling-age evidence list; human review required before promotion.,high,approved_for_first_exposure,active
floor_en_gb,floor,floor,en-GB,high,early_primary,low,internal_authored,Next Teaching Dictionary curriculum-evidence intake,docs/implementation/seed-data/teaching-dictionary/candidates/2026-06-29-phase-5-source-intake/uk_spelling_words_age_estimates.csv,internal/project-authored,Candidate selected from the project-authored UK spelling-age evidence list; human review required before promotion.,high,approved_for_first_exposure,active
active_en_gb,active,active,en-GB,high,early_primary,medium,internal_authored,Next Teaching Dictionary curriculum-evidence intake,docs/implementation/seed-data/teaching-dictionary/candidates/2026-06-29-phase-5-source-intake/uk_spelling_words_age_estimates.csv,internal/project-authored,Candidate selected from the project-authored UK spelling-age evidence list; human review required before promotion.,high,approved_for_first_exposure,active
direction_en_gb,direction,direction,en-GB,high,middle_primary,high,internal_authored,Next Teaching Dictionary curriculum-evidence intake,docs/implementation/seed-data/teaching-dictionary/candidates/2026-06-29-phase-5-source-intake/uk_spelling_words_age_estimates.csv,internal/project-authored,Candidate selected from the project-authored UK spelling-age evidence list; human review required before promotion.,high,approved_for_first_exposure,active
independent_en_gb,independent,independent,en-GB,high,early_primary,high,internal_authored,Next Teaching Dictionary curriculum-evidence intake,docs/implementation/seed-data/teaching-dictionary/candidates/2026-06-29-phase-5-source-intake/uk_spelling_words_age_estimates.csv,internal/project-authored,Candidate selected from the project-authored UK spelling-age evidence list; human review required before promotion.,high,approved_for_first_exposure,active
weekend_en_gb,weekend,weekend,en-GB,high,early_primary,medium,internal_authored,Next Teaching Dictionary curriculum-evidence intake,docs/implementation/seed-data/teaching-dictionary/candidates/2026-06-29-phase-5-source-intake/uk_spelling_words_age_estimates.csv,internal/project-authored,Candidate selected from the project-authored UK spelling-age evidence list; human review required before promotion.,high,approved_for_first_exposure,active
operation_en_gb,operation,operation,en-GB,high,early_primary,high,internal_authored,Next Teaching Dictionary curriculum-evidence intake,docs/implementation/seed-data/teaching-dictionary/candidates/2026-06-29-phase-5-source-intake/uk_spelling_words_age_estimates.csv,internal/project-authored,Candidate selected from the project-authored UK spelling-age evidence list; human review required before promotion.,high,approved_for_first_exposure,active
commercial_en_gb,commercial,commercial,en-GB,high,early_primary,high,internal_authored,Next Teaching Dictionary curriculum-evidence intake,docs/implementation/seed-data/teaching-dictionary/candidates/2026-06-29-phase-5-source-intake/uk_spelling_words_age_estimates.csv,internal/project-authored,Candidate selected from the project-authored UK spelling-age evidence list; human review required before promotion.,high,approved_for_first_exposure,active
sunday_en_gb,sunday,Sunday,en-GB,high,early_primary,medium,internal_authored,Next Teaching Dictionary curriculum-evidence intake,docs/implementation/seed-data/teaching-dictionary/candidates/2026-06-29-phase-5-source-intake/uk_spelling_words_age_estimates.csv,internal/project-authored,Candidate selected from the project-authored UK spelling-age evidence list; human review required before promotion.,high,approved_for_first_exposure,active
imagine_en_gb,imagine,imagine,en-GB,high,early_primary,medium,internal_authored,Next Teaching Dictionary curriculum-evidence intake,docs/implementation/seed-data/teaching-dictionary/candidates/2026-06-29-phase-5-source-intake/uk_spelling_words_age_estimates.csv,internal/project-authored,Candidate selected from the project-authored UK spelling-age evidence list; human review required before promotion.,high,approved_for_first_exposure,active
band_en_gb,band,band,en-GB,high,early_primary,low,internal_authored,Next Teaching Dictionary curriculum-evidence intake,docs/implementation/seed-data/teaching-dictionary/candidates/2026-06-29-phase-5-source-intake/uk_spelling_words_age_estimates.csv,internal/project-authored,Candidate selected from the project-authored UK spelling-age evidence list; human review required before promotion.,high,approved_for_first_exposure,active
easily_en_gb,easily,easily,en-GB,high,early_primary,medium,internal_authored,Next Teaching Dictionary curriculum-evidence intake,docs/implementation/seed-data/teaching-dictionary/candidates/2026-06-29-phase-5-source-intake/uk_spelling_words_age_estimates.csv,internal/project-authored,Candidate selected from the project-authored UK spelling-age evidence list; human review required before promotion.,high,approved_for_first_exposure,active
competition_en_gb,competition,competition,en-GB,high,early_primary,high,internal_authored,Next Teaching Dictionary curriculum-evidence intake,docs/implementation/seed-data/teaching-dictionary/candidates/2026-06-29-phase-5-source-intake/uk_spelling_words_age_estimates.csv,internal/project-authored,Candidate selected from the project-authored UK spelling-age evidence list; human review required before promotion.,high,approved_for_first_exposure,active
necessary_en_gb,necessary,necessary,en-GB,high,early_primary,high,internal_authored,Next Teaching Dictionary curriculum-evidence intake,docs/implementation/seed-data/teaching-dictionary/candidates/2026-06-29-phase-5-source-intake/uk_spelling_words_age_estimates.csv,internal/project-authored,Candidate selected from the project-authored UK spelling-age evidence list; human review required before promotion.,high,approved_for_first_exposure,active
skin_en_gb,skin,skin,en-GB,high,early_primary,low,internal_authored,Next Teaching Dictionary curriculum-evidence intake,docs/implementation/seed-data/teaching-dictionary/candidates/2026-06-29-phase-5-source-intake/uk_spelling_words_age_estimates.csv,internal/project-authored,Candidate selected from the project-authored UK spelling-age evidence list; human review required before promotion.,high,approved_for_first_exposure,active
christmas_en_gb,christmas,Christmas,en-GB,high,early_primary,medium,internal_authored,Next Teaching Dictionary curriculum-evidence intake,docs/implementation/seed-data/teaching-dictionary/candidates/2026-06-29-phase-5-source-intake/uk_spelling_words_age_estimates.csv,internal/project-authored,Candidate selected from the project-authored UK spelling-age evidence list; human review required before promotion.,high,approved_for_first_exposure,active
address_en_gb,address,address,en-GB,high,early_primary,medium,internal_authored,Next Teaching Dictionary curriculum-evidence intake,docs/implementation/seed-data/teaching-dictionary/candidates/2026-06-29-phase-5-source-intake/uk_spelling_words_age_estimates.csv,internal/project-authored,Candidate selected from the project-authored UK spelling-age evidence list; human review required before promotion.,high,approved_for_first_exposure,active
touch_en_gb,touch,touch,en-GB,high,upper_primary,low,internal_authored,Next Teaching Dictionary curriculum-evidence intake,docs/implementation/seed-data/teaching-dictionary/candidates/2026-06-29-phase-5-source-intake/uk_spelling_words_age_estimates.csv,internal/project-authored,Candidate selected from the project-authored UK spelling-age evidence list; human review required before promotion.,high,approved_for_first_exposure,active
bought_en_gb,bought,bought,en-GB,high,early_primary,low,internal_authored,Next Teaching Dictionary curriculum-evidence intake,docs/implementation/seed-data/teaching-dictionary/candidates/2026-06-29-phase-5-source-intake/uk_spelling_words_age_estimates.csv,internal/project-authored,Candidate selected from the project-authored UK spelling-age evidence list; human review required before promotion.,high,approved_for_first_exposure,active
sweet_en_gb,sweet,sweet,en-GB,high,early_primary,low,internal_authored,Next Teaching Dictionary curriculum-evidence intake,docs/implementation/seed-data/teaching-dictionary/candidates/2026-06-29-phase-5-source-intake/uk_spelling_words_age_estimates.csv,internal/project-authored,Candidate selected from the project-authored UK spelling-age evidence list; human review required before promotion.,high,approved_for_first_exposure,active
planning_en_gb,planning,planning,en-GB,high,early_primary,medium,internal_authored,Next Teaching Dictionary curriculum-evidence intake,docs/implementation/seed-data/teaching-dictionary/candidates/2026-06-29-phase-5-source-intake/uk_spelling_words_age_estimates.csv,internal/project-authored,Candidate selected from the project-authored UK spelling-age evidence list; human review required before promotion.,high,approved_for_first_exposure,active
trip_en_gb,trip,trip,en-GB,high,upper_primary,low,internal_authored,Next Teaching Dictionary curriculum-evidence intake,docs/implementation/seed-data/teaching-dictionary/candidates/2026-06-29-phase-5-source-intake/uk_spelling_words_age_estimates.csv,internal/project-authored,Candidate selected from the project-authored UK spelling-age evidence list; human review required before promotion.,high,approved_for_first_exposure,active
caught_en_gb,caught,caught,en-GB,high,early_primary,low,internal_authored,Next Teaching Dictionary curriculum-evidence intake,docs/implementation/seed-data/teaching-dictionary/candidates/2026-06-29-phase-5-source-intake/uk_spelling_words_age_estimates.csv,internal/project-authored,Candidate selected from the project-authored UK spelling-age evidence list; human review required before promotion.,high,approved_for_first_exposure,active
notice_en_gb,notice,notice,en-GB,high,early_primary,medium,internal_authored,Next Teaching Dictionary curriculum-evidence intake,docs/implementation/seed-data/teaching-dictionary/candidates/2026-06-29-phase-5-source-intake/uk_spelling_words_age_estimates.csv,internal/project-authored,Candidate selected from the project-authored UK spelling-age evidence list; human review required before promotion.,high,approved_for_first_exposure,active
winter_en_gb,winter,winter,en-GB,high,early_primary,medium,internal_authored,Next Teaching Dictionary curriculum-evidence intake,docs/implementation/seed-data/teaching-dictionary/candidates/2026-06-29-phase-5-source-intake/uk_spelling_words_age_estimates.csv,internal/project-authored,Candidate selected from the project-authored UK spelling-age evidence list; human review required before promotion.,high,approved_for_first_exposure,active
mrs_en_gb,mrs,Mrs,en-GB,high,early_primary,low,internal_authored,Next Teaching Dictionary curriculum-evidence intake,docs/implementation/seed-data/teaching-dictionary/candidates/2026-06-29-phase-5-source-intake/uk_spelling_words_age_estimates.csv,internal/project-authored,Candidate selected from the project-authored UK spelling-age evidence list; human review required before promotion.,high,approved_for_first_exposure,active
plant_en_gb,plant,plant,en-GB,high,early_primary,low,internal_authored,Next Teaching Dictionary curriculum-evidence intake,docs/implementation/seed-data/teaching-dictionary/candidates/2026-06-29-phase-5-source-intake/uk_spelling_words_age_estimates.csv,internal/project-authored,Candidate selected from the project-authored UK spelling-age evidence list; human review required before promotion.,high,approved_for_first_exposure,active
we_ll_en_gb,we'll,we'll,en-GB,high,early_primary,low,internal_authored,Next Teaching Dictionary curriculum-evidence intake,docs/implementation/seed-data/teaching-dictionary/candidates/2026-06-29-phase-5-source-intake/uk_spelling_words_age_estimates.csv,internal/project-authored,Candidate selected from the project-authored UK spelling-age evidence list; human review required before promotion.,high,approved_for_first_exposure,active
male_en_gb,male,male,en-GB,high,early_primary,low,internal_authored,Next Teaching Dictionary curriculum-evidence intake,docs/implementation/seed-data/teaching-dictionary/candidates/2026-06-29-phase-5-source-intake/uk_spelling_words_age_estimates.csv,internal/project-authored,Candidate selected from the project-authored UK spelling-age evidence list; human review required before promotion.,high,approved_for_first_exposure,active
eventually_en_gb,eventually,eventually,en-GB,high,middle_primary,high,internal_authored,Next Teaching Dictionary curriculum-evidence intake,docs/implementation/seed-data/teaching-dictionary/candidates/2026-06-29-phase-5-source-intake/uk_spelling_words_age_estimates.csv,internal/project-authored,Candidate selected from the project-authored UK spelling-age evidence list; human review required before promotion.,high,approved_for_first_exposure,active
equipment_en_gb,equipment,equipment,en-GB,high,early_primary,high,internal_authored,Next Teaching Dictionary curriculum-evidence intake,docs/implementation/seed-data/teaching-dictionary/candidates/2026-06-29-phase-5-source-intake/uk_spelling_words_age_estimates.csv,internal/project-authored,Candidate selected from the project-authored UK spelling-age evidence list; human review required before promotion.,high,approved_for_first_exposure,active
award_en_gb,award,award,en-GB,high,early_primary,medium,internal_authored,Next Teaching Dictionary curriculum-evidence intake,docs/implementation/seed-data/teaching-dictionary/candidates/2026-06-29-phase-5-source-intake/uk_spelling_words_age_estimates.csv,internal/project-authored,Candidate selected from the project-authored UK spelling-age evidence list; human review required before promotion.,high,approved_for_first_exposure,active
nation_en_gb,nation,nation,en-GB,high,early_primary,medium,internal_authored,Next Teaching Dictionary curriculum-evidence intake,docs/implementation/seed-data/teaching-dictionary/candidates/2026-06-29-phase-5-source-intake/uk_spelling_words_age_estimates.csv,internal/project-authored,Candidate selected from the project-authored UK spelling-age evidence list; human review required before promotion.,high,approved_for_first_exposure,active
purpose_en_gb,purpose,purpose,en-GB,high,early_primary,medium,internal_authored,Next Teaching Dictionary curriculum-evidence intake,docs/implementation/seed-data/teaching-dictionary/candidates/2026-06-29-phase-5-source-intake/uk_spelling_words_age_estimates.csv,internal/project-authored,Candidate selected from the project-authored UK spelling-age evidence list; human review required before promotion.,high,approved_for_first_exposure,active
responsible_en_gb,responsible,responsible,en-GB,high,early_primary,high,internal_authored,Next Teaching Dictionary curriculum-evidence intake,docs/implementation/seed-data/teaching-dictionary/candidates/2026-06-29-phase-5-source-intake/uk_spelling_words_age_estimates.csv,internal/project-authored,Candidate selected from the project-authored UK spelling-age evidence list; human review required before promotion.,high,approved_for_first_exposure,active
advice_en_gb,advice,advice,en-GB,high,early_primary,medium,internal_authored,Next Teaching Dictionary curriculum-evidence intake,docs/implementation/seed-data/teaching-dictionary/candidates/2026-06-29-phase-5-source-intake/uk_spelling_words_age_estimates.csv,internal/project-authored,Candidate selected from the project-authored UK spelling-age evidence list; human review required before promotion.,high,approved_for_first_exposure,active
truly_en_gb,truly,truly,en-GB,high,early_primary,medium,internal_authored,Next Teaching Dictionary curriculum-evidence intake,docs/implementation/seed-data/teaching-dictionary/candidates/2026-06-29-phase-5-source-intake/uk_spelling_words_age_estimates.csv,internal/project-authored,Candidate selected from the project-authored UK spelling-age evidence list; human review required before promotion.,high,approved_for_first_exposure,active
environment_en_gb,environment,environment,en-GB,high,early_primary,high,internal_authored,Next Teaching Dictionary curriculum-evidence intake,docs/implementation/seed-data/teaching-dictionary/candidates/2026-06-29-phase-5-source-intake/uk_spelling_words_age_estimates.csv,internal/project-authored,Candidate selected from the project-authored UK spelling-age evidence list; human review required before promotion.,high,approved_for_first_exposure,active
nine_en_gb,nine,nine,en-GB,high,early_primary,low,internal_authored,Next Teaching Dictionary curriculum-evidence intake,docs/implementation/seed-data/teaching-dictionary/candidates/2026-06-29-phase-5-source-intake/uk_spelling_words_age_estimates.csv,internal/project-authored,Candidate selected from the project-authored UK spelling-age evidence list; human review required before promotion.,high,approved_for_first_exposure,active
saturday_en_gb,saturday,Saturday,en-GB,high,early_primary,high,internal_authored,Next Teaching Dictionary curriculum-evidence intake,docs/implementation/seed-data/teaching-dictionary/candidates/2026-06-29-phase-5-source-intake/uk_spelling_words_age_estimates.csv,internal/project-authored,Candidate selected from the project-authored UK spelling-age evidence list; human review required before promotion.,high,approved_for_first_exposure,active
hall_en_gb,hall,hall,en-GB,high,early_primary,low,internal_authored,Next Teaching Dictionary curriculum-evidence intake,docs/implementation/seed-data/teaching-dictionary/candidates/2026-06-29-phase-5-source-intake/uk_spelling_words_age_estimates.csv,internal/project-authored,Candidate selected from the project-authored UK spelling-age evidence list; human review required before promotion.,high,approved_for_first_exposure,active
therefore_en_gb,therefore,therefore,en-GB,high,early_primary,medium,internal_authored,Next Teaching Dictionary curriculum-evidence intake,docs/implementation/seed-data/teaching-dictionary/candidates/2026-06-29-phase-5-source-intake/uk_spelling_words_age_estimates.csv,internal/project-authored,Candidate selected from the project-authored UK spelling-age evidence list; human review required before promotion.,high,approved_for_first_exposure,active
weather_en_gb,weather,weather,en-GB,high,upper_primary,medium,internal_authored,Next Teaching Dictionary curriculum-evidence intake,docs/implementation/seed-data/teaching-dictionary/candidates/2026-06-29-phase-5-source-intake/uk_spelling_words_age_estimates.csv,internal/project-authored,Candidate selected from the project-authored UK spelling-age evidence list; human review required before promotion.,high,approved_for_first_exposure,active
application_en_gb,application,application,en-GB,high,early_primary,high,internal_authored,Next Teaching Dictionary curriculum-evidence intake,docs/implementation/seed-data/teaching-dictionary/candidates/2026-06-29-phase-5-source-intake/uk_spelling_words_age_estimates.csv,internal/project-authored,Candidate selected from the project-authored UK spelling-age evidence list; human review required before promotion.,high,approved_for_first_exposure,active
evening_en_gb,evening,evening,en-GB,high,early_primary,medium,internal_authored,Next Teaching Dictionary curriculum-evidence intake,docs/implementation/seed-data/teaching-dictionary/candidates/2026-06-29-phase-5-source-intake/uk_spelling_words_age_estimates.csv,internal/project-authored,Candidate selected from the project-authored UK spelling-age evidence list; human review required before promotion.,high,approved_for_first_exposure,active
offered_en_gb,offered,offered,en-GB,high,middle_primary,medium,internal_authored,Next Teaching Dictionary curriculum-evidence intake,docs/implementation/seed-data/teaching-dictionary/candidates/2026-06-29-phase-5-source-intake/uk_spelling_words_age_estimates.csv,internal/project-authored,Candidate selected from the project-authored UK spelling-age evidence list; human review required before promotion.,high,approved_for_first_exposure,active
who_s_en_gb,who's,who's,en-GB,high,early_primary,low,internal_authored,Next Teaching Dictionary curriculum-evidence intake,docs/implementation/seed-data/teaching-dictionary/candidates/2026-06-29-phase-5-source-intake/uk_spelling_words_age_estimates.csv,internal/project-authored,Candidate selected from the project-authored UK spelling-age evidence list; human review required before promotion.,high,approved_for_first_exposure,active
ride_en_gb,ride,ride,en-GB,high,early_primary,low,internal_authored,Next Teaching Dictionary curriculum-evidence intake,docs/implementation/seed-data/teaching-dictionary/candidates/2026-06-29-phase-5-source-intake/uk_spelling_words_age_estimates.csv,internal/project-authored,Candidate selected from the project-authored UK spelling-age evidence list; human review required before promotion.,high,approved_for_first_exposure,active
slow_en_gb,slow,slow,en-GB,high,early_primary,low,internal_authored,Next Teaching Dictionary curriculum-evidence intake,docs/implementation/seed-data/teaching-dictionary/candidates/2026-06-29-phase-5-source-intake/uk_spelling_words_age_estimates.csv,internal/project-authored,Candidate selected from the project-authored UK spelling-age evidence list; human review required before promotion.,high,approved_for_first_exposure,active
appear_en_gb,appear,appear,en-GB,high,early_primary,medium,internal_authored,Next Teaching Dictionary curriculum-evidence intake,docs/implementation/seed-data/teaching-dictionary/candidates/2026-06-29-phase-5-source-intake/uk_spelling_words_age_estimates.csv,internal/project-authored,Candidate selected from the project-authored UK spelling-age evidence list; human review required before promotion.,high,approved_for_first_exposure,active
accept_en_gb,accept,accept,en-GB,high,early_primary,medium,internal_authored,Next Teaching Dictionary curriculum-evidence intake,docs/implementation/seed-data/teaching-dictionary/candidates/2026-06-29-phase-5-source-intake/uk_spelling_words_age_estimates.csv,internal/project-authored,Candidate selected from the project-authored UK spelling-age evidence list; human review required before promotion.,high,approved_for_first_exposure,active
distance_en_gb,distance,distance,en-GB,high,early_primary,medium,internal_authored,Next Teaching Dictionary curriculum-evidence intake,docs/implementation/seed-data/teaching-dictionary/candidates/2026-06-29-phase-5-source-intake/uk_spelling_words_age_estimates.csv,internal/project-authored,Candidate selected from the project-authored UK spelling-age evidence list; human review required before promotion.,high,approved_for_first_exposure,active
species_en_gb,species,species,en-GB,high,upper_primary,medium,internal_authored,Next Teaching Dictionary curriculum-evidence intake,docs/implementation/seed-data/teaching-dictionary/candidates/2026-06-29-phase-5-source-intake/uk_spelling_words_age_estimates.csv,internal/project-authored,Candidate selected from the project-authored UK spelling-age evidence list; human review required before promotion.,high,approved_for_first_exposure,active
engine_en_gb,engine,engine,en-GB,high,early_primary,medium,internal_authored,Next Teaching Dictionary curriculum-evidence intake,docs/implementation/seed-data/teaching-dictionary/candidates/2026-06-29-phase-5-source-intake/uk_spelling_words_age_estimates.csv,internal/project-authored,Candidate selected from the project-authored UK spelling-age evidence list; human review required before promotion.,high,approved_for_first_exposure,active
everybody_en_gb,everybody,everybody,en-GB,high,early_primary,high,internal_authored,Next Teaching Dictionary curriculum-evidence intake,docs/implementation/seed-data/teaching-dictionary/candidates/2026-06-29-phase-5-source-intake/uk_spelling_words_age_estimates.csv,internal/project-authored,Candidate selected from the project-authored UK spelling-age evidence list; human review required before promotion.,high,approved_for_first_exposure,active
worry_en_gb,worry,worry,en-GB,high,early_primary,medium,internal_authored,Next Teaching Dictionary curriculum-evidence intake,docs/implementation/seed-data/teaching-dictionary/candidates/2026-06-29-phase-5-source-intake/uk_spelling_words_age_estimates.csv,internal/project-authored,Candidate selected from the project-authored UK spelling-age evidence list; human review required before promotion.,high,approved_for_first_exposure,active
begin_en_gb,begin,begin,en-GB,high,early_primary,medium,internal_authored,Next Teaching Dictionary curriculum-evidence intake,docs/implementation/seed-data/teaching-dictionary/candidates/2026-06-29-phase-5-source-intake/uk_spelling_words_age_estimates.csv,internal/project-authored,Candidate selected from the project-authored UK spelling-age evidence list; human review required before promotion.,high,approved_for_first_exposure,active
count_en_gb,count,count,en-GB,high,early_primary,low,internal_authored,Next Teaching Dictionary curriculum-evidence intake,docs/implementation/seed-data/teaching-dictionary/candidates/2026-06-29-phase-5-source-intake/uk_spelling_words_age_estimates.csv,internal/project-authored,Candidate selected from the project-authored UK spelling-age evidence list; human review required before promotion.,high,approved_for_first_exposure,active
mouth_en_gb,mouth,mouth,en-GB,high,early_primary,low,internal_authored,Next Teaching Dictionary curriculum-evidence intake,docs/implementation/seed-data/teaching-dictionary/candidates/2026-06-29-phase-5-source-intake/uk_spelling_words_age_estimates.csv,internal/project-authored,Candidate selected from the project-authored UK spelling-age evidence list; human review required before promotion.,high,approved_for_first_exposure,active
covered_en_gb,covered,covered,en-GB,high,early_primary,medium,internal_authored,Next Teaching Dictionary curriculum-evidence intake,docs/implementation/seed-data/teaching-dictionary/candidates/2026-06-29-phase-5-source-intake/uk_spelling_words_age_estimates.csv,internal/project-authored,Candidate selected from the project-authored UK spelling-age evidence list; human review required before promotion.,high,approved_for_first_exposure,active
missed_en_gb,missed,missed,en-GB,high,middle_primary,low,internal_authored,Next Teaching Dictionary curriculum-evidence intake,docs/implementation/seed-data/teaching-dictionary/candidates/2026-06-29-phase-5-source-intake/uk_spelling_words_age_estimates.csv,internal/project-authored,Candidate selected from the project-authored UK spelling-age evidence list; human review required before promotion.,high,approved_for_first_exposure,active
metal_en_gb,metal,metal,en-GB,high,early_primary,medium,internal_authored,Next Teaching Dictionary curriculum-evidence intake,docs/implementation/seed-data/teaching-dictionary/candidates/2026-06-29-phase-5-source-intake/uk_spelling_words_age_estimates.csv,internal/project-authored,Candidate selected from the project-authored UK spelling-age evidence list; human review required before promotion.,high,approved_for_first_exposure,active
shouldn_t_en_gb,shouldn't,shouldn't,en-GB,high,early_primary,medium,internal_authored,Next Teaching Dictionary curriculum-evidence intake,docs/implementation/seed-data/teaching-dictionary/candidates/2026-06-29-phase-5-source-intake/uk_spelling_words_age_estimates.csv,internal/project-authored,Candidate selected from the project-authored UK spelling-age evidence list; human review required before promotion.,high,approved_for_first_exposure,active
target_en_gb,target,target,en-GB,high,early_primary,medium,internal_authored,Next Teaching Dictionary curriculum-evidence intake,docs/implementation/seed-data/teaching-dictionary/candidates/2026-06-29-phase-5-source-intake/uk_spelling_words_age_estimates.csv,internal/project-authored,Candidate selected from the project-authored UK spelling-age evidence list; human review required before promotion.,high,approved_for_first_exposure,active
fashion_en_gb,fashion,fashion,en-GB,high,early_primary,medium,internal_authored,Next Teaching Dictionary curriculum-evidence intake,docs/implementation/seed-data/teaching-dictionary/candidates/2026-06-29-phase-5-source-intake/uk_spelling_words_age_estimates.csv,internal/project-authored,Candidate selected from the project-authored UK spelling-age evidence list; human review required before promotion.,high,approved_for_first_exposure,active
waste_en_gb,waste,waste,en-GB,high,early_primary,low,internal_authored,Next Teaching Dictionary curriculum-evidence intake,docs/implementation/seed-data/teaching-dictionary/candidates/2026-06-29-phase-5-source-intake/uk_spelling_words_age_estimates.csv,internal/project-authored,Candidate selected from the project-authored UK spelling-age evidence list; human review required before promotion.,high,approved_for_first_exposure,active
apply_en_gb,apply,apply,en-GB,high,early_primary,medium,internal_authored,Next Teaching Dictionary curriculum-evidence intake,docs/implementation/seed-data/teaching-dictionary/candidates/2026-06-29-phase-5-source-intake/uk_spelling_words_age_estimates.csv,internal/project-authored,Candidate selected from the project-authored UK spelling-age evidence list; human review required before promotion.,high,approved_for_first_exposure,active
weird_en_gb,weird,weird,en-GB,high,early_primary,low,internal_authored,Next Teaching Dictionary curriculum-evidence intake,docs/implementation/seed-data/teaching-dictionary/candidates/2026-06-29-phase-5-source-intake/uk_spelling_words_age_estimates.csv,internal/project-authored,Candidate selected from the project-authored UK spelling-age evidence list; human review required before promotion.,high,approved_for_first_exposure,active
monday_en_gb,monday,Monday,en-GB,high,early_primary,medium,internal_authored,Next Teaching Dictionary curriculum-evidence intake,docs/implementation/seed-data/teaching-dictionary/candidates/2026-06-29-phase-5-source-intake/uk_spelling_words_age_estimates.csv,internal/project-authored,Candidate selected from the project-authored UK spelling-age evidence list; human review required before promotion.,high,approved_for_first_exposure,active
happening_en_gb,happening,happening,en-GB,high,early_primary,high,internal_authored,Next Teaching Dictionary curriculum-evidence intake,docs/implementation/seed-data/teaching-dictionary/candidates/2026-06-29-phase-5-source-intake/uk_spelling_words_age_estimates.csv,internal/project-authored,Candidate selected from the project-authored UK spelling-age evidence list; human review required before promotion.,high,approved_for_first_exposure,active
strength_en_gb,strength,strength,en-GB,high,early_primary,medium,internal_authored,Next Teaching Dictionary curriculum-evidence intake,docs/implementation/seed-data/teaching-dictionary/candidates/2026-06-29-phase-5-source-intake/uk_spelling_words_age_estimates.csv,internal/project-authored,Candidate selected from the project-authored UK spelling-age evidence list; human review required before promotion.,high,approved_for_first_exposure,active
television_en_gb,television,television,en-GB,high,early_primary,high,internal_authored,Next Teaching Dictionary curriculum-evidence intake,docs/implementation/seed-data/teaching-dictionary/candidates/2026-06-29-phase-5-source-intake/uk_spelling_words_age_estimates.csv,internal/project-authored,Candidate selected from the project-authored UK spelling-age evidence list; human review required before promotion.,high,approved_for_first_exposure,active
improve_en_gb,improve,improve,en-GB,high,early_primary,medium,internal_authored,Next Teaching Dictionary curriculum-evidence intake,docs/implementation/seed-data/teaching-dictionary/candidates/2026-06-29-phase-5-source-intake/uk_spelling_words_age_estimates.csv,internal/project-authored,Candidate selected from the project-authored UK spelling-age evidence list; human review required before promotion.,high,approved_for_first_exposure,active
correct_en_gb,correct,correct,en-GB,high,early_primary,medium,internal_authored,Next Teaching Dictionary curriculum-evidence intake,docs/implementation/seed-data/teaching-dictionary/candidates/2026-06-29-phase-5-source-intake/uk_spelling_words_age_estimates.csv,internal/project-authored,Candidate selected from the project-authored UK spelling-age evidence list; human review required before promotion.,high,approved_for_first_exposure,active
trouble_en_gb,trouble,trouble,en-GB,high,early_primary,medium,internal_authored,Next Teaching Dictionary curriculum-evidence intake,docs/implementation/seed-data/teaching-dictionary/candidates/2026-06-29-phase-5-source-intake/uk_spelling_words_age_estimates.csv,internal/project-authored,Candidate selected from the project-authored UK spelling-age evidence list; human review required before promotion.,high,approved_for_first_exposure,active
wood_en_gb,wood,wood,en-GB,high,early_primary,low,internal_authored,Next Teaching Dictionary curriculum-evidence intake,docs/implementation/seed-data/teaching-dictionary/candidates/2026-06-29-phase-5-source-intake/uk_spelling_words_age_estimates.csv,internal/project-authored,Candidate selected from the project-authored UK spelling-age evidence list; human review required before promotion.,high,approved_for_first_exposure,active
decide_en_gb,decide,decide,en-GB,high,early_primary,medium,internal_authored,Next Teaching Dictionary curriculum-evidence intake,docs/implementation/seed-data/teaching-dictionary/candidates/2026-06-29-phase-5-source-intake/uk_spelling_words_age_estimates.csv,internal/project-authored,Candidate selected from the project-authored UK spelling-age evidence list; human review required before promotion.,high,approved_for_first_exposure,active
lucky_en_gb,lucky,lucky,en-GB,high,early_primary,medium,internal_authored,Next Teaching Dictionary curriculum-evidence intake,docs/implementation/seed-data/teaching-dictionary/candidates/2026-06-29-phase-5-source-intake/uk_spelling_words_age_estimates.csv,internal/project-authored,Candidate selected from the project-authored UK spelling-age evidence list; human review required before promotion.,high,approved_for_first_exposure,active
possibly_en_gb,possibly,possibly,en-GB,high,early_primary,high,internal_authored,Next Teaching Dictionary curriculum-evidence intake,docs/implementation/seed-data/teaching-dictionary/candidates/2026-06-29-phase-5-source-intake/uk_spelling_words_age_estimates.csv,internal/project-authored,Candidate selected from the project-authored UK spelling-age evidence list; human review required before promotion.,high,approved_for_first_exposure,active
dear_en_gb,dear,dear,en-GB,high,early_primary,low,internal_authored,Next Teaching Dictionary curriculum-evidence intake,docs/implementation/seed-data/teaching-dictionary/candidates/2026-06-29-phase-5-source-intake/uk_spelling_words_age_estimates.csv,internal/project-authored,Candidate selected from the project-authored UK spelling-age evidence list; human review required before promotion.,high,approved_for_first_exposure,active
length_en_gb,length,length,en-GB,high,early_primary,low,internal_authored,Next Teaching Dictionary curriculum-evidence intake,docs/implementation/seed-data/teaching-dictionary/candidates/2026-06-29-phase-5-source-intake/uk_spelling_words_age_estimates.csv,internal/project-authored,Candidate selected from the project-authored UK spelling-age evidence list; human review required before promotion.,high,approved_for_first_exposure,active
patient_en_gb,patient,patient,en-GB,high,early_primary,medium,internal_authored,Next Teaching Dictionary curriculum-evidence intake,docs/implementation/seed-data/teaching-dictionary/candidates/2026-06-29-phase-5-source-intake/uk_spelling_words_age_estimates.csv,internal/project-authored,Candidate selected from the project-authored UK spelling-age evidence list; human review required before promotion.,high,approved_for_first_exposure,active
they_ve_en_gb,they've,they've,en-GB,high,early_primary,medium,internal_authored,Next Teaching Dictionary curriculum-evidence intake,docs/implementation/seed-data/teaching-dictionary/candidates/2026-06-29-phase-5-source-intake/uk_spelling_words_age_estimates.csv,internal/project-authored,Candidate selected from the project-authored UK spelling-age evidence list; human review required before promotion.,high,approved_for_first_exposure,active
co_author_en_gb,co-author,co-author,en-GB,high,middle_primary,medium,internal_authored,Next Teaching Dictionary curriculum-evidence intake,docs/implementation/seed-data/teaching-dictionary/candidates/2026-06-29-phase-5-source-intake/uk_spelling_words_age_estimates.csv,internal/project-authored,Candidate selected from the project-authored UK spelling-age evidence list; human review required before promotion.,high,approved_for_first_exposure,active
vehicle_en_gb,vehicle,vehicle,en-GB,high,early_primary,medium,internal_authored,Next Teaching Dictionary curriculum-evidence intake,docs/implementation/seed-data/teaching-dictionary/candidates/2026-06-29-phase-5-source-intake/uk_spelling_words_age_estimates.csv,internal/project-authored,Candidate selected from the project-authored UK spelling-age evidence list; human review required before promotion.,high,approved_for_first_exposure,active
conversation_en_gb,conversation,conversation,en-GB,high,early_primary,high,internal_authored,Next Teaching Dictionary curriculum-evidence intake,docs/implementation/seed-data/teaching-dictionary/candidates/2026-06-29-phase-5-source-intake/uk_spelling_words_age_estimates.csv,internal/project-authored,Candidate selected from the project-authored UK spelling-age evidence list; human review required before promotion.,high,approved_for_first_exposure,active
variety_en_gb,variety,variety,en-GB,high,early_primary,high,internal_authored,Next Teaching Dictionary curriculum-evidence intake,docs/implementation/seed-data/teaching-dictionary/candidates/2026-06-29-phase-5-source-intake/uk_spelling_words_age_estimates.csv,internal/project-authored,Candidate selected from the project-authored UK spelling-age evidence list; human review required before promotion.,high,approved_for_first_exposure,active
violence_en_gb,violence,violence,en-GB,high,early_primary,high,internal_authored,Next Teaching Dictionary curriculum-evidence intake,docs/implementation/seed-data/teaching-dictionary/candidates/2026-06-29-phase-5-source-intake/uk_spelling_words_age_estimates.csv,internal/project-authored,Candidate selected from the project-authored UK spelling-age evidence list; human review required before promotion.,high,approved_for_first_exposure,active
farm_en_gb,farm,farm,en-GB,high,early_primary,low,internal_authored,Next Teaching Dictionary curriculum-evidence intake,docs/implementation/seed-data/teaching-dictionary/candidates/2026-06-29-phase-5-source-intake/uk_spelling_words_age_estimates.csv,internal/project-authored,Candidate selected from the project-authored UK spelling-age evidence list; human review required before promotion.,high,approved_for_first_exposure,active
surprise_en_gb,surprise,surprise,en-GB,high,early_primary,medium,internal_authored,Next Teaching Dictionary curriculum-evidence intake,docs/implementation/seed-data/teaching-dictionary/candidates/2026-06-29-phase-5-source-intake/uk_spelling_words_age_estimates.csv,internal/project-authored,Candidate selected from the project-authored UK spelling-age evidence list; human review required before promotion.,high,approved_for_first_exposure,active
beauty_en_gb,beauty,beauty,en-GB,high,early_primary,medium,internal_authored,Next Teaching Dictionary curriculum-evidence intake,docs/implementation/seed-data/teaching-dictionary/candidates/2026-06-29-phase-5-source-intake/uk_spelling_words_age_estimates.csv,internal/project-authored,Candidate selected from the project-authored UK spelling-age evidence list; human review required before promotion.,high,approved_for_first_exposure,active
guide_en_gb,guide,guide,en-GB,high,early_primary,low,internal_authored,Next Teaching Dictionary curriculum-evidence intake,docs/implementation/seed-data/teaching-dictionary/candidates/2026-06-29-phase-5-source-intake/uk_spelling_words_age_estimates.csv,internal/project-authored,Candidate selected from the project-authored UK spelling-age evidence list; human review required before promotion.,high,approved_for_first_exposure,active
develop_en_gb,develop,develop,en-GB,high,early_primary,medium,internal_authored,Next Teaching Dictionary curriculum-evidence intake,docs/implementation/seed-data/teaching-dictionary/candidates/2026-06-29-phase-5-source-intake/uk_spelling_words_age_estimates.csv,internal/project-authored,Candidate selected from the project-authored UK spelling-age evidence list; human review required before promotion.,high,approved_for_first_exposure,active
suggest_en_gb,suggest,suggest,en-GB,high,early_primary,medium,internal_authored,Next Teaching Dictionary curriculum-evidence intake,docs/implementation/seed-data/teaching-dictionary/candidates/2026-06-29-phase-5-source-intake/uk_spelling_words_age_estimates.csv,internal/project-authored,Candidate selected from the project-authored UK spelling-age evidence list; human review required before promotion.,high,approved_for_first_exposure,active
lovely_en_gb,lovely,lovely,en-GB,high,early_primary,medium,internal_authored,Next Teaching Dictionary curriculum-evidence intake,docs/implementation/seed-data/teaching-dictionary/candidates/2026-06-29-phase-5-source-intake/uk_spelling_words_age_estimates.csv,internal/project-authored,Candidate selected from the project-authored UK spelling-age evidence list; human review required before promotion.,high,approved_for_first_exposure,active
reference_en_gb,reference,reference,en-GB,high,middle_primary,high,internal_authored,Next Teaching Dictionary curriculum-evidence intake,docs/implementation/seed-data/teaching-dictionary/candidates/2026-06-29-phase-5-source-intake/uk_spelling_words_age_estimates.csv,internal/project-authored,Candidate selected from the project-authored UK spelling-age evidence list; human review required before promotion.,high,approved_for_first_exposure,active
appreciate_en_gb,appreciate,appreciate,en-GB,high,early_primary,high,internal_authored,Next Teaching Dictionary curriculum-evidence intake,docs/implementation/seed-data/teaching-dictionary/candidates/2026-06-29-phase-5-source-intake/uk_spelling_words_age_estimates.csv,internal/project-authored,Candidate selected from the project-authored UK spelling-age evidence list; human review required before promotion.,high,approved_for_first_exposure,active
dry_en_gb,dry,dry,en-GB,high,upper_primary,low,internal_authored,Next Teaching Dictionary curriculum-evidence intake,docs/implementation/seed-data/teaching-dictionary/candidates/2026-06-29-phase-5-source-intake/uk_spelling_words_age_estimates.csv,internal/project-authored,Candidate selected from the project-authored UK spelling-age evidence list; human review required before promotion.,high,approved_for_first_exposure,active
evil_en_gb,evil,evil,en-GB,high,early_primary,low,internal_authored,Next Teaching Dictionary curriculum-evidence intake,docs/implementation/seed-data/teaching-dictionary/candidates/2026-06-29-phase-5-source-intake/uk_spelling_words_age_estimates.csv,internal/project-authored,Candidate selected from the project-authored UK spelling-age evidence list; human review required before promotion.,high,approved_for_first_exposure,active
parliament_en_gb,parliament,parliament,en-GB,high,early_primary,high,internal_authored,Next Teaching Dictionary curriculum-evidence intake,docs/implementation/seed-data/teaching-dictionary/candidates/2026-06-29-phase-5-source-intake/uk_spelling_words_age_estimates.csv,internal/project-authored,Candidate selected from the project-authored UK spelling-age evidence list; human review required before promotion.,high,approved_for_first_exposure,active
closer_en_gb,closer,closer,en-GB,high,early_primary,medium,internal_authored,Next Teaching Dictionary curriculum-evidence intake,docs/implementation/seed-data/teaching-dictionary/candidates/2026-06-29-phase-5-source-intake/uk_spelling_words_age_estimates.csv,internal/project-authored,Candidate selected from the project-authored UK spelling-age evidence list; human review required before promotion.,high,approved_for_first_exposure,active
reaction_en_gb,reaction,reaction,en-GB,high,early_primary,high,internal_authored,Next Teaching Dictionary curriculum-evidence intake,docs/implementation/seed-data/teaching-dictionary/candidates/2026-06-29-phase-5-source-intake/uk_spelling_words_age_estimates.csv,internal/project-authored,Candidate selected from the project-authored UK spelling-age evidence list; human review required before promotion.,high,approved_for_first_exposure,active
excellent_en_gb,excellent,excellent,en-GB,high,early_primary,high,internal_authored,Next Teaching Dictionary curriculum-evidence intake,docs/implementation/seed-data/teaching-dictionary/candidates/2026-06-29-phase-5-source-intake/uk_spelling_words_age_estimates.csv,internal/project-authored,Candidate selected from the project-authored UK spelling-age evidence list; human review required before promotion.,high,approved_for_first_exposure,active
arm_en_gb,arm,arm,en-GB,high,early_primary,low,internal_authored,Next Teaching Dictionary curriculum-evidence intake,docs/implementation/seed-data/teaching-dictionary/candidates/2026-06-29-phase-5-source-intake/uk_spelling_words_age_estimates.csv,internal/project-authored,Candidate selected from the project-authored UK spelling-age evidence list; human review required before promotion.,high,approved_for_first_exposure,active
sport_en_gb,sport,sport,en-GB,high,lower_secondary,low,internal_authored,Next Teaching Dictionary curriculum-evidence intake,docs/implementation/seed-data/teaching-dictionary/candidates/2026-06-29-phase-5-source-intake/uk_spelling_words_age_estimates.csv,internal/project-authored,Candidate selected from the project-authored UK spelling-age evidence list; human review required before promotion.,high,approved_for_first_exposure,active
tea_en_gb,tea,tea,en-GB,high,early_primary,low,internal_authored,Next Teaching Dictionary curriculum-evidence intake,docs/implementation/seed-data/teaching-dictionary/candidates/2026-06-29-phase-5-source-intake/uk_spelling_words_age_estimates.csv,internal/project-authored,Candidate selected from the project-authored UK spelling-age evidence list; human review required before promotion.,high,approved_for_first_exposure,active
dropped_en_gb,dropped,dropped,en-GB,high,early_primary,medium,internal_authored,Next Teaching Dictionary curriculum-evidence intake,docs/implementation/seed-data/teaching-dictionary/candidates/2026-06-29-phase-5-source-intake/uk_spelling_words_age_estimates.csv,internal/project-authored,Candidate selected from the project-authored UK spelling-age evidence list; human review required before promotion.,high,approved_for_first_exposure,active
guard_en_gb,guard,guard,en-GB,high,early_primary,low,internal_authored,Next Teaching Dictionary curriculum-evidence intake,docs/implementation/seed-data/teaching-dictionary/candidates/2026-06-29-phase-5-source-intake/uk_spelling_words_age_estimates.csv,internal/project-authored,Candidate selected from the project-authored UK spelling-age evidence list; human review required before promotion.,high,approved_for_first_exposure,active
medicine_en_gb,medicine,medicine,en-GB,high,early_primary,medium,internal_authored,Next Teaching Dictionary curriculum-evidence intake,docs/implementation/seed-data/teaching-dictionary/candidates/2026-06-29-phase-5-source-intake/uk_spelling_words_age_estimates.csv,internal/project-authored,Candidate selected from the project-authored UK spelling-age evidence list; human review required before promotion.,high,approved_for_first_exposure,active
assistant_en_gb,assistant,assistant,en-GB,high,early_primary,high,internal_authored,Next Teaching Dictionary curriculum-evidence intake,docs/implementation/seed-data/teaching-dictionary/candidates/2026-06-29-phase-5-source-intake/uk_spelling_words_age_estimates.csv,internal/project-authored,Candidate selected from the project-authored UK spelling-age evidence list; human review required before promotion.,high,approved_for_first_exposure,active
pair_en_gb,pair,pair,en-GB,high,early_primary,low,internal_authored,Next Teaching Dictionary curriculum-evidence intake,docs/implementation/seed-data/teaching-dictionary/candidates/2026-06-29-phase-5-source-intake/uk_spelling_words_age_estimates.csv,internal/project-authored,Candidate selected from the project-authored UK spelling-age evidence list; human review required before promotion.,high,approved_for_first_exposure,active
clothes_en_gb,clothes,clothes,en-GB,high,early_primary,medium,internal_authored,Next Teaching Dictionary curriculum-evidence intake,docs/implementation/seed-data/teaching-dictionary/candidates/2026-06-29-phase-5-source-intake/uk_spelling_words_age_estimates.csv,internal/project-authored,Candidate selected from the project-authored UK spelling-age evidence list; human review required before promotion.,high,approved_for_first_exposure,active
prince_en_gb,prince,prince,en-GB,high,early_primary,low,internal_authored,Next Teaching Dictionary curriculum-evidence intake,docs/implementation/seed-data/teaching-dictionary/candidates/2026-06-29-phase-5-source-intake/uk_spelling_words_age_estimates.csv,internal/project-authored,Candidate selected from the project-authored UK spelling-age evidence list; human review required before promotion.,high,approved_for_first_exposure,active
session_en_gb,session,session,en-GB,high,early_primary,medium,internal_authored,Next Teaching Dictionary curriculum-evidence intake,docs/implementation/seed-data/teaching-dictionary/candidates/2026-06-29-phase-5-source-intake/uk_spelling_words_age_estimates.csv,internal/project-authored,Candidate selected from the project-authored UK spelling-age evidence list; human review required before promotion.,high,approved_for_first_exposure,active
mail_en_gb,mail,mail,en-GB,high,upper_primary,low,internal_authored,Next Teaching Dictionary curriculum-evidence intake,docs/implementation/seed-data/teaching-dictionary/candidates/2026-06-29-phase-5-source-intake/uk_spelling_words_age_estimates.csv,internal/project-authored,Candidate selected from the project-authored UK spelling-age evidence list; human review required before promotion.,high,approved_for_first_exposure,active
transfer_en_gb,transfer,transfer,en-GB,high,early_primary,medium,internal_authored,Next Teaching Dictionary curriculum-evidence intake,docs/implementation/seed-data/teaching-dictionary/candidates/2026-06-29-phase-5-source-intake/uk_spelling_words_age_estimates.csv,internal/project-authored,Candidate selected from the project-authored UK spelling-age evidence list; human review required before promotion.,high,approved_for_first_exposure,active
discussion_en_gb,discussion,discussion,en-GB,high,early_primary,high,internal_authored,Next Teaching Dictionary curriculum-evidence intake,docs/implementation/seed-data/teaching-dictionary/candidates/2026-06-29-phase-5-source-intake/uk_spelling_words_age_estimates.csv,internal/project-authored,Candidate selected from the project-authored UK spelling-age evidence list; human review required before promotion.,high,approved_for_first_exposure,active
terrible_en_gb,terrible,terrible,en-GB,high,early_primary,high,internal_authored,Next Teaching Dictionary curriculum-evidence intake,docs/implementation/seed-data/teaching-dictionary/candidates/2026-06-29-phase-5-source-intake/uk_spelling_words_age_estimates.csv,internal/project-authored,Candidate selected from the project-authored UK spelling-age evidence list; human review required before promotion.,high,approved_for_first_exposure,active
bear_en_gb,bear,bear,en-GB,high,upper_primary,low,internal_authored,Next Teaching Dictionary curriculum-evidence intake,docs/implementation/seed-data/teaching-dictionary/candidates/2026-06-29-phase-5-source-intake/uk_spelling_words_age_estimates.csv,internal/project-authored,Candidate selected from the project-authored UK spelling-age evidence list; human review required before promotion.,high,approved_for_first_exposure,active
hasn_t_en_gb,hasn't,hasn't,en-GB,high,early_primary,medium,internal_authored,Next Teaching Dictionary curriculum-evidence intake,docs/implementation/seed-data/teaching-dictionary/candidates/2026-06-29-phase-5-source-intake/uk_spelling_words_age_estimates.csv,internal/project-authored,Candidate selected from the project-authored UK spelling-age evidence list; human review required before promotion.,high,approved_for_first_exposure,active
accident_en_gb,accident,accident,en-GB,high,early_primary,medium,internal_authored,Next Teaching Dictionary curriculum-evidence intake,docs/implementation/seed-data/teaching-dictionary/candidates/2026-06-29-phase-5-source-intake/uk_spelling_words_age_estimates.csv,internal/project-authored,Candidate selected from the project-authored UK spelling-age evidence list; human review required before promotion.,high,approved_for_first_exposure,active
steel_en_gb,steel,steel,en-GB,high,early_primary,low,internal_authored,Next Teaching Dictionary curriculum-evidence intake,docs/implementation/seed-data/teaching-dictionary/candidates/2026-06-29-phase-5-source-intake/uk_spelling_words_age_estimates.csv,internal/project-authored,Candidate selected from the project-authored UK spelling-age evidence list; human review required before promotion.,high,approved_for_first_exposure,active
intelligence_en_gb,intelligence,intelligence,en-GB,high,upper_primary,high,internal_authored,Next Teaching Dictionary curriculum-evidence intake,docs/implementation/seed-data/teaching-dictionary/candidates/2026-06-29-phase-5-source-intake/uk_spelling_words_age_estimates.csv,internal/project-authored,Candidate selected from the project-authored UK spelling-age evidence list; human review required before promotion.,high,approved_for_first_exposure,active
crew_en_gb,crew,crew,en-GB,high,early_primary,low,internal_authored,Next Teaching Dictionary curriculum-evidence intake,docs/implementation/seed-data/teaching-dictionary/candidates/2026-06-29-phase-5-source-intake/uk_spelling_words_age_estimates.csv,internal/project-authored,Candidate selected from the project-authored UK spelling-age evidence list; human review required before promotion.,high,approved_for_first_exposure,active
limit_en_gb,limit,limit,en-GB,high,early_primary,medium,internal_authored,Next Teaching Dictionary curriculum-evidence intake,docs/implementation/seed-data/teaching-dictionary/candidates/2026-06-29-phase-5-source-intake/uk_spelling_words_age_estimates.csv,internal/project-authored,Candidate selected from the project-authored UK spelling-age evidence list; human review required before promotion.,high,approved_for_first_exposure,active
profit_en_gb,profit,profit,en-GB,high,early_primary,medium,internal_authored,Next Teaching Dictionary curriculum-evidence intake,docs/implementation/seed-data/teaching-dictionary/candidates/2026-06-29-phase-5-source-intake/uk_spelling_words_age_estimates.csv,internal/project-authored,Candidate selected from the project-authored UK spelling-age evidence list; human review required before promotion.,high,approved_for_first_exposure,active
survey_en_gb,survey,survey,en-GB,high,early_primary,medium,internal_authored,Next Teaching Dictionary curriculum-evidence intake,docs/implementation/seed-data/teaching-dictionary/candidates/2026-06-29-phase-5-source-intake/uk_spelling_words_age_estimates.csv,internal/project-authored,Candidate selected from the project-authored UK spelling-age evidence list; human review required before promotion.,high,approved_for_first_exposure,active
chair_en_gb,chair,chair,en-GB,high,middle_primary,low,internal_authored,Next Teaching Dictionary curriculum-evidence intake,docs/implementation/seed-data/teaching-dictionary/candidates/2026-06-29-phase-5-source-intake/uk_spelling_words_age_estimates.csv,internal/project-authored,Candidate selected from the project-authored UK spelling-age evidence list; human review required before promotion.,high,approved_for_first_exposure,active
grew_en_gb,grew,grew,en-GB,high,early_primary,low,internal_authored,Next Teaching Dictionary curriculum-evidence intake,docs/implementation/seed-data/teaching-dictionary/candidates/2026-06-29-phase-5-source-intake/uk_spelling_words_age_estimates.csv,internal/project-authored,Candidate selected from the project-authored UK spelling-age evidence list; human review required before promotion.,high,approved_for_first_exposure,active
launch_en_gb,launch,launch,en-GB,high,middle_primary,low,internal_authored,Next Teaching Dictionary curriculum-evidence intake,docs/implementation/seed-data/teaching-dictionary/candidates/2026-06-29-phase-5-source-intake/uk_spelling_words_age_estimates.csv,internal/project-authored,Candidate selected from the project-authored UK spelling-age evidence list; human review required before promotion.,high,approved_for_first_exposure,active
shopping_en_gb,shopping,shopping,en-GB,high,early_primary,medium,internal_authored,Next Teaching Dictionary curriculum-evidence intake,docs/implementation/seed-data/teaching-dictionary/candidates/2026-06-29-phase-5-source-intake/uk_spelling_words_age_estimates.csv,internal/project-authored,Candidate selected from the project-authored UK spelling-age evidence list; human review required before promotion.,high,approved_for_first_exposure,active
sugar_en_gb,sugar,sugar,en-GB,high,early_primary,medium,internal_authored,Next Teaching Dictionary curriculum-evidence intake,docs/implementation/seed-data/teaching-dictionary/candidates/2026-06-29-phase-5-source-intake/uk_spelling_words_age_estimates.csv,internal/project-authored,Candidate selected from the project-authored UK spelling-age evidence list; human review required before promotion.,high,approved_for_first_exposure,active
weren_t_en_gb,weren't,weren't,en-GB,high,early_primary,medium,internal_authored,Next Teaching Dictionary curriculum-evidence intake,docs/implementation/seed-data/teaching-dictionary/candidates/2026-06-29-phase-5-source-intake/uk_spelling_words_age_estimates.csv,internal/project-authored,Candidate selected from the project-authored UK spelling-age evidence list; human review required before promotion.,high,approved_for_first_exposure,active
ending_en_gb,ending,ending,en-GB,high,early_primary,medium,internal_authored,Next Teaching Dictionary curriculum-evidence intake,docs/implementation/seed-data/teaching-dictionary/candidates/2026-06-29-phase-5-source-intake/uk_spelling_words_age_estimates.csv,internal/project-authored,Candidate selected from the project-authored UK spelling-age evidence list; human review required before promotion.,high,approved_for_first_exposure,active
exercise_en_gb,exercise,exercise,en-GB,high,middle_primary,medium,internal_authored,Next Teaching Dictionary curriculum-evidence intake,docs/implementation/seed-data/teaching-dictionary/candidates/2026-06-29-phase-5-source-intake/uk_spelling_words_age_estimates.csv,internal/project-authored,Candidate selected from the project-authored UK spelling-age evidence list; human review required before promotion.,high,approved_for_first_exposure,active
ancient_en_gb,ancient,ancient,en-GB,high,early_primary,medium,internal_authored,Next Teaching Dictionary curriculum-evidence intake,docs/implementation/seed-data/teaching-dictionary/candidates/2026-06-29-phase-5-source-intake/uk_spelling_words_age_estimates.csv,internal/project-authored,Candidate selected from the project-authored UK spelling-age evidence list; human review required before promotion.,high,approved_for_first_exposure,active
restaurant_en_gb,restaurant,restaurant,en-GB,high,early_primary,high,internal_authored,Next Teaching Dictionary curriculum-evidence intake,docs/implementation/seed-data/teaching-dictionary/candidates/2026-06-29-phase-5-source-intake/uk_spelling_words_age_estimates.csv,internal/project-authored,Candidate selected from the project-authored UK spelling-age evidence list; human review required before promotion.,high,approved_for_first_exposure,active
re_enter_en_gb,re-enter,re-enter,en-GB,high,early_primary,medium,internal_authored,Next Teaching Dictionary curriculum-evidence intake,docs/implementation/seed-data/teaching-dictionary/candidates/2026-06-29-phase-5-source-intake/uk_spelling_words_age_estimates.csv,internal/project-authored,Candidate selected from the project-authored UK spelling-age evidence list; human review required before promotion.,high,approved_for_first_exposure,active
device_en_gb,device,device,en-GB,high,upper_primary,medium,internal_authored,Next Teaching Dictionary curriculum-evidence intake,docs/implementation/seed-data/teaching-dictionary/candidates/2026-06-29-phase-5-source-intake/uk_spelling_words_age_estimates.csv,internal/project-authored,Candidate selected from the project-authored UK spelling-age evidence list; human review required before promotion.,high,approved_for_first_exposure,active
comfortable_en_gb,comfortable,comfortable,en-GB,high,early_primary,high,internal_authored,Next Teaching Dictionary curriculum-evidence intake,docs/implementation/seed-data/teaching-dictionary/candidates/2026-06-29-phase-5-source-intake/uk_spelling_words_age_estimates.csv,internal/project-authored,Candidate selected from the project-authored UK spelling-age evidence list; human review required before promotion.,high,approved_for_first_exposure,active
hole_en_gb,hole,hole,en-GB,high,early_primary,low,internal_authored,Next Teaching Dictionary curriculum-evidence intake,docs/implementation/seed-data/teaching-dictionary/candidates/2026-06-29-phase-5-source-intake/uk_spelling_words_age_estimates.csv,internal/project-authored,Candidate selected from the project-authored UK spelling-age evidence list; human review required before promotion.,high,approved_for_first_exposure,active
angry_en_gb,angry,angry,en-GB,high,early_primary,medium,internal_authored,Next Teaching Dictionary curriculum-evidence intake,docs/implementation/seed-data/teaching-dictionary/candidates/2026-06-29-phase-5-source-intake/uk_spelling_words_age_estimates.csv,internal/project-authored,Candidate selected from the project-authored UK spelling-age evidence list; human review required before promotion.,high,approved_for_first_exposure,active
listening_en_gb,listening,listening,en-GB,high,early_primary,high,internal_authored,Next Teaching Dictionary curriculum-evidence intake,docs/implementation/seed-data/teaching-dictionary/candidates/2026-06-29-phase-5-source-intake/uk_spelling_words_age_estimates.csv,internal/project-authored,Candidate selected from the project-authored UK spelling-age evidence list; human review required before promotion.,high,approved_for_first_exposure,active
numerous_en_gb,numerous,numerous,en-GB,high,early_primary,high,internal_authored,Next Teaching Dictionary curriculum-evidence intake,docs/implementation/seed-data/teaching-dictionary/candidates/2026-06-29-phase-5-source-intake/uk_spelling_words_age_estimates.csv,internal/project-authored,Candidate selected from the project-authored UK spelling-age evidence list; human review required before promotion.,high,approved_for_first_exposure,active
focused_en_gb,focused,focused,en-GB,high,middle_primary,medium,internal_authored,Next Teaching Dictionary curriculum-evidence intake,docs/implementation/seed-data/teaching-dictionary/candidates/2026-06-29-phase-5-source-intake/uk_spelling_words_age_estimates.csv,internal/project-authored,Candidate selected from the project-authored UK spelling-age evidence list; human review required before promotion.,high,approved_for_first_exposure,active
confidence_en_gb,confidence,confidence,en-GB,high,early_primary,high,internal_authored,Next Teaching Dictionary curriculum-evidence intake,docs/implementation/seed-data/teaching-dictionary/candidates/2026-06-29-phase-5-source-intake/uk_spelling_words_age_estimates.csv,internal/project-authored,Candidate selected from the project-authored UK spelling-age evidence list; human review required before promotion.,high,approved_for_first_exposure,active
identity_en_gb,identity,identity,en-GB,high,middle_primary,high,internal_authored,Next Teaching Dictionary curriculum-evidence intake,docs/implementation/seed-data/teaching-dictionary/candidates/2026-06-29-phase-5-source-intake/uk_spelling_words_age_estimates.csv,internal/project-authored,Candidate selected from the project-authored UK spelling-age evidence list; human review required before promotion.,high,approved_for_first_exposure,active
cook_en_gb,cook,cook,en-GB,high,early_primary,low,internal_authored,Next Teaching Dictionary curriculum-evidence intake,docs/implementation/seed-data/teaching-dictionary/candidates/2026-06-29-phase-5-source-intake/uk_spelling_words_age_estimates.csv,internal/project-authored,Candidate selected from the project-authored UK spelling-age evidence list; human review required before promotion.,high,approved_for_first_exposure,active
kitchen_en_gb,kitchen,kitchen,en-GB,high,early_primary,medium,internal_authored,Next Teaching Dictionary curriculum-evidence intake,docs/implementation/seed-data/teaching-dictionary/candidates/2026-06-29-phase-5-source-intake/uk_spelling_words_age_estimates.csv,internal/project-authored,Candidate selected from the project-authored UK spelling-age evidence list; human review required before promotion.,high,approved_for_first_exposure,active
measure_en_gb,measure,measure,en-GB,high,middle_primary,medium,internal_authored,Next Teaching Dictionary curriculum-evidence intake,docs/implementation/seed-data/teaching-dictionary/candidates/2026-06-29-phase-5-source-intake/uk_spelling_words_age_estimates.csv,internal/project-authored,Candidate selected from the project-authored UK spelling-age evidence list; human review required before promotion.,high,approved_for_first_exposure,active
quiet_en_gb,quiet,quiet,en-GB,high,early_primary,medium,internal_authored,Next Teaching Dictionary curriculum-evidence intake,docs/implementation/seed-data/teaching-dictionary/candidates/2026-06-29-phase-5-source-intake/uk_spelling_words_age_estimates.csv,internal/project-authored,Candidate selected from the project-authored UK spelling-age evidence list; human review required before promotion.,high,approved_for_first_exposure,active
committed_en_gb,committed,committed,en-GB,high,middle_primary,high,internal_authored,Next Teaching Dictionary curriculum-evidence intake,docs/implementation/seed-data/teaching-dictionary/candidates/2026-06-29-phase-5-source-intake/uk_spelling_words_age_estimates.csv,internal/project-authored,Candidate selected from the project-authored UK spelling-age evidence list; human review required before promotion.,high,approved_for_first_exposure,active
temperature_en_gb,temperature,temperature,en-GB,high,early_primary,high,internal_authored,Next Teaching Dictionary curriculum-evidence intake,docs/implementation/seed-data/teaching-dictionary/candidates/2026-06-29-phase-5-source-intake/uk_spelling_words_age_estimates.csv,internal/project-authored,Candidate selected from the project-authored UK spelling-age evidence list; human review required before promotion.,high,approved_for_first_exposure,active
lay_en_gb,lay,lay,en-GB,high,upper_primary,low,internal_authored,Next Teaching Dictionary curriculum-evidence intake,docs/implementation/seed-data/teaching-dictionary/candidates/2026-06-29-phase-5-source-intake/uk_spelling_words_age_estimates.csv,internal/project-authored,Candidate selected from the project-authored UK spelling-age evidence list; human review required before promotion.,high,approved_for_first_exposure,active
mixed_en_gb,mixed,mixed,en-GB,high,early_primary,low,internal_authored,Next Teaching Dictionary curriculum-evidence intake,docs/implementation/seed-data/teaching-dictionary/candidates/2026-06-29-phase-5-source-intake/uk_spelling_words_age_estimates.csv,internal/project-authored,Candidate selected from the project-authored UK spelling-age evidence list; human review required before promotion.,high,approved_for_first_exposure,active
determined_en_gb,determined,determined,en-GB,high,early_primary,high,internal_authored,Next Teaching Dictionary curriculum-evidence intake,docs/implementation/seed-data/teaching-dictionary/candidates/2026-06-29-phase-5-source-intake/uk_spelling_words_age_estimates.csv,internal/project-authored,Candidate selected from the project-authored UK spelling-age evidence list; human review required before promotion.,high,approved_for_first_exposure,active
slowly_en_gb,slowly,slowly,en-GB,high,early_primary,medium,internal_authored,Next Teaching Dictionary curriculum-evidence intake,docs/implementation/seed-data/teaching-dictionary/candidates/2026-06-29-phase-5-source-intake/uk_spelling_words_age_estimates.csv,internal/project-authored,Candidate selected from the project-authored UK spelling-age evidence list; human review required before promotion.,high,approved_for_first_exposure,active
incredible_en_gb,incredible,incredible,en-GB,high,early_primary,high,internal_authored,Next Teaching Dictionary curriculum-evidence intake,docs/implementation/seed-data/teaching-dictionary/candidates/2026-06-29-phase-5-source-intake/uk_spelling_words_age_estimates.csv,internal/project-authored,Candidate selected from the project-authored UK spelling-age evidence list; human review required before promotion.,high,approved_for_first_exposure,active
basically_en_gb,basically,basically,en-GB,high,lower_secondary,high,internal_authored,Next Teaching Dictionary curriculum-evidence intake,docs/implementation/seed-data/teaching-dictionary/candidates/2026-06-29-phase-5-source-intake/uk_spelling_words_age_estimates.csv,internal/project-authored,Candidate selected from the project-authored UK spelling-age evidence list; human review required before promotion.,high,approved_for_first_exposure,active
meat_en_gb,meat,meat,en-GB,high,early_primary,low,internal_authored,Next Teaching Dictionary curriculum-evidence intake,docs/implementation/seed-data/teaching-dictionary/candidates/2026-06-29-phase-5-source-intake/uk_spelling_words_age_estimates.csv,internal/project-authored,Candidate selected from the project-authored UK spelling-age evidence list; human review required before promotion.,high,approved_for_first_exposure,active
tuesday_en_gb,tuesday,Tuesday,en-GB,high,early_primary,medium,internal_authored,Next Teaching Dictionary curriculum-evidence intake,docs/implementation/seed-data/teaching-dictionary/candidates/2026-06-29-phase-5-source-intake/uk_spelling_words_age_estimates.csv,internal/project-authored,Candidate selected from the project-authored UK spelling-age evidence list; human review required before promotion.,high,approved_for_first_exposure,active
worried_en_gb,worried,worried,en-GB,high,early_primary,medium,internal_authored,Next Teaching Dictionary curriculum-evidence intake,docs/implementation/seed-data/teaching-dictionary/candidates/2026-06-29-phase-5-source-intake/uk_spelling_words_age_estimates.csv,internal/project-authored,Candidate selected from the project-authored UK spelling-age evidence list; human review required before promotion.,high,approved_for_first_exposure,active
obvious_en_gb,obvious,obvious,en-GB,high,middle_primary,medium,internal_authored,Next Teaching Dictionary curriculum-evidence intake,docs/implementation/seed-data/teaching-dictionary/candidates/2026-06-29-phase-5-source-intake/uk_spelling_words_age_estimates.csv,internal/project-authored,Candidate selected from the project-authored UK spelling-age evidence list; human review required before promotion.,high,approved_for_first_exposure,active
unfortunately_en_gb,unfortunately,unfortunately,en-GB,high,early_primary,high,internal_authored,Next Teaching Dictionary curriculum-evidence intake,docs/implementation/seed-data/teaching-dictionary/candidates/2026-06-29-phase-5-source-intake/uk_spelling_words_age_estimates.csv,internal/project-authored,Candidate selected from the project-authored UK spelling-age evidence list; human review required before promotion.,high,approved_for_first_exposure,active
opposite_en_gb,opposite,opposite,en-GB,high,early_primary,high,internal_authored,Next Teaching Dictionary curriculum-evidence intake,docs/implementation/seed-data/teaching-dictionary/candidates/2026-06-29-phase-5-source-intake/uk_spelling_words_age_estimates.csv,internal/project-authored,Candidate selected from the project-authored UK spelling-age evidence list; human review required before promotion.,high,approved_for_first_exposure,active
thursday_en_gb,thursday,Thursday,en-GB,high,early_primary,medium,internal_authored,Next Teaching Dictionary curriculum-evidence intake,docs/implementation/seed-data/teaching-dictionary/candidates/2026-06-29-phase-5-source-intake/uk_spelling_words_age_estimates.csv,internal/project-authored,Candidate selected from the project-authored UK spelling-age evidence list; human review required before promotion.,high,approved_for_first_exposure,active
usual_en_gb,usual,usual,en-GB,high,early_primary,medium,internal_authored,Next Teaching Dictionary curriculum-evidence intake,docs/implementation/seed-data/teaching-dictionary/candidates/2026-06-29-phase-5-source-intake/uk_spelling_words_age_estimates.csv,internal/project-authored,Candidate selected from the project-authored UK spelling-age evidence list; human review required before promotion.,high,approved_for_first_exposure,active
relevant_en_gb,relevant,relevant,en-GB,high,mid_secondary,high,internal_authored,Next Teaching Dictionary curriculum-evidence intake,docs/implementation/seed-data/teaching-dictionary/candidates/2026-06-29-phase-5-source-intake/uk_spelling_words_age_estimates.csv,internal/project-authored,Candidate selected from the project-authored UK spelling-age evidence list; human review required before promotion.,high,approved_for_first_exposure,active
familiar_en_gb,familiar,familiar,en-GB,high,middle_primary,high,internal_authored,Next Teaching Dictionary curriculum-evidence intake,docs/implementation/seed-data/teaching-dictionary/candidates/2026-06-29-phase-5-source-intake/uk_spelling_words_age_estimates.csv,internal/project-authored,Candidate selected from the project-authored UK spelling-age evidence list; human review required before promotion.,high,approved_for_first_exposure,active
carrying_en_gb,carrying,carrying,en-GB,high,early_primary,medium,internal_authored,Next Teaching Dictionary curriculum-evidence intake,docs/implementation/seed-data/teaching-dictionary/candidates/2026-06-29-phase-5-source-intake/uk_spelling_words_age_estimates.csv,internal/project-authored,Candidate selected from the project-authored UK spelling-age evidence list; human review required before promotion.,high,approved_for_first_exposure,active
referred_en_gb,referred,referred,en-GB,high,middle_primary,medium,internal_authored,Next Teaching Dictionary curriculum-evidence intake,docs/implementation/seed-data/teaching-dictionary/candidates/2026-06-29-phase-5-source-intake/uk_spelling_words_age_estimates.csv,internal/project-authored,Candidate selected from the project-authored UK spelling-age evidence list; human review required before promotion.,high,approved_for_first_exposure,active
draft_en_gb,draft,draft,en-GB,high,upper_primary,low,internal_authored,Next Teaching Dictionary curriculum-evidence intake,docs/implementation/seed-data/teaching-dictionary/candidates/2026-06-29-phase-5-source-intake/uk_spelling_words_age_estimates.csv,internal/project-authored,Candidate selected from the project-authored UK spelling-age evidence list; human review required before promotion.,high,approved_for_first_exposure,active
desire_en_gb,desire,desire,en-GB,high,early_primary,medium,internal_authored,Next Teaching Dictionary curriculum-evidence intake,docs/implementation/seed-data/teaching-dictionary/candidates/2026-06-29-phase-5-source-intake/uk_spelling_words_age_estimates.csv,internal/project-authored,Candidate selected from the project-authored UK spelling-age evidence list; human review required before promotion.,high,approved_for_first_exposure,active
recommend_en_gb,recommend,recommend,en-GB,high,middle_primary,high,internal_authored,Next Teaching Dictionary curriculum-evidence intake,docs/implementation/seed-data/teaching-dictionary/candidates/2026-06-29-phase-5-source-intake/uk_spelling_words_age_estimates.csv,internal/project-authored,Candidate selected from the project-authored UK spelling-age evidence list; human review required before promotion.,high,approved_for_first_exposure,active
offering_en_gb,offering,offering,en-GB,high,early_primary,medium,internal_authored,Next Teaching Dictionary curriculum-evidence intake,docs/implementation/seed-data/teaching-dictionary/candidates/2026-06-29-phase-5-source-intake/uk_spelling_words_age_estimates.csv,internal/project-authored,Candidate selected from the project-authored UK spelling-age evidence list; human review required before promotion.,high,approved_for_first_exposure,active
typical_en_gb,typical,typical,en-GB,high,middle_primary,medium,internal_authored,Next Teaching Dictionary curriculum-evidence intake,docs/implementation/seed-data/teaching-dictionary/candidates/2026-06-29-phase-5-source-intake/uk_spelling_words_age_estimates.csv,internal/project-authored,Candidate selected from the project-authored UK spelling-age evidence list; human review required before promotion.,high,approved_for_first_exposure,active
affect_en_gb,affect,affect,en-GB,high,lower_secondary,medium,internal_authored,Next Teaching Dictionary curriculum-evidence intake,docs/implementation/seed-data/teaching-dictionary/candidates/2026-06-29-phase-5-source-intake/uk_spelling_words_age_estimates.csv,internal/project-authored,Candidate selected from the project-authored UK spelling-age evidence list; human review required before promotion.,high,approved_for_first_exposure,active
reasonable_en_gb,reasonable,reasonable,en-GB,high,early_primary,high,internal_authored,Next Teaching Dictionary curriculum-evidence intake,docs/implementation/seed-data/teaching-dictionary/candidates/2026-06-29-phase-5-source-intake/uk_spelling_words_age_estimates.csv,internal/project-authored,Candidate selected from the project-authored UK spelling-age evidence list; human review required before promotion.,high,approved_for_first_exposure,active
assistance_en_gb,assistance,assistance,en-GB,high,early_primary,high,internal_authored,Next Teaching Dictionary curriculum-evidence intake,docs/implementation/seed-data/teaching-dictionary/candidates/2026-06-29-phase-5-source-intake/uk_spelling_words_age_estimates.csv,internal/project-authored,Candidate selected from the project-authored UK spelling-age evidence list; human review required before promotion.,high,approved_for_first_exposure,active
bell_en_gb,bell,bell,en-GB,high,early_primary,low,internal_authored,Next Teaching Dictionary curriculum-evidence intake,docs/implementation/seed-data/teaching-dictionary/candidates/2026-06-29-phase-5-source-intake/uk_spelling_words_age_estimates.csv,internal/project-authored,Candidate selected from the project-authored UK spelling-age evidence list; human review required before promotion.,high,approved_for_first_exposure,active
blow_en_gb,blow,blow,en-GB,high,early_primary,low,internal_authored,Next Teaching Dictionary curriculum-evidence intake,docs/implementation/seed-data/teaching-dictionary/candidates/2026-06-29-phase-5-source-intake/uk_spelling_words_age_estimates.csv,internal/project-authored,Candidate selected from the project-authored UK spelling-age evidence list; human review required before promotion.,high,approved_for_first_exposure,active
wednesday_en_gb,wednesday,Wednesday,en-GB,high,early_primary,medium,internal_authored,Next Teaching Dictionary curriculum-evidence intake,docs/implementation/seed-data/teaching-dictionary/candidates/2026-06-29-phase-5-source-intake/uk_spelling_words_age_estimates.csv,internal/project-authored,Candidate selected from the project-authored UK spelling-age evidence list; human review required before promotion.,high,approved_for_first_exposure,active
motion_en_gb,motion,motion,en-GB,high,early_primary,medium,internal_authored,Next Teaching Dictionary curriculum-evidence intake,docs/implementation/seed-data/teaching-dictionary/candidates/2026-06-29-phase-5-source-intake/uk_spelling_words_age_estimates.csv,internal/project-authored,Candidate selected from the project-authored UK spelling-age evidence list; human review required before promotion.,high,approved_for_first_exposure,active
independence_en_gb,independence,independence,en-GB,high,early_primary,high,internal_authored,Next Teaching Dictionary curriculum-evidence intake,docs/implementation/seed-data/teaching-dictionary/candidates/2026-06-29-phase-5-source-intake/uk_spelling_words_age_estimates.csv,internal/project-authored,Candidate selected from the project-authored UK spelling-age evidence list; human review required before promotion.,high,approved_for_first_exposure,active
it_ll_en_gb,it'll,it'll,en-GB,high,early_primary,medium,internal_authored,Next Teaching Dictionary curriculum-evidence intake,docs/implementation/seed-data/teaching-dictionary/candidates/2026-06-29-phase-5-source-intake/uk_spelling_words_age_estimates.csv,internal/project-authored,Candidate selected from the project-authored UK spelling-age evidence list; human review required before promotion.,high,approved_for_first_exposure,active
sentence_en_gb,sentence,sentence,en-GB,high,early_primary,medium,internal_authored,Next Teaching Dictionary curriculum-evidence intake,docs/implementation/seed-data/teaching-dictionary/candidates/2026-06-29-phase-5-source-intake/uk_spelling_words_age_estimates.csv,internal/project-authored,Candidate selected from the project-authored UK spelling-age evidence list; human review required before promotion.,high,approved_for_first_exposure,active
admit_en_gb,admit,admit,en-GB,high,early_primary,medium,internal_authored,Next Teaching Dictionary curriculum-evidence intake,docs/implementation/seed-data/teaching-dictionary/candidates/2026-06-29-phase-5-source-intake/uk_spelling_words_age_estimates.csv,internal/project-authored,Candidate selected from the project-authored UK spelling-age evidence list; human review required before promotion.,high,approved_for_first_exposure,active
guest_en_gb,guest,guest,en-GB,high,early_primary,low,internal_authored,Next Teaching Dictionary curriculum-evidence intake,docs/implementation/seed-data/teaching-dictionary/candidates/2026-06-29-phase-5-source-intake/uk_spelling_words_age_estimates.csv,internal/project-authored,Candidate selected from the project-authored UK spelling-age evidence list; human review required before promotion.,high,approved_for_first_exposure,active
pleasure_en_gb,pleasure,pleasure,en-GB,high,early_primary,medium,internal_authored,Next Teaching Dictionary curriculum-evidence intake,docs/implementation/seed-data/teaching-dictionary/candidates/2026-06-29-phase-5-source-intake/uk_spelling_words_age_estimates.csv,internal/project-authored,Candidate selected from the project-authored UK spelling-age evidence list; human review required before promotion.,high,approved_for_first_exposure,active
category_en_gb,category,category,en-GB,high,middle_primary,high,internal_authored,Next Teaching Dictionary curriculum-evidence intake,docs/implementation/seed-data/teaching-dictionary/candidates/2026-06-29-phase-5-source-intake/uk_spelling_words_age_estimates.csv,internal/project-authored,Candidate selected from the project-authored UK spelling-age evidence list; human review required before promotion.,high,approved_for_first_exposure,active
mess_en_gb,mess,mess,en-GB,high,early_primary,low,internal_authored,Next Teaching Dictionary curriculum-evidence intake,docs/implementation/seed-data/teaching-dictionary/candidates/2026-06-29-phase-5-source-intake/uk_spelling_words_age_estimates.csv,internal/project-authored,Candidate selected from the project-authored UK spelling-age evidence list; human review required before promotion.,high,approved_for_first_exposure,active
tight_en_gb,tight,tight,en-GB,high,early_primary,low,internal_authored,Next Teaching Dictionary curriculum-evidence intake,docs/implementation/seed-data/teaching-dictionary/candidates/2026-06-29-phase-5-source-intake/uk_spelling_words_age_estimates.csv,internal/project-authored,Candidate selected from the project-authored UK spelling-age evidence list; human review required before promotion.,high,approved_for_first_exposure,active
occurred_en_gb,occurred,occurred,en-GB,high,early_primary,medium,internal_authored,Next Teaching Dictionary curriculum-evidence intake,docs/implementation/seed-data/teaching-dictionary/candidates/2026-06-29-phase-5-source-intake/uk_spelling_words_age_estimates.csv,internal/project-authored,Candidate selected from the project-authored UK spelling-age evidence list; human review required before promotion.,high,approved_for_first_exposure,active
prefer_en_gb,prefer,prefer,en-GB,high,middle_primary,medium,internal_authored,Next Teaching Dictionary curriculum-evidence intake,docs/implementation/seed-data/teaching-dictionary/candidates/2026-06-29-phase-5-source-intake/uk_spelling_words_age_estimates.csv,internal/project-authored,Candidate selected from the project-authored UK spelling-age evidence list; human review required before promotion.,high,approved_for_first_exposure,active
diet_en_gb,diet,diet,en-GB,high,early_primary,low,internal_authored,Next Teaching Dictionary curriculum-evidence intake,docs/implementation/seed-data/teaching-dictionary/candidates/2026-06-29-phase-5-source-intake/uk_spelling_words_age_estimates.csv,internal/project-authored,Candidate selected from the project-authored UK spelling-age evidence list; human review required before promotion.,high,approved_for_first_exposure,active
scheme_en_gb,scheme,scheme,en-GB,high,early_primary,low,internal_authored,Next Teaching Dictionary curriculum-evidence intake,docs/implementation/seed-data/teaching-dictionary/candidates/2026-06-29-phase-5-source-intake/uk_spelling_words_age_estimates.csv,internal/project-authored,Candidate selected from the project-authored UK spelling-age evidence list; human review required before promotion.,high,approved_for_first_exposure,active
achieve_en_gb,achieve,achieve,en-GB,high,early_primary,medium,internal_authored,Next Teaching Dictionary curriculum-evidence intake,docs/implementation/seed-data/teaching-dictionary/candidates/2026-06-29-phase-5-source-intake/uk_spelling_words_age_estimates.csv,internal/project-authored,Candidate selected from the project-authored UK spelling-age evidence list; human review required before promotion.,high,approved_for_first_exposure,active
programme_en_gb,programme,programme,en-GB,high,middle_primary,medium,internal_authored,Next Teaching Dictionary curriculum-evidence intake,docs/implementation/seed-data/teaching-dictionary/candidates/2026-06-29-phase-5-source-intake/uk_spelling_words_age_estimates.csv,internal/project-authored,Candidate selected from the project-authored UK spelling-age evidence list; human review required before promotion.,high,approved_for_first_exposure,active
describe_en_gb,describe,describe,en-GB,high,early_primary,medium,internal_authored,Next Teaching Dictionary curriculum-evidence intake,docs/implementation/seed-data/teaching-dictionary/candidates/2026-06-29-phase-5-source-intake/uk_spelling_words_age_estimates.csv,internal/project-authored,Candidate selected from the project-authored UK spelling-age evidence list; human review required before promotion.,high,approved_for_first_exposure,active
suppose_en_gb,suppose,suppose,en-GB,high,early_primary,medium,internal_authored,Next Teaching Dictionary curriculum-evidence intake,docs/implementation/seed-data/teaching-dictionary/candidates/2026-06-29-phase-5-source-intake/uk_spelling_words_age_estimates.csv,internal/project-authored,Candidate selected from the project-authored UK spelling-age evidence list; human review required before promotion.,high,approved_for_first_exposure,active
importance_en_gb,importance,importance,en-GB,high,middle_primary,high,internal_authored,Next Teaching Dictionary curriculum-evidence intake,docs/implementation/seed-data/teaching-dictionary/candidates/2026-06-29-phase-5-source-intake/uk_spelling_words_age_estimates.csv,internal/project-authored,Candidate selected from the project-authored UK spelling-age evidence list; human review required before promotion.,high,approved_for_first_exposure,active
frequently_en_gb,frequently,frequently,en-GB,high,early_primary,high,internal_authored,Next Teaching Dictionary curriculum-evidence intake,docs/implementation/seed-data/teaching-dictionary/candidates/2026-06-29-phase-5-source-intake/uk_spelling_words_age_estimates.csv,internal/project-authored,Candidate selected from the project-authored UK spelling-age evidence list; human review required before promotion.,high,approved_for_first_exposure,active
crown_en_gb,crown,crown,en-GB,high,early_primary,low,internal_authored,Next Teaching Dictionary curriculum-evidence intake,docs/implementation/seed-data/teaching-dictionary/candidates/2026-06-29-phase-5-source-intake/uk_spelling_words_age_estimates.csv,internal/project-authored,Candidate selected from the project-authored UK spelling-age evidence list; human review required before promotion.,high,approved_for_first_exposure,active
laid_en_gb,laid,laid,en-GB,high,early_primary,low,internal_authored,Next Teaching Dictionary curriculum-evidence intake,docs/implementation/seed-data/teaching-dictionary/candidates/2026-06-29-phase-5-source-intake/uk_spelling_words_age_estimates.csv,internal/project-authored,Candidate selected from the project-authored UK spelling-age evidence list; human review required before promotion.,high,approved_for_first_exposure,active
expression_en_gb,expression,expression,en-GB,high,early_primary,high,internal_authored,Next Teaching Dictionary curriculum-evidence intake,docs/implementation/seed-data/teaching-dictionary/candidates/2026-06-29-phase-5-source-intake/uk_spelling_words_age_estimates.csv,internal/project-authored,Candidate selected from the project-authored UK spelling-age evidence list; human review required before promotion.,high,approved_for_first_exposure,active
existence_en_gb,existence,existence,en-GB,high,early_primary,high,internal_authored,Next Teaching Dictionary curriculum-evidence intake,docs/implementation/seed-data/teaching-dictionary/candidates/2026-06-29-phase-5-source-intake/uk_spelling_words_age_estimates.csv,internal/project-authored,Candidate selected from the project-authored UK spelling-age evidence list; human review required before promotion.,high,approved_for_first_exposure,active
mate_en_gb,mate,mate,en-GB,high,early_primary,low,internal_authored,Next Teaching Dictionary curriculum-evidence intake,docs/implementation/seed-data/teaching-dictionary/candidates/2026-06-29-phase-5-source-intake/uk_spelling_words_age_estimates.csv,internal/project-authored,Candidate selected from the project-authored UK spelling-age evidence list; human review required before promotion.,high,approved_for_first_exposure,active
roof_en_gb,roof,roof,en-GB,high,early_primary,low,internal_authored,Next Teaching Dictionary curriculum-evidence intake,docs/implementation/seed-data/teaching-dictionary/candidates/2026-06-29-phase-5-source-intake/uk_spelling_words_age_estimates.csv,internal/project-authored,Candidate selected from the project-authored UK spelling-age evidence list; human review required before promotion.,high,approved_for_first_exposure,active
heavily_en_gb,heavily,heavily,en-GB,high,early_primary,medium,internal_authored,Next Teaching Dictionary curriculum-evidence intake,docs/implementation/seed-data/teaching-dictionary/candidates/2026-06-29-phase-5-source-intake/uk_spelling_words_age_estimates.csv,internal/project-authored,Candidate selected from the project-authored UK spelling-age evidence list; human review required before promotion.,high,approved_for_first_exposure,active
expansion_en_gb,expansion,expansion,en-GB,high,early_primary,high,internal_authored,Next Teaching Dictionary curriculum-evidence intake,docs/implementation/seed-data/teaching-dictionary/candidates/2026-06-29-phase-5-source-intake/uk_spelling_words_age_estimates.csv,internal/project-authored,Candidate selected from the project-authored UK spelling-age evidence list; human review required before promotion.,high,approved_for_first_exposure,active
he_ll_en_gb,he'll,he'll,en-GB,high,early_primary,low,internal_authored,Next Teaching Dictionary curriculum-evidence intake,docs/implementation/seed-data/teaching-dictionary/candidates/2026-06-29-phase-5-source-intake/uk_spelling_words_age_estimates.csv,internal/project-authored,Candidate selected from the project-authored UK spelling-age evidence list; human review required before promotion.,high,approved_for_first_exposure,active
sight_en_gb,sight,sight,en-GB,high,early_primary,low,internal_authored,Next Teaching Dictionary curriculum-evidence intake,docs/implementation/seed-data/teaching-dictionary/candidates/2026-06-29-phase-5-source-intake/uk_spelling_words_age_estimates.csv,internal/project-authored,Candidate selected from the project-authored UK spelling-age evidence list; human review required before promotion.,high,approved_for_first_exposure,active
re_escape_en_gb,re-escape,re-escape,en-GB,high,middle_primary,medium,internal_authored,Next Teaching Dictionary curriculum-evidence intake,docs/implementation/seed-data/teaching-dictionary/candidates/2026-06-29-phase-5-source-intake/uk_spelling_words_age_estimates.csv,internal/project-authored,Candidate selected from the project-authored UK spelling-age evidence list; human review required before promotion.,high,approved_for_first_exposure,active
dumb_en_gb,dumb,dumb,en-GB,high,early_primary,low,internal_authored,Next Teaching Dictionary curriculum-evidence intake,docs/implementation/seed-data/teaching-dictionary/candidates/2026-06-29-phase-5-source-intake/uk_spelling_words_age_estimates.csv,internal/project-authored,Candidate selected from the project-authored UK spelling-age evidence list; human review required before promotion.,high,approved_for_first_exposure,active
princess_en_gb,princess,princess,en-GB,high,early_primary,medium,internal_authored,Next Teaching Dictionary curriculum-evidence intake,docs/implementation/seed-data/teaching-dictionary/candidates/2026-06-29-phase-5-source-intake/uk_spelling_words_age_estimates.csv,internal/project-authored,Candidate selected from the project-authored UK spelling-age evidence list; human review required before promotion.,high,approved_for_first_exposure,active
unknown_en_gb,unknown,unknown,en-GB,high,early_primary,medium,internal_authored,Next Teaching Dictionary curriculum-evidence intake,docs/implementation/seed-data/teaching-dictionary/candidates/2026-06-29-phase-5-source-intake/uk_spelling_words_age_estimates.csv,internal/project-authored,Candidate selected from the project-authored UK spelling-age evidence list; human review required before promotion.,high,approved_for_first_exposure,active
loud_en_gb,loud,loud,en-GB,high,early_primary,low,internal_authored,Next Teaching Dictionary curriculum-evidence intake,docs/implementation/seed-data/teaching-dictionary/candidates/2026-06-29-phase-5-source-intake/uk_spelling_words_age_estimates.csv,internal/project-authored,Candidate selected from the project-authored UK spelling-age evidence list; human review required before promotion.,high,approved_for_first_exposure,active
raw_en_gb,raw,raw,en-GB,high,early_primary,low,internal_authored,Next Teaching Dictionary curriculum-evidence intake,docs/implementation/seed-data/teaching-dictionary/candidates/2026-06-29-phase-5-source-intake/uk_spelling_words_age_estimates.csv,internal/project-authored,Candidate selected from the project-authored UK spelling-age evidence list; human review required before promotion.,high,approved_for_first_exposure,active
height_en_gb,height,height,en-GB,high,early_primary,low,internal_authored,Next Teaching Dictionary curriculum-evidence intake,docs/implementation/seed-data/teaching-dictionary/candidates/2026-06-29-phase-5-source-intake/uk_spelling_words_age_estimates.csv,internal/project-authored,Candidate selected from the project-authored UK spelling-age evidence list; human review required before promotion.,high,approved_for_first_exposure,active
singer_en_gb,singer,singer,en-GB,high,early_primary,medium,internal_authored,Next Teaching Dictionary curriculum-evidence intake,docs/implementation/seed-data/teaching-dictionary/candidates/2026-06-29-phase-5-source-intake/uk_spelling_words_age_estimates.csv,internal/project-authored,Candidate selected from the project-authored UK spelling-age evidence list; human review required before promotion.,high,approved_for_first_exposure,active
regularly_en_gb,regularly,regularly,en-GB,high,middle_primary,high,internal_authored,Next Teaching Dictionary curriculum-evidence intake,docs/implementation/seed-data/teaching-dictionary/candidates/2026-06-29-phase-5-source-intake/uk_spelling_words_age_estimates.csv,internal/project-authored,Candidate selected from the project-authored UK spelling-age evidence list; human review required before promotion.,high,approved_for_first_exposure,active
automatically_en_gb,automatically,automatically,en-GB,high,middle_primary,high,internal_authored,Next Teaching Dictionary curriculum-evidence intake,docs/implementation/seed-data/teaching-dictionary/candidates/2026-06-29-phase-5-source-intake/uk_spelling_words_age_estimates.csv,internal/project-authored,Candidate selected from the project-authored UK spelling-age evidence list; human review required before promotion.,high,approved_for_first_exposure,active
breath_en_gb,breath,breath,en-GB,high,early_primary,low,internal_authored,Next Teaching Dictionary curriculum-evidence intake,docs/implementation/seed-data/teaching-dictionary/candidates/2026-06-29-phase-5-source-intake/uk_spelling_words_age_estimates.csv,internal/project-authored,Candidate selected from the project-authored UK spelling-age evidence list; human review required before promotion.,high,approved_for_first_exposure,active
attached_en_gb,attached,attached,en-GB,high,middle_primary,medium,internal_authored,Next Teaching Dictionary curriculum-evidence intake,docs/implementation/seed-data/teaching-dictionary/candidates/2026-06-29-phase-5-source-intake/uk_spelling_words_age_estimates.csv,internal/project-authored,Candidate selected from the project-authored UK spelling-age evidence list; human review required before promotion.,high,approved_for_first_exposure,active
immediate_en_gb,immediate,immediate,en-GB,high,middle_primary,high,internal_authored,Next Teaching Dictionary curriculum-evidence intake,docs/implementation/seed-data/teaching-dictionary/candidates/2026-06-29-phase-5-source-intake/uk_spelling_words_age_estimates.csv,internal/project-authored,Candidate selected from the project-authored UK spelling-age evidence list; human review required before promotion.,high,approved_for_first_exposure,active
suffered_en_gb,suffered,suffered,en-GB,high,middle_primary,medium,internal_authored,Next Teaching Dictionary curriculum-evidence intake,docs/implementation/seed-data/teaching-dictionary/candidates/2026-06-29-phase-5-source-intake/uk_spelling_words_age_estimates.csv,internal/project-authored,Candidate selected from the project-authored UK spelling-age evidence list; human review required before promotion.,high,approved_for_first_exposure,active
license_en_gb,license,license,en-GB,high,early_primary,medium,internal_authored,Next Teaching Dictionary curriculum-evidence intake,docs/implementation/seed-data/teaching-dictionary/candidates/2026-06-29-phase-5-source-intake/uk_spelling_words_age_estimates.csv,internal/project-authored,Candidate selected from the project-authored UK spelling-age evidence list; human review required before promotion.,high,approved_for_first_exposure,active
principal_en_gb,principal,principal,en-GB,high,early_primary,high,internal_authored,Next Teaching Dictionary curriculum-evidence intake,docs/implementation/seed-data/teaching-dictionary/candidates/2026-06-29-phase-5-source-intake/uk_spelling_words_age_estimates.csv,internal/project-authored,Candidate selected from the project-authored UK spelling-age evidence list; human review required before promotion.,high,approved_for_first_exposure,active
swear_en_gb,swear,swear,en-GB,high,early_primary,low,internal_authored,Next Teaching Dictionary curriculum-evidence intake,docs/implementation/seed-data/teaching-dictionary/candidates/2026-06-29-phase-5-source-intake/uk_spelling_words_age_estimates.csv,internal/project-authored,Candidate selected from the project-authored UK spelling-age evidence list; human review required before promotion.,high,approved_for_first_exposure,active
permission_en_gb,permission,permission,en-GB,high,early_primary,high,internal_authored,Next Teaching Dictionary curriculum-evidence intake,docs/implementation/seed-data/teaching-dictionary/candidates/2026-06-29-phase-5-source-intake/uk_spelling_words_age_estimates.csv,internal/project-authored,Candidate selected from the project-authored UK spelling-age evidence list; human review required before promotion.,high,approved_for_first_exposure,active
bread_en_gb,bread,bread,en-GB,high,early_primary,low,internal_authored,Next Teaching Dictionary curriculum-evidence intake,docs/implementation/seed-data/teaching-dictionary/candidates/2026-06-29-phase-5-source-intake/uk_spelling_words_age_estimates.csv,internal/project-authored,Candidate selected from the project-authored UK spelling-age evidence list; human review required before promotion.,high,approved_for_first_exposure,active
wheel_en_gb,wheel,wheel,en-GB,high,early_primary,low,internal_authored,Next Teaching Dictionary curriculum-evidence intake,docs/implementation/seed-data/teaching-dictionary/candidates/2026-06-29-phase-5-source-intake/uk_spelling_words_age_estimates.csv,internal/project-authored,Candidate selected from the project-authored UK spelling-age evidence list; human review required before promotion.,high,approved_for_first_exposure,active
dancing_en_gb,dancing,dancing,en-GB,high,early_primary,medium,internal_authored,Next Teaching Dictionary curriculum-evidence intake,docs/implementation/seed-data/teaching-dictionary/candidates/2026-06-29-phase-5-source-intake/uk_spelling_words_age_estimates.csv,internal/project-authored,Candidate selected from the project-authored UK spelling-age evidence list; human review required before promotion.,high,approved_for_first_exposure,active
reply_en_gb,reply,reply,en-GB,high,early_primary,medium,internal_authored,Next Teaching Dictionary curriculum-evidence intake,docs/implementation/seed-data/teaching-dictionary/candidates/2026-06-29-phase-5-source-intake/uk_spelling_words_age_estimates.csv,internal/project-authored,Candidate selected from the project-authored UK spelling-age evidence list; human review required before promotion.,high,approved_for_first_exposure,active
visited_en_gb,visited,visited,en-GB,high,early_primary,medium,internal_authored,Next Teaching Dictionary curriculum-evidence intake,docs/implementation/seed-data/teaching-dictionary/candidates/2026-06-29-phase-5-source-intake/uk_spelling_words_age_estimates.csv,internal/project-authored,Candidate selected from the project-authored UK spelling-age evidence list; human review required before promotion.,high,approved_for_first_exposure,active
shoulder_en_gb,shoulder,shoulder,en-GB,high,early_primary,medium,internal_authored,Next Teaching Dictionary curriculum-evidence intake,docs/implementation/seed-data/teaching-dictionary/candidates/2026-06-29-phase-5-source-intake/uk_spelling_words_age_estimates.csv,internal/project-authored,Candidate selected from the project-authored UK spelling-age evidence list; human review required before promotion.,high,approved_for_first_exposure,active
studied_en_gb,studied,studied,en-GB,high,middle_primary,medium,internal_authored,Next Teaching Dictionary curriculum-evidence intake,docs/implementation/seed-data/teaching-dictionary/candidates/2026-06-29-phase-5-source-intake/uk_spelling_words_age_estimates.csv,internal/project-authored,Candidate selected from the project-authored UK spelling-age evidence list; human review required before promotion.,high,approved_for_first_exposure,active
admitted_en_gb,admitted,admitted,en-GB,high,middle_primary,medium,internal_authored,Next Teaching Dictionary curriculum-evidence intake,docs/implementation/seed-data/teaching-dictionary/candidates/2026-06-29-phase-5-source-intake/uk_spelling_words_age_estimates.csv,internal/project-authored,Candidate selected from the project-authored UK spelling-age evidence list; human review required before promotion.,high,approved_for_first_exposure,active
fought_en_gb,fought,fought,en-GB,high,early_primary,low,internal_authored,Next Teaching Dictionary curriculum-evidence intake,docs/implementation/seed-data/teaching-dictionary/candidates/2026-06-29-phase-5-source-intake/uk_spelling_words_age_estimates.csv,internal/project-authored,Candidate selected from the project-authored UK spelling-age evidence list; human review required before promotion.,high,approved_for_first_exposure,active
sought_en_gb,sought,sought,en-GB,high,early_primary,low,internal_authored,Next Teaching Dictionary curriculum-evidence intake,docs/implementation/seed-data/teaching-dictionary/candidates/2026-06-29-phase-5-source-intake/uk_spelling_words_age_estimates.csv,internal/project-authored,Candidate selected from the project-authored UK spelling-age evidence list; human review required before promotion.,high,approved_for_first_exposure,active
consistent_en_gb,consistent,consistent,en-GB,high,upper_primary,high,internal_authored,Next Teaching Dictionary curriculum-evidence intake,docs/implementation/seed-data/teaching-dictionary/candidates/2026-06-29-phase-5-source-intake/uk_spelling_words_age_estimates.csv,internal/project-authored,Candidate selected from the project-authored UK spelling-age evidence list; human review required before promotion.,high,approved_for_first_exposure,active
bone_en_gb,bone,bone,en-GB,high,middle_primary,low,internal_authored,Next Teaching Dictionary curriculum-evidence intake,docs/implementation/seed-data/teaching-dictionary/candidates/2026-06-29-phase-5-source-intake/uk_spelling_words_age_estimates.csv,internal/project-authored,Candidate selected from the project-authored UK spelling-age evidence list; human review required before promotion.,high,approved_for_first_exposure,active
tied_en_gb,tied,tied,en-GB,high,early_primary,low,internal_authored,Next Teaching Dictionary curriculum-evidence intake,docs/implementation/seed-data/teaching-dictionary/candidates/2026-06-29-phase-5-source-intake/uk_spelling_words_age_estimates.csv,internal/project-authored,Candidate selected from the project-authored UK spelling-age evidence list; human review required before promotion.,high,approved_for_first_exposure,active
awful_en_gb,awful,awful,en-GB,high,lower_secondary,medium,internal_authored,Next Teaching Dictionary curriculum-evidence intake,docs/implementation/seed-data/teaching-dictionary/candidates/2026-06-29-phase-5-source-intake/uk_spelling_words_age_estimates.csv,internal/project-authored,Candidate selected from the project-authored UK spelling-age evidence list; human review required before promotion.,high,approved_for_first_exposure,active
adventure_en_gb,adventure,adventure,en-GB,high,early_primary,high,internal_authored,Next Teaching Dictionary curriculum-evidence intake,docs/implementation/seed-data/teaching-dictionary/candidates/2026-06-29-phase-5-source-intake/uk_spelling_words_age_estimates.csv,internal/project-authored,Candidate selected from the project-authored UK spelling-age evidence list; human review required before promotion.,high,approved_for_first_exposure,active
ridiculous_en_gb,ridiculous,ridiculous,en-GB,high,early_primary,high,internal_authored,Next Teaching Dictionary curriculum-evidence intake,docs/implementation/seed-data/teaching-dictionary/candidates/2026-06-29-phase-5-source-intake/uk_spelling_words_age_estimates.csv,internal/project-authored,Candidate selected from the project-authored UK spelling-age evidence list; human review required before promotion.,high,approved_for_first_exposure,active
argue_en_gb,argue,argue,en-GB,high,early_primary,medium,internal_authored,Next Teaching Dictionary curriculum-evidence intake,docs/implementation/seed-data/teaching-dictionary/candidates/2026-06-29-phase-5-source-intake/uk_spelling_words_age_estimates.csv,internal/project-authored,Candidate selected from the project-authored UK spelling-age evidence list; human review required before promotion.,high,approved_for_first_exposure,active
threw_en_gb,threw,threw,en-GB,high,early_primary,low,internal_authored,Next Teaching Dictionary curriculum-evidence intake,docs/implementation/seed-data/teaching-dictionary/candidates/2026-06-29-phase-5-source-intake/uk_spelling_words_age_estimates.csv,internal/project-authored,Candidate selected from the project-authored UK spelling-age evidence list; human review required before promotion.,high,approved_for_first_exposure,active
soldier_en_gb,soldier,soldier,en-GB,high,early_primary,medium,internal_authored,Next Teaching Dictionary curriculum-evidence intake,docs/implementation/seed-data/teaching-dictionary/candidates/2026-06-29-phase-5-source-intake/uk_spelling_words_age_estimates.csv,internal/project-authored,Candidate selected from the project-authored UK spelling-age evidence list; human review required before promotion.,high,approved_for_first_exposure,active
mystery_en_gb,mystery,mystery,en-GB,high,early_primary,medium,internal_authored,Next Teaching Dictionary curriculum-evidence intake,docs/implementation/seed-data/teaching-dictionary/candidates/2026-06-29-phase-5-source-intake/uk_spelling_words_age_estimates.csv,internal/project-authored,Candidate selected from the project-authored UK spelling-age evidence list; human review required before promotion.,high,approved_for_first_exposure,active
successfully_en_gb,successfully,successfully,en-GB,high,early_primary,high,internal_authored,Next Teaching Dictionary curriculum-evidence intake,docs/implementation/seed-data/teaching-dictionary/candidates/2026-06-29-phase-5-source-intake/uk_spelling_words_age_estimates.csv,internal/project-authored,Candidate selected from the project-authored UK spelling-age evidence list; human review required before promotion.,high,approved_for_first_exposure,active
innocent_en_gb,innocent,innocent,en-GB,high,early_primary,high,internal_authored,Next Teaching Dictionary curriculum-evidence intake,docs/implementation/seed-data/teaching-dictionary/candidates/2026-06-29-phase-5-source-intake/uk_spelling_words_age_estimates.csv,internal/project-authored,Candidate selected from the project-authored UK spelling-age evidence list; human review required before promotion.,high,approved_for_first_exposure,active
fort_en_gb,fort,fort,en-GB,high,early_primary,low,internal_authored,Next Teaching Dictionary curriculum-evidence intake,docs/implementation/seed-data/teaching-dictionary/candidates/2026-06-29-phase-5-source-intake/uk_spelling_words_age_estimates.csv,internal/project-authored,Candidate selected from the project-authored UK spelling-age evidence list; human review required before promotion.,high,approved_for_first_exposure,active
angel_en_gb,angel,angel,en-GB,high,early_primary,medium,internal_authored,Next Teaching Dictionary curriculum-evidence intake,docs/implementation/seed-data/teaching-dictionary/candidates/2026-06-29-phase-5-source-intake/uk_spelling_words_age_estimates.csv,internal/project-authored,Candidate selected from the project-authored UK spelling-age evidence list; human review required before promotion.,high,approved_for_first_exposure,active
uncle_en_gb,uncle,uncle,en-GB,high,early_primary,medium,internal_authored,Next Teaching Dictionary curriculum-evidence intake,docs/implementation/seed-data/teaching-dictionary/candidates/2026-06-29-phase-5-source-intake/uk_spelling_words_age_estimates.csv,internal/project-authored,Candidate selected from the project-authored UK spelling-age evidence list; human review required before promotion.,high,approved_for_first_exposure,active
curious_en_gb,curious,curious,en-GB,high,middle_primary,medium,internal_authored,Next Teaching Dictionary curriculum-evidence intake,docs/implementation/seed-data/teaching-dictionary/candidates/2026-06-29-phase-5-source-intake/uk_spelling_words_age_estimates.csv,internal/project-authored,Candidate selected from the project-authored UK spelling-age evidence list; human review required before promotion.,high,approved_for_first_exposure,active
refer_en_gb,refer,refer,en-GB,high,middle_primary,medium,internal_authored,Next Teaching Dictionary curriculum-evidence intake,docs/implementation/seed-data/teaching-dictionary/candidates/2026-06-29-phase-5-source-intake/uk_spelling_words_age_estimates.csv,internal/project-authored,Candidate selected from the project-authored UK spelling-age evidence list; human review required before promotion.,high,approved_for_first_exposure,active
suffer_en_gb,suffer,suffer,en-GB,high,lower_secondary,medium,internal_authored,Next Teaching Dictionary curriculum-evidence intake,docs/implementation/seed-data/teaching-dictionary/candidates/2026-06-29-phase-5-source-intake/uk_spelling_words_age_estimates.csv,internal/project-authored,Candidate selected from the project-authored UK spelling-age evidence list; human review required before promotion.,high,approved_for_first_exposure,active
badly_en_gb,badly,badly,en-GB,high,early_primary,medium,internal_authored,Next Teaching Dictionary curriculum-evidence intake,docs/implementation/seed-data/teaching-dictionary/candidates/2026-06-29-phase-5-source-intake/uk_spelling_words_age_estimates.csv,internal/project-authored,Candidate selected from the project-authored UK spelling-age evidence list; human review required before promotion.,high,approved_for_first_exposure,active
fiction_en_gb,fiction,fiction,en-GB,high,early_primary,medium,internal_authored,Next Teaching Dictionary curriculum-evidence intake,docs/implementation/seed-data/teaching-dictionary/candidates/2026-06-29-phase-5-source-intake/uk_spelling_words_age_estimates.csv,internal/project-authored,Candidate selected from the project-authored UK spelling-age evidence list; human review required before promotion.,high,approved_for_first_exposure,active
explanation_en_gb,explanation,explanation,en-GB,high,early_primary,high,internal_authored,Next Teaching Dictionary curriculum-evidence intake,docs/implementation/seed-data/teaching-dictionary/candidates/2026-06-29-phase-5-source-intake/uk_spelling_words_age_estimates.csv,internal/project-authored,Candidate selected from the project-authored UK spelling-age evidence list; human review required before promotion.,high,approved_for_first_exposure,active
horrible_en_gb,horrible,horrible,en-GB,high,early_primary,high,internal_authored,Next Teaching Dictionary curriculum-evidence intake,docs/implementation/seed-data/teaching-dictionary/candidates/2026-06-29-phase-5-source-intake/uk_spelling_words_age_estimates.csv,internal/project-authored,Candidate selected from the project-authored UK spelling-age evidence list; human review required before promotion.,high,approved_for_first_exposure,active
guarantee_en_gb,guarantee,guarantee,en-GB,high,early_primary,high,internal_authored,Next Teaching Dictionary curriculum-evidence intake,docs/implementation/seed-data/teaching-dictionary/candidates/2026-06-29-phase-5-source-intake/uk_spelling_words_age_estimates.csv,internal/project-authored,Candidate selected from the project-authored UK spelling-age evidence list; human review required before promotion.,high,approved_for_first_exposure,active
tape_en_gb,tape,tape,en-GB,high,early_primary,low,internal_authored,Next Teaching Dictionary curriculum-evidence intake,docs/implementation/seed-data/teaching-dictionary/candidates/2026-06-29-phase-5-source-intake/uk_spelling_words_age_estimates.csv,internal/project-authored,Candidate selected from the project-authored UK spelling-age evidence list; human review required before promotion.,high,approved_for_first_exposure,active
visiting_en_gb,visiting,visiting,en-GB,high,early_primary,medium,internal_authored,Next Teaching Dictionary curriculum-evidence intake,docs/implementation/seed-data/teaching-dictionary/candidates/2026-06-29-phase-5-source-intake/uk_spelling_words_age_estimates.csv,internal/project-authored,Candidate selected from the project-authored UK spelling-age evidence list; human review required before promotion.,high,approved_for_first_exposure,active
muscle_en_gb,muscle,muscle,en-GB,high,early_primary,medium,internal_authored,Next Teaching Dictionary curriculum-evidence intake,docs/implementation/seed-data/teaching-dictionary/candidates/2026-06-29-phase-5-source-intake/uk_spelling_words_age_estimates.csv,internal/project-authored,Candidate selected from the project-authored UK spelling-age evidence list; human review required before promotion.,high,approved_for_first_exposure,active
confident_en_gb,confident,confident,en-GB,high,middle_primary,high,internal_authored,Next Teaching Dictionary curriculum-evidence intake,docs/implementation/seed-data/teaching-dictionary/candidates/2026-06-29-phase-5-source-intake/uk_spelling_words_age_estimates.csv,internal/project-authored,Candidate selected from the project-authored UK spelling-age evidence list; human review required before promotion.,high,approved_for_first_exposure,active
containing_en_gb,containing,containing,en-GB,high,middle_primary,high,internal_authored,Next Teaching Dictionary curriculum-evidence intake,docs/implementation/seed-data/teaching-dictionary/candidates/2026-06-29-phase-5-source-intake/uk_spelling_words_age_estimates.csv,internal/project-authored,Candidate selected from the project-authored UK spelling-age evidence list; human review required before promotion.,high,approved_for_first_exposure,active
label_en_gb,label,label,en-GB,high,early_primary,medium,internal_authored,Next Teaching Dictionary curriculum-evidence intake,docs/implementation/seed-data/teaching-dictionary/candidates/2026-06-29-phase-5-source-intake/uk_spelling_words_age_estimates.csv,internal/project-authored,Candidate selected from the project-authored UK spelling-age evidence list; human review required before promotion.,high,approved_for_first_exposure,active
studying_en_gb,studying,studying,en-GB,high,early_primary,high,internal_authored,Next Teaching Dictionary curriculum-evidence intake,docs/implementation/seed-data/teaching-dictionary/candidates/2026-06-29-phase-5-source-intake/uk_spelling_words_age_estimates.csv,internal/project-authored,Candidate selected from the project-authored UK spelling-age evidence list; human review required before promotion.,high,approved_for_first_exposure,active
capture_en_gb,capture,capture,en-GB,high,early_primary,medium,internal_authored,Next Teaching Dictionary curriculum-evidence intake,docs/implementation/seed-data/teaching-dictionary/candidates/2026-06-29-phase-5-source-intake/uk_spelling_words_age_estimates.csv,internal/project-authored,Candidate selected from the project-authored UK spelling-age evidence list; human review required before promotion.,high,approved_for_first_exposure,active
ordinary_en_gb,ordinary,ordinary,en-GB,high,middle_primary,high,internal_authored,Next Teaching Dictionary curriculum-evidence intake,docs/implementation/seed-data/teaching-dictionary/candidates/2026-06-29-phase-5-source-intake/uk_spelling_words_age_estimates.csv,internal/project-authored,Candidate selected from the project-authored UK spelling-age evidence list; human review required before promotion.,high,approved_for_first_exposure,active
hunting_en_gb,hunting,hunting,en-GB,high,early_primary,medium,internal_authored,Next Teaching Dictionary curriculum-evidence intake,docs/implementation/seed-data/teaching-dictionary/candidates/2026-06-29-phase-5-source-intake/uk_spelling_words_age_estimates.csv,internal/project-authored,Candidate selected from the project-authored UK spelling-age evidence list; human review required before promotion.,high,approved_for_first_exposure,active
stomach_en_gb,stomach,stomach,en-GB,high,early_primary,medium,internal_authored,Next Teaching Dictionary curriculum-evidence intake,docs/implementation/seed-data/teaching-dictionary/candidates/2026-06-29-phase-5-source-intake/uk_spelling_words_age_estimates.csv,internal/project-authored,Candidate selected from the project-authored UK spelling-age evidence list; human review required before promotion.,high,approved_for_first_exposure,active
co_operate_en_gb,co-operate,co-operate,en-GB,high,middle_primary,medium,internal_authored,Next Teaching Dictionary curriculum-evidence intake,docs/implementation/seed-data/teaching-dictionary/candidates/2026-06-29-phase-5-source-intake/uk_spelling_words_age_estimates.csv,internal/project-authored,Candidate selected from the project-authored UK spelling-age evidence list; human review required before promotion.,high,approved_for_first_exposure,active
efficient_en_gb,efficient,efficient,en-GB,high,middle_primary,high,internal_authored,Next Teaching Dictionary curriculum-evidence intake,docs/implementation/seed-data/teaching-dictionary/candidates/2026-06-29-phase-5-source-intake/uk_spelling_words_age_estimates.csv,internal/project-authored,Candidate selected from the project-authored UK spelling-age evidence list; human review required before promotion.,high,approved_for_first_exposure,active
ghost_en_gb,ghost,ghost,en-GB,high,middle_primary,low,internal_authored,Next Teaching Dictionary curriculum-evidence intake,docs/implementation/seed-data/teaching-dictionary/candidates/2026-06-29-phase-5-source-intake/uk_spelling_words_age_estimates.csv,internal/project-authored,Candidate selected from the project-authored UK spelling-age evidence list; human review required before promotion.,high,approved_for_first_exposure,active
illness_en_gb,illness,illness,en-GB,high,early_primary,medium,internal_authored,Next Teaching Dictionary curriculum-evidence intake,docs/implementation/seed-data/teaching-dictionary/candidates/2026-06-29-phase-5-source-intake/uk_spelling_words_age_estimates.csv,internal/project-authored,Candidate selected from the project-authored UK spelling-age evidence list; human review required before promotion.,high,approved_for_first_exposure,active
cousin_en_gb,cousin,cousin,en-GB,high,early_primary,medium,internal_authored,Next Teaching Dictionary curriculum-evidence intake,docs/implementation/seed-data/teaching-dictionary/candidates/2026-06-29-phase-5-source-intake/uk_spelling_words_age_estimates.csv,internal/project-authored,Candidate selected from the project-authored UK spelling-age evidence list; human review required before promotion.,high,approved_for_first_exposure,active
banned_en_gb,banned,banned,en-GB,high,middle_primary,low,internal_authored,Next Teaching Dictionary curriculum-evidence intake,docs/implementation/seed-data/teaching-dictionary/candidates/2026-06-29-phase-5-source-intake/uk_spelling_words_age_estimates.csv,internal/project-authored,Candidate selected from the project-authored UK spelling-age evidence list; human review required before promotion.,high,approved_for_first_exposure,active
steal_en_gb,steal,steal,en-GB,high,early_primary,low,internal_authored,Next Teaching Dictionary curriculum-evidence intake,docs/implementation/seed-data/teaching-dictionary/candidates/2026-06-29-phase-5-source-intake/uk_spelling_words_age_estimates.csv,internal/project-authored,Candidate selected from the project-authored UK spelling-age evidence list; human review required before promotion.,high,approved_for_first_exposure,active
forgotten_en_gb,forgotten,forgotten,en-GB,high,early_primary,high,internal_authored,Next Teaching Dictionary curriculum-evidence intake,docs/implementation/seed-data/teaching-dictionary/candidates/2026-06-29-phase-5-source-intake/uk_spelling_words_age_estimates.csv,internal/project-authored,Candidate selected from the project-authored UK spelling-age evidence list; human review required before promotion.,high,approved_for_first_exposure,active
marry_en_gb,marry,marry,en-GB,high,middle_primary,medium,internal_authored,Next Teaching Dictionary curriculum-evidence intake,docs/implementation/seed-data/teaching-dictionary/candidates/2026-06-29-phase-5-source-intake/uk_spelling_words_age_estimates.csv,internal/project-authored,Candidate selected from the project-authored UK spelling-age evidence list; human review required before promotion.,high,approved_for_first_exposure,active
crystal_en_gb,crystal,crystal,en-GB,high,early_primary,medium,internal_authored,Next Teaching Dictionary curriculum-evidence intake,docs/implementation/seed-data/teaching-dictionary/candidates/2026-06-29-phase-5-source-intake/uk_spelling_words_age_estimates.csv,internal/project-authored,Candidate selected from the project-authored UK spelling-age evidence list; human review required before promotion.,high,approved_for_first_exposure,active
desert_en_gb,desert,desert,en-GB,high,early_primary,medium,internal_authored,Next Teaching Dictionary curriculum-evidence intake,docs/implementation/seed-data/teaching-dictionary/candidates/2026-06-29-phase-5-source-intake/uk_spelling_words_age_estimates.csv,internal/project-authored,Candidate selected from the project-authored UK spelling-age evidence list; human review required before promotion.,high,approved_for_first_exposure,active
occasionally_en_gb,occasionally,occasionally,en-GB,high,early_primary,high,internal_authored,Next Teaching Dictionary curriculum-evidence intake,docs/implementation/seed-data/teaching-dictionary/candidates/2026-06-29-phase-5-source-intake/uk_spelling_words_age_estimates.csv,internal/project-authored,Candidate selected from the project-authored UK spelling-age evidence list; human review required before promotion.,high,approved_for_first_exposure,active
translation_en_gb,translation,translation,en-GB,high,early_primary,high,internal_authored,Next Teaching Dictionary curriculum-evidence intake,docs/implementation/seed-data/teaching-dictionary/candidates/2026-06-29-phase-5-source-intake/uk_spelling_words_age_estimates.csv,internal/project-authored,Candidate selected from the project-authored UK spelling-age evidence list; human review required before promotion.,high,approved_for_first_exposure,active
keys_en_gb,keys,keys,en-GB,high,early_primary,low,internal_authored,Next Teaching Dictionary curriculum-evidence intake,docs/implementation/seed-data/teaching-dictionary/candidates/2026-06-29-phase-5-source-intake/uk_spelling_words_age_estimates.csv,internal/project-authored,Candidate selected from the project-authored UK spelling-age evidence list; human review required before promotion.,high,approved_for_first_exposure,active
medal_en_gb,medal,medal,en-GB,high,early_primary,medium,internal_authored,Next Teaching Dictionary curriculum-evidence intake,docs/implementation/seed-data/teaching-dictionary/candidates/2026-06-29-phase-5-source-intake/uk_spelling_words_age_estimates.csv,internal/project-authored,Candidate selected from the project-authored UK spelling-age evidence list; human review required before promotion.,high,approved_for_first_exposure,active
incredibly_en_gb,incredibly,incredibly,en-GB,high,early_primary,high,internal_authored,Next Teaching Dictionary curriculum-evidence intake,docs/implementation/seed-data/teaching-dictionary/candidates/2026-06-29-phase-5-source-intake/uk_spelling_words_age_estimates.csv,internal/project-authored,Candidate selected from the project-authored UK spelling-age evidence list; human review required before promotion.,high,approved_for_first_exposure,active
possession_en_gb,possession,possession,en-GB,high,early_primary,high,internal_authored,Next Teaching Dictionary curriculum-evidence intake,docs/implementation/seed-data/teaching-dictionary/candidates/2026-06-29-phase-5-source-intake/uk_spelling_words_age_estimates.csv,internal/project-authored,Candidate selected from the project-authored UK spelling-age evidence list; human review required before promotion.,high,approved_for_first_exposure,active
pace_en_gb,pace,pace,en-GB,high,early_primary,low,internal_authored,Next Teaching Dictionary curriculum-evidence intake,docs/implementation/seed-data/teaching-dictionary/candidates/2026-06-29-phase-5-source-intake/uk_spelling_words_age_estimates.csv,internal/project-authored,Candidate selected from the project-authored UK spelling-age evidence list; human review required before promotion.,high,approved_for_first_exposure,active
arrive_en_gb,arrive,arrive,en-GB,high,middle_primary,medium,internal_authored,Next Teaching Dictionary curriculum-evidence intake,docs/implementation/seed-data/teaching-dictionary/candidates/2026-06-29-phase-5-source-intake/uk_spelling_words_age_estimates.csv,internal/project-authored,Candidate selected from the project-authored UK spelling-age evidence list; human review required before promotion.,high,approved_for_first_exposure,active
occasion_en_gb,occasion,occasion,en-GB,high,middle_primary,medium,internal_authored,Next Teaching Dictionary curriculum-evidence intake,docs/implementation/seed-data/teaching-dictionary/candidates/2026-06-29-phase-5-source-intake/uk_spelling_words_age_estimates.csv,internal/project-authored,Candidate selected from the project-authored UK spelling-age evidence list; human review required before promotion.,high,approved_for_first_exposure,active
experiment_en_gb,experiment,experiment,en-GB,high,early_primary,high,internal_authored,Next Teaching Dictionary curriculum-evidence intake,docs/implementation/seed-data/teaching-dictionary/candidates/2026-06-29-phase-5-source-intake/uk_spelling_words_age_estimates.csv,internal/project-authored,Candidate selected from the project-authored UK spelling-age evidence list; human review required before promotion.,high,approved_for_first_exposure,active
efficiency_en_gb,efficiency,efficiency,en-GB,high,middle_primary,high,internal_authored,Next Teaching Dictionary curriculum-evidence intake,docs/implementation/seed-data/teaching-dictionary/candidates/2026-06-29-phase-5-source-intake/uk_spelling_words_age_estimates.csv,internal/project-authored,Candidate selected from the project-authored UK spelling-age evidence list; human review required before promotion.,high,approved_for_first_exposure,active
hunter_en_gb,hunter,hunter,en-GB,high,early_primary,medium,internal_authored,Next Teaching Dictionary curriculum-evidence intake,docs/implementation/seed-data/teaching-dictionary/candidates/2026-06-29-phase-5-source-intake/uk_spelling_words_age_estimates.csv,internal/project-authored,Candidate selected from the project-authored UK spelling-age evidence list; human review required before promotion.,high,approved_for_first_exposure,active
scary_en_gb,scary,scary,en-GB,high,early_primary,medium,internal_authored,Next Teaching Dictionary curriculum-evidence intake,docs/implementation/seed-data/teaching-dictionary/candidates/2026-06-29-phase-5-source-intake/uk_spelling_words_age_estimates.csv,internal/project-authored,Candidate selected from the project-authored UK spelling-age evidence list; human review required before promotion.,high,approved_for_first_exposure,active
exhibition_en_gb,exhibition,exhibition,en-GB,high,early_primary,high,internal_authored,Next Teaching Dictionary curriculum-evidence intake,docs/implementation/seed-data/teaching-dictionary/candidates/2026-06-29-phase-5-source-intake/uk_spelling_words_age_estimates.csv,internal/project-authored,Candidate selected from the project-authored UK spelling-age evidence list; human review required before promotion.,high,approved_for_first_exposure,active
hook_en_gb,hook,hook,en-GB,high,upper_primary,low,internal_authored,Next Teaching Dictionary curriculum-evidence intake,docs/implementation/seed-data/teaching-dictionary/candidates/2026-06-29-phase-5-source-intake/uk_spelling_words_age_estimates.csv,internal/project-authored,Candidate selected from the project-authored UK spelling-age evidence list; human review required before promotion.,high,approved_for_first_exposure,active
regret_en_gb,regret,regret,en-GB,high,early_primary,medium,internal_authored,Next Teaching Dictionary curriculum-evidence intake,docs/implementation/seed-data/teaching-dictionary/candidates/2026-06-29-phase-5-source-intake/uk_spelling_words_age_estimates.csv,internal/project-authored,Candidate selected from the project-authored UK spelling-age evidence list; human review required before promotion.,high,approved_for_first_exposure,active
tongue_en_gb,tongue,tongue,en-GB,high,early_primary,low,internal_authored,Next Teaching Dictionary curriculum-evidence intake,docs/implementation/seed-data/teaching-dictionary/candidates/2026-06-29-phase-5-source-intake/uk_spelling_words_age_estimates.csv,internal/project-authored,Candidate selected from the project-authored UK spelling-age evidence list; human review required before promotion.,high,approved_for_first_exposure,active
residence_en_gb,residence,residence,en-GB,high,early_primary,high,internal_authored,Next Teaching Dictionary curriculum-evidence intake,docs/implementation/seed-data/teaching-dictionary/candidates/2026-06-29-phase-5-source-intake/uk_spelling_words_age_estimates.csv,internal/project-authored,Candidate selected from the project-authored UK spelling-age evidence list; human review required before promotion.,high,approved_for_first_exposure,active
frequency_en_gb,frequency,frequency,en-GB,high,upper_primary,high,internal_authored,Next Teaching Dictionary curriculum-evidence intake,docs/implementation/seed-data/teaching-dictionary/candidates/2026-06-29-phase-5-source-intake/uk_spelling_words_age_estimates.csv,internal/project-authored,Candidate selected from the project-authored UK spelling-age evidence list; human review required before promotion.,high,approved_for_first_exposure,active
tube_en_gb,tube,tube,en-GB,high,early_primary,low,internal_authored,Next Teaching Dictionary curriculum-evidence intake,docs/implementation/seed-data/teaching-dictionary/candidates/2026-06-29-phase-5-source-intake/uk_spelling_words_age_estimates.csv,internal/project-authored,Candidate selected from the project-authored UK spelling-age evidence list; human review required before promotion.,high,approved_for_first_exposure,active
organisation_en_gb,organisation,organisation,en-GB,high,middle_primary,high,internal_authored,Next Teaching Dictionary curriculum-evidence intake,docs/implementation/seed-data/teaching-dictionary/candidates/2026-06-29-phase-5-source-intake/uk_spelling_words_age_estimates.csv,internal/project-authored,Candidate selected from the project-authored UK spelling-age evidence list; human review required before promotion.,high,approved_for_first_exposure,active
transferred_en_gb,transferred,transferred,en-GB,high,middle_primary,high,internal_authored,Next Teaching Dictionary curriculum-evidence intake,docs/implementation/seed-data/teaching-dictionary/candidates/2026-06-29-phase-5-source-intake/uk_spelling_words_age_estimates.csv,internal/project-authored,Candidate selected from the project-authored UK spelling-age evidence list; human review required before promotion.,high,approved_for_first_exposure,active
impression_en_gb,impression,impression,en-GB,high,middle_primary,high,internal_authored,Next Teaching Dictionary curriculum-evidence intake,docs/implementation/seed-data/teaching-dictionary/candidates/2026-06-29-phase-5-source-intake/uk_spelling_words_age_estimates.csv,internal/project-authored,Candidate selected from the project-authored UK spelling-age evidence list; human review required before promotion.,high,approved_for_first_exposure,active
tear_en_gb,tear,tear,en-GB,high,early_primary,low,internal_authored,Next Teaching Dictionary curriculum-evidence intake,docs/implementation/seed-data/teaching-dictionary/candidates/2026-06-29-phase-5-source-intake/uk_spelling_words_age_estimates.csv,internal/project-authored,Candidate selected from the project-authored UK spelling-age evidence list; human review required before promotion.,high,approved_for_first_exposure,active
fancy_en_gb,fancy,fancy,en-GB,high,middle_primary,medium,internal_authored,Next Teaching Dictionary curriculum-evidence intake,docs/implementation/seed-data/teaching-dictionary/candidates/2026-06-29-phase-5-source-intake/uk_spelling_words_age_estimates.csv,internal/project-authored,Candidate selected from the project-authored UK spelling-age evidence list; human review required before promotion.,high,approved_for_first_exposure,active
rob_en_gb,rob,rob,en-GB,high,early_primary,low,internal_authored,Next Teaching Dictionary curriculum-evidence intake,docs/implementation/seed-data/teaching-dictionary/candidates/2026-06-29-phase-5-source-intake/uk_spelling_words_age_estimates.csv,internal/project-authored,Candidate selected from the project-authored UK spelling-age evidence list; human review required before promotion.,high,approved_for_first_exposure,active
preferred_en_gb,preferred,preferred,en-GB,high,early_primary,medium,internal_authored,Next Teaching Dictionary curriculum-evidence intake,docs/implementation/seed-data/teaching-dictionary/candidates/2026-06-29-phase-5-source-intake/uk_spelling_words_age_estimates.csv,internal/project-authored,Candidate selected from the project-authored UK spelling-age evidence list; human review required before promotion.,high,approved_for_first_exposure,active
expand_en_gb,expand,expand,en-GB,high,early_primary,medium,internal_authored,Next Teaching Dictionary curriculum-evidence intake,docs/implementation/seed-data/teaching-dictionary/candidates/2026-06-29-phase-5-source-intake/uk_spelling_words_age_estimates.csv,internal/project-authored,Candidate selected from the project-authored UK spelling-age evidence list; human review required before promotion.,high,approved_for_first_exposure,active
gorgeous_en_gb,gorgeous,gorgeous,en-GB,high,early_primary,medium,internal_authored,Next Teaching Dictionary curriculum-evidence intake,docs/implementation/seed-data/teaching-dictionary/candidates/2026-06-29-phase-5-source-intake/uk_spelling_words_age_estimates.csv,internal/project-authored,Candidate selected from the project-authored UK spelling-age evidence list; human review required before promotion.,high,approved_for_first_exposure,active
referring_en_gb,referring,referring,en-GB,high,middle_primary,high,internal_authored,Next Teaching Dictionary curriculum-evidence intake,docs/implementation/seed-data/teaching-dictionary/candidates/2026-06-29-phase-5-source-intake/uk_spelling_words_age_estimates.csv,internal/project-authored,Candidate selected from the project-authored UK spelling-age evidence list; human review required before promotion.,high,approved_for_first_exposure,active
ought_en_gb,ought,ought,en-GB,high,early_primary,low,internal_authored,Next Teaching Dictionary curriculum-evidence intake,docs/implementation/seed-data/teaching-dictionary/candidates/2026-06-29-phase-5-source-intake/uk_spelling_words_age_estimates.csv,internal/project-authored,Candidate selected from the project-authored UK spelling-age evidence list; human review required before promotion.,high,approved_for_first_exposure,active
extend_en_gb,extend,extend,en-GB,high,early_primary,medium,internal_authored,Next Teaching Dictionary curriculum-evidence intake,docs/implementation/seed-data/teaching-dictionary/candidates/2026-06-29-phase-5-source-intake/uk_spelling_words_age_estimates.csv,internal/project-authored,Candidate selected from the project-authored UK spelling-age evidence list; human review required before promotion.,high,approved_for_first_exposure,active
man_s_en_gb,man's,man's,en-GB,high,early_primary,low,internal_authored,Next Teaching Dictionary curriculum-evidence intake,docs/implementation/seed-data/teaching-dictionary/candidates/2026-06-29-phase-5-source-intake/uk_spelling_words_age_estimates.csv,internal/project-authored,Candidate selected from the project-authored UK spelling-age evidence list; human review required before promotion.,high,approved_for_first_exposure,active
delicious_en_gb,delicious,delicious,en-GB,high,early_primary,high,internal_authored,Next Teaching Dictionary curriculum-evidence intake,docs/implementation/seed-data/teaching-dictionary/candidates/2026-06-29-phase-5-source-intake/uk_spelling_words_age_estimates.csv,internal/project-authored,Candidate selected from the project-authored UK spelling-age evidence list; human review required before promotion.,high,approved_for_first_exposure,active
principle_en_gb,principle,principle,en-GB,high,middle_primary,high,internal_authored,Next Teaching Dictionary curriculum-evidence intake,docs/implementation/seed-data/teaching-dictionary/candidates/2026-06-29-phase-5-source-intake/uk_spelling_words_age_estimates.csv,internal/project-authored,Candidate selected from the project-authored UK spelling-age evidence list; human review required before promotion.,high,approved_for_first_exposure,active
transmission_en_gb,transmission,transmission,en-GB,high,early_primary,high,internal_authored,Next Teaching Dictionary curriculum-evidence intake,docs/implementation/seed-data/teaching-dictionary/candidates/2026-06-29-phase-5-source-intake/uk_spelling_words_age_estimates.csv,internal/project-authored,Candidate selected from the project-authored UK spelling-age evidence list; human review required before promotion.,high,approved_for_first_exposure,active
residential_en_gb,residential,residential,en-GB,high,middle_primary,high,internal_authored,Next Teaching Dictionary curriculum-evidence intake,docs/implementation/seed-data/teaching-dictionary/candidates/2026-06-29-phase-5-source-intake/uk_spelling_words_age_estimates.csv,internal/project-authored,Candidate selected from the project-authored UK spelling-age evidence list; human review required before promotion.,high,approved_for_first_exposure,active
substantial_en_gb,substantial,substantial,en-GB,high,upper_primary,high,internal_authored,Next Teaching Dictionary curriculum-evidence intake,docs/implementation/seed-data/teaching-dictionary/candidates/2026-06-29-phase-5-source-intake/uk_spelling_words_age_estimates.csv,internal/project-authored,Candidate selected from the project-authored UK spelling-age evidence list; human review required before promotion.,high,approved_for_first_exposure,active
dropping_en_gb,dropping,dropping,en-GB,high,early_primary,medium,internal_authored,Next Teaching Dictionary curriculum-evidence intake,docs/implementation/seed-data/teaching-dictionary/candidates/2026-06-29-phase-5-source-intake/uk_spelling_words_age_estimates.csv,internal/project-authored,Candidate selected from the project-authored UK spelling-age evidence list; human review required before promotion.,high,approved_for_first_exposure,active
commit_en_gb,commit,commit,en-GB,high,middle_primary,medium,internal_authored,Next Teaching Dictionary curriculum-evidence intake,docs/implementation/seed-data/teaching-dictionary/candidates/2026-06-29-phase-5-source-intake/uk_spelling_words_age_estimates.csv,internal/project-authored,Candidate selected from the project-authored UK spelling-age evidence list; human review required before promotion.,high,approved_for_first_exposure,active
column_en_gb,column,column,en-GB,high,early_primary,medium,internal_authored,Next Teaching Dictionary curriculum-evidence intake,docs/implementation/seed-data/teaching-dictionary/candidates/2026-06-29-phase-5-source-intake/uk_spelling_words_age_estimates.csv,internal/project-authored,Candidate selected from the project-authored UK spelling-age evidence list; human review required before promotion.,high,approved_for_first_exposure,active
painful_en_gb,painful,painful,en-GB,high,early_primary,medium,internal_authored,Next Teaching Dictionary curriculum-evidence intake,docs/implementation/seed-data/teaching-dictionary/candidates/2026-06-29-phase-5-source-intake/uk_spelling_words_age_estimates.csv,internal/project-authored,Candidate selected from the project-authored UK spelling-age evidence list; human review required before promotion.,high,approved_for_first_exposure,active
preparation_en_gb,preparation,preparation,en-GB,high,early_primary,high,internal_authored,Next Teaching Dictionary curriculum-evidence intake,docs/implementation/seed-data/teaching-dictionary/candidates/2026-06-29-phase-5-source-intake/uk_spelling_words_age_estimates.csv,internal/project-authored,Candidate selected from the project-authored UK spelling-age evidence list; human review required before promotion.,high,approved_for_first_exposure,active
aggressive_en_gb,aggressive,aggressive,en-GB,high,early_primary,high,internal_authored,Next Teaching Dictionary curriculum-evidence intake,docs/implementation/seed-data/teaching-dictionary/candidates/2026-06-29-phase-5-source-intake/uk_spelling_words_age_estimates.csv,internal/project-authored,Candidate selected from the project-authored UK spelling-age evidence list; human review required before promotion.,high,approved_for_first_exposure,active
sufficient_en_gb,sufficient,sufficient,en-GB,high,middle_primary,high,internal_authored,Next Teaching Dictionary curriculum-evidence intake,docs/implementation/seed-data/teaching-dictionary/candidates/2026-06-29-phase-5-source-intake/uk_spelling_words_age_estimates.csv,internal/project-authored,Candidate selected from the project-authored UK spelling-age evidence list; human review required before promotion.,high,approved_for_first_exposure,active
apparent_en_gb,apparent,apparent,en-GB,high,early_primary,high,internal_authored,Next Teaching Dictionary curriculum-evidence intake,docs/implementation/seed-data/teaching-dictionary/candidates/2026-06-29-phase-5-source-intake/uk_spelling_words_age_estimates.csv,internal/project-authored,Candidate selected from the project-authored UK spelling-age evidence list; human review required before promotion.,high,approved_for_first_exposure,active
tissue_en_gb,tissue,tissue,en-GB,high,early_primary,medium,internal_authored,Next Teaching Dictionary curriculum-evidence intake,docs/implementation/seed-data/teaching-dictionary/candidates/2026-06-29-phase-5-source-intake/uk_spelling_words_age_estimates.csv,internal/project-authored,Candidate selected from the project-authored UK spelling-age evidence list; human review required before promotion.,high,approved_for_first_exposure,active
jacket_en_gb,jacket,jacket,en-GB,high,early_primary,medium,internal_authored,Next Teaching Dictionary curriculum-evidence intake,docs/implementation/seed-data/teaching-dictionary/candidates/2026-06-29-phase-5-source-intake/uk_spelling_words_age_estimates.csv,internal/project-authored,Candidate selected from the project-authored UK spelling-age evidence list; human review required before promotion.,high,approved_for_first_exposure,active
courage_en_gb,courage,courage,en-GB,high,early_primary,medium,internal_authored,Next Teaching Dictionary curriculum-evidence intake,docs/implementation/seed-data/teaching-dictionary/candidates/2026-06-29-phase-5-source-intake/uk_spelling_words_age_estimates.csv,internal/project-authored,Candidate selected from the project-authored UK spelling-age evidence list; human review required before promotion.,high,approved_for_first_exposure,active
desperate_en_gb,desperate,desperate,en-GB,high,early_primary,medium,internal_authored,Next Teaching Dictionary curriculum-evidence intake,docs/implementation/seed-data/teaching-dictionary/candidates/2026-06-29-phase-5-source-intake/uk_spelling_words_age_estimates.csv,internal/project-authored,Candidate selected from the project-authored UK spelling-age evidence list; human review required before promotion.,high,approved_for_first_exposure,active
relation_en_gb,relation,relation,en-GB,high,early_primary,high,internal_authored,Next Teaching Dictionary curriculum-evidence intake,docs/implementation/seed-data/teaching-dictionary/candidates/2026-06-29-phase-5-source-intake/uk_spelling_words_age_estimates.csv,internal/project-authored,Candidate selected from the project-authored UK spelling-age evidence list; human review required before promotion.,high,approved_for_first_exposure,active
psychology_en_gb,psychology,psychology,en-GB,high,middle_primary,high,internal_authored,Next Teaching Dictionary curriculum-evidence intake,docs/implementation/seed-data/teaching-dictionary/candidates/2026-06-29-phase-5-source-intake/uk_spelling_words_age_estimates.csv,internal/project-authored,Candidate selected from the project-authored UK spelling-age evidence list; human review required before promotion.,high,approved_for_first_exposure,active
bite_en_gb,bite,bite,en-GB,high,early_primary,low,internal_authored,Next Teaching Dictionary curriculum-evidence intake,docs/implementation/seed-data/teaching-dictionary/candidates/2026-06-29-phase-5-source-intake/uk_spelling_words_age_estimates.csv,internal/project-authored,Candidate selected from the project-authored UK spelling-age evidence list; human review required before promotion.,high,approved_for_first_exposure,active
dare_en_gb,dare,dare,en-GB,high,middle_primary,low,internal_authored,Next Teaching Dictionary curriculum-evidence intake,docs/implementation/seed-data/teaching-dictionary/candidates/2026-06-29-phase-5-source-intake/uk_spelling_words_age_estimates.csv,internal/project-authored,Candidate selected from the project-authored UK spelling-age evidence list; human review required before promotion.,high,approved_for_first_exposure,active
symbol_en_gb,symbol,symbol,en-GB,high,early_primary,medium,internal_authored,Next Teaching Dictionary curriculum-evidence intake,docs/implementation/seed-data/teaching-dictionary/candidates/2026-06-29-phase-5-source-intake/uk_spelling_words_age_estimates.csv,internal/project-authored,Candidate selected from the project-authored UK spelling-age evidence list; human review required before promotion.,high,approved_for_first_exposure,active
racial_en_gb,racial,racial,en-GB,high,middle_primary,medium,internal_authored,Next Teaching Dictionary curriculum-evidence intake,docs/implementation/seed-data/teaching-dictionary/candidates/2026-06-29-phase-5-source-intake/uk_spelling_words_age_estimates.csv,internal/project-authored,Candidate selected from the project-authored UK spelling-age evidence list; human review required before promotion.,high,approved_for_first_exposure,active
bow_en_gb,bow,bow,en-GB,high,early_primary,low,internal_authored,Next Teaching Dictionary curriculum-evidence intake,docs/implementation/seed-data/teaching-dictionary/candidates/2026-06-29-phase-5-source-intake/uk_spelling_words_age_estimates.csv,internal/project-authored,Candidate selected from the project-authored UK spelling-age evidence list; human review required before promotion.,high,approved_for_first_exposure,active
devil_en_gb,devil,devil,en-GB,high,middle_primary,medium,internal_authored,Next Teaching Dictionary curriculum-evidence intake,docs/implementation/seed-data/teaching-dictionary/candidates/2026-06-29-phase-5-source-intake/uk_spelling_words_age_estimates.csv,internal/project-authored,Candidate selected from the project-authored UK spelling-age evidence list; human review required before promotion.,high,approved_for_first_exposure,active
celebration_en_gb,celebration,celebration,en-GB,high,early_primary,high,internal_authored,Next Teaching Dictionary curriculum-evidence intake,docs/implementation/seed-data/teaching-dictionary/candidates/2026-06-29-phase-5-source-intake/uk_spelling_words_age_estimates.csv,internal/project-authored,Candidate selected from the project-authored UK spelling-age evidence list; human review required before promotion.,high,approved_for_first_exposure,active
intelligent_en_gb,intelligent,intelligent,en-GB,high,early_primary,high,internal_authored,Next Teaching Dictionary curriculum-evidence intake,docs/implementation/seed-data/teaching-dictionary/candidates/2026-06-29-phase-5-source-intake/uk_spelling_words_age_estimates.csv,internal/project-authored,Candidate selected from the project-authored UK spelling-age evidence list; human review required before promotion.,high,approved_for_first_exposure,active
reliable_en_gb,reliable,reliable,en-GB,high,early_primary,high,internal_authored,Next Teaching Dictionary curriculum-evidence intake,docs/implementation/seed-data/teaching-dictionary/candidates/2026-06-29-phase-5-source-intake/uk_spelling_words_age_estimates.csv,internal/project-authored,Candidate selected from the project-authored UK spelling-age evidence list; human review required before promotion.,high,approved_for_first_exposure,active
sacrifice_en_gb,sacrifice,sacrifice,en-GB,high,early_primary,high,internal_authored,Next Teaching Dictionary curriculum-evidence intake,docs/implementation/seed-data/teaching-dictionary/candidates/2026-06-29-phase-5-source-intake/uk_spelling_words_age_estimates.csv,internal/project-authored,Candidate selected from the project-authored UK spelling-age evidence list; human review required before promotion.,high,approved_for_first_exposure,active
eligible_en_gb,eligible,eligible,en-GB,high,upper_primary,high,internal_authored,Next Teaching Dictionary curriculum-evidence intake,docs/implementation/seed-data/teaching-dictionary/candidates/2026-06-29-phase-5-source-intake/uk_spelling_words_age_estimates.csv,internal/project-authored,Candidate selected from the project-authored UK spelling-age evidence list; human review required before promotion.,high,approved_for_first_exposure,active
wore_en_gb,wore,wore,en-GB,high,early_primary,low,internal_authored,Next Teaching Dictionary curriculum-evidence intake,docs/implementation/seed-data/teaching-dictionary/candidates/2026-06-29-phase-5-source-intake/uk_spelling_words_age_estimates.csv,internal/project-authored,Candidate selected from the project-authored UK spelling-age evidence list; human review required before promotion.,high,approved_for_first_exposure,active
furniture_en_gb,furniture,furniture,en-GB,high,early_primary,high,internal_authored,Next Teaching Dictionary curriculum-evidence intake,docs/implementation/seed-data/teaching-dictionary/candidates/2026-06-29-phase-5-source-intake/uk_spelling_words_age_estimates.csv,internal/project-authored,Candidate selected from the project-authored UK spelling-age evidence list; human review required before promotion.,high,approved_for_first_exposure,active
awkward_en_gb,awkward,awkward,en-GB,high,early_primary,medium,internal_authored,Next Teaching Dictionary curriculum-evidence intake,docs/implementation/seed-data/teaching-dictionary/candidates/2026-06-29-phase-5-source-intake/uk_spelling_words_age_estimates.csv,internal/project-authored,Candidate selected from the project-authored UK spelling-age evidence list; human review required before promotion.,high,approved_for_first_exposure,active
stranger_en_gb,stranger,stranger,en-GB,high,early_primary,medium,internal_authored,Next Teaching Dictionary curriculum-evidence intake,docs/implementation/seed-data/teaching-dictionary/candidates/2026-06-29-phase-5-source-intake/uk_spelling_words_age_estimates.csv,internal/project-authored,Candidate selected from the project-authored UK spelling-age evidence list; human review required before promotion.,high,approved_for_first_exposure,active
publicly_en_gb,publicly,publicly,en-GB,high,upper_primary,high,internal_authored,Next Teaching Dictionary curriculum-evidence intake,docs/implementation/seed-data/teaching-dictionary/candidates/2026-06-29-phase-5-source-intake/uk_spelling_words_age_estimates.csv,internal/project-authored,Candidate selected from the project-authored UK spelling-age evidence list; human review required before promotion.,high,approved_for_first_exposure,active
consideration_en_gb,consideration,consideration,en-GB,high,early_primary,high,internal_authored,Next Teaching Dictionary curriculum-evidence intake,docs/implementation/seed-data/teaching-dictionary/candidates/2026-06-29-phase-5-source-intake/uk_spelling_words_age_estimates.csv,internal/project-authored,Candidate selected from the project-authored UK spelling-age evidence list; human review required before promotion.,high,approved_for_first_exposure,active
spare_en_gb,spare,spare,en-GB,high,early_primary,low,internal_authored,Next Teaching Dictionary curriculum-evidence intake,docs/implementation/seed-data/teaching-dictionary/candidates/2026-06-29-phase-5-source-intake/uk_spelling_words_age_estimates.csv,internal/project-authored,Candidate selected from the project-authored UK spelling-age evidence list; human review required before promotion.,high,approved_for_first_exposure,active
knight_en_gb,knight,knight,en-GB,high,early_primary,low,internal_authored,Next Teaching Dictionary curriculum-evidence intake,docs/implementation/seed-data/teaching-dictionary/candidates/2026-06-29-phase-5-source-intake/uk_spelling_words_age_estimates.csv,internal/project-authored,Candidate selected from the project-authored UK spelling-age evidence list; human review required before promotion.,high,approved_for_first_exposure,active
replied_en_gb,replied,replied,en-GB,high,early_primary,medium,internal_authored,Next Teaching Dictionary curriculum-evidence intake,docs/implementation/seed-data/teaching-dictionary/candidates/2026-06-29-phase-5-source-intake/uk_spelling_words_age_estimates.csv,internal/project-authored,Candidate selected from the project-authored UK spelling-age evidence list; human review required before promotion.,high,approved_for_first_exposure,active
mature_en_gb,mature,mature,en-GB,high,middle_primary,medium,internal_authored,Next Teaching Dictionary curriculum-evidence intake,docs/implementation/seed-data/teaching-dictionary/candidates/2026-06-29-phase-5-source-intake/uk_spelling_words_age_estimates.csv,internal/project-authored,Candidate selected from the project-authored UK spelling-age evidence list; human review required before promotion.,high,approved_for_first_exposure,active
submit_en_gb,submit,submit,en-GB,high,middle_primary,medium,internal_authored,Next Teaching Dictionary curriculum-evidence intake,docs/implementation/seed-data/teaching-dictionary/candidates/2026-06-29-phase-5-source-intake/uk_spelling_words_age_estimates.csv,internal/project-authored,Candidate selected from the project-authored UK spelling-age evidence list; human review required before promotion.,high,approved_for_first_exposure,active
crucial_en_gb,crucial,crucial,en-GB,high,lower_secondary,medium,internal_authored,Next Teaching Dictionary curriculum-evidence intake,docs/implementation/seed-data/teaching-dictionary/candidates/2026-06-29-phase-5-source-intake/uk_spelling_words_age_estimates.csv,internal/project-authored,Candidate selected from the project-authored UK spelling-age evidence list; human review required before promotion.,high,approved_for_first_exposure,active
equipped_en_gb,equipped,equipped,en-GB,high,upper_primary,medium,internal_authored,Next Teaching Dictionary curriculum-evidence intake,docs/implementation/seed-data/teaching-dictionary/candidates/2026-06-29-phase-5-source-intake/uk_spelling_words_age_estimates.csv,internal/project-authored,Candidate selected from the project-authored UK spelling-age evidence list; human review required before promotion.,high,approved_for_first_exposure,active
concentration_en_gb,concentration,concentration,en-GB,high,early_primary,high,internal_authored,Next Teaching Dictionary curriculum-evidence intake,docs/implementation/seed-data/teaching-dictionary/candidates/2026-06-29-phase-5-source-intake/uk_spelling_words_age_estimates.csv,internal/project-authored,Candidate selected from the project-authored UK spelling-age evidence list; human review required before promotion.,high,approved_for_first_exposure,active
chaos_en_gb,chaos,chaos,en-GB,high,upper_primary,medium,internal_authored,Next Teaching Dictionary curriculum-evidence intake,docs/implementation/seed-data/teaching-dictionary/candidates/2026-06-29-phase-5-source-intake/uk_spelling_words_age_estimates.csv,internal/project-authored,Candidate selected from the project-authored UK spelling-age evidence list; human review required before promotion.,high,approved_for_first_exposure,active
frequent_en_gb,frequent,frequent,en-GB,high,early_primary,medium,internal_authored,Next Teaching Dictionary curriculum-evidence intake,docs/implementation/seed-data/teaching-dictionary/candidates/2026-06-29-phase-5-source-intake/uk_spelling_words_age_estimates.csv,internal/project-authored,Candidate selected from the project-authored UK spelling-age evidence list; human review required before promotion.,high,approved_for_first_exposure,active
breathe_en_gb,breathe,breathe,en-GB,high,early_primary,medium,internal_authored,Next Teaching Dictionary curriculum-evidence intake,docs/implementation/seed-data/teaching-dictionary/candidates/2026-06-29-phase-5-source-intake/uk_spelling_words_age_estimates.csv,internal/project-authored,Candidate selected from the project-authored UK spelling-age evidence list; human review required before promotion.,high,approved_for_first_exposure,active
autumn_en_gb,autumn,autumn,en-GB,high,early_primary,medium,internal_authored,Next Teaching Dictionary curriculum-evidence intake,docs/implementation/seed-data/teaching-dictionary/candidates/2026-06-29-phase-5-source-intake/uk_spelling_words_age_estimates.csv,internal/project-authored,Candidate selected from the project-authored UK spelling-age evidence list; human review required before promotion.,high,approved_for_first_exposure,active
controversy_en_gb,controversy,controversy,en-GB,high,middle_primary,high,internal_authored,Next Teaching Dictionary curriculum-evidence intake,docs/implementation/seed-data/teaching-dictionary/candidates/2026-06-29-phase-5-source-intake/uk_spelling_words_age_estimates.csv,internal/project-authored,Candidate selected from the project-authored UK spelling-age evidence list; human review required before promotion.,high,approved_for_first_exposure,active
considerable_en_gb,considerable,considerable,en-GB,high,middle_primary,high,internal_authored,Next Teaching Dictionary curriculum-evidence intake,docs/implementation/seed-data/teaching-dictionary/candidates/2026-06-29-phase-5-source-intake/uk_spelling_words_age_estimates.csv,internal/project-authored,Candidate selected from the project-authored UK spelling-age evidence list; human review required before promotion.,high,approved_for_first_exposure,active
enormous_en_gb,enormous,enormous,en-GB,high,early_primary,medium,internal_authored,Next Teaching Dictionary curriculum-evidence intake,docs/implementation/seed-data/teaching-dictionary/candidates/2026-06-29-phase-5-source-intake/uk_spelling_words_age_estimates.csv,internal/project-authored,Candidate selected from the project-authored UK spelling-age evidence list; human review required before promotion.,high,approved_for_first_exposure,active
oxygen_en_gb,oxygen,oxygen,en-GB,high,early_primary,medium,internal_authored,Next Teaching Dictionary curriculum-evidence intake,docs/implementation/seed-data/teaching-dictionary/candidates/2026-06-29-phase-5-source-intake/uk_spelling_words_age_estimates.csv,internal/project-authored,Candidate selected from the project-authored UK spelling-age evidence list; human review required before promotion.,high,approved_for_first_exposure,active
suspension_en_gb,suspension,suspension,en-GB,high,lower_secondary,high,internal_authored,Next Teaching Dictionary curriculum-evidence intake,docs/implementation/seed-data/teaching-dictionary/candidates/2026-06-29-phase-5-source-intake/uk_spelling_words_age_estimates.csv,internal/project-authored,Candidate selected from the project-authored UK spelling-age evidence list; human review required before promotion.,high,approved_for_first_exposure,active
artificial_en_gb,artificial,artificial,en-GB,high,early_primary,high,internal_authored,Next Teaching Dictionary curriculum-evidence intake,docs/implementation/seed-data/teaching-dictionary/candidates/2026-06-29-phase-5-source-intake/uk_spelling_words_age_estimates.csv,internal/project-authored,Candidate selected from the project-authored UK spelling-age evidence list; human review required before promotion.,high,approved_for_first_exposure,active
dirt_en_gb,dirt,dirt,en-GB,high,early_primary,low,internal_authored,Next Teaching Dictionary curriculum-evidence intake,docs/implementation/seed-data/teaching-dictionary/candidates/2026-06-29-phase-5-source-intake/uk_spelling_words_age_estimates.csv,internal/project-authored,Candidate selected from the project-authored UK spelling-age evidence list; human review required before promotion.,high,approved_for_first_exposure,active
pat_en_gb,pat,pat,en-GB,high,early_primary,low,internal_authored,Next Teaching Dictionary curriculum-evidence intake,docs/implementation/seed-data/teaching-dictionary/candidates/2026-06-29-phase-5-source-intake/uk_spelling_words_age_estimates.csv,internal/project-authored,Candidate selected from the project-authored UK spelling-age evidence list; human review required before promotion.,high,approved_for_first_exposure,active
spy_en_gb,spy,spy,en-GB,high,early_primary,low,internal_authored,Next Teaching Dictionary curriculum-evidence intake,docs/implementation/seed-data/teaching-dictionary/candidates/2026-06-29-phase-5-source-intake/uk_spelling_words_age_estimates.csv,internal/project-authored,Candidate selected from the project-authored UK spelling-age evidence list; human review required before promotion.,high,approved_for_first_exposure,active
tunnel_en_gb,tunnel,tunnel,en-GB,high,early_primary,medium,internal_authored,Next Teaching Dictionary curriculum-evidence intake,docs/implementation/seed-data/teaching-dictionary/candidates/2026-06-29-phase-5-source-intake/uk_spelling_words_age_estimates.csv,internal/project-authored,Candidate selected from the project-authored UK spelling-age evidence list; human review required before promotion.,high,approved_for_first_exposure,active
jealous_en_gb,jealous,jealous,en-GB,high,middle_primary,medium,internal_authored,Next Teaching Dictionary curriculum-evidence intake,docs/implementation/seed-data/teaching-dictionary/candidates/2026-06-29-phase-5-source-intake/uk_spelling_words_age_estimates.csv,internal/project-authored,Candidate selected from the project-authored UK spelling-age evidence list; human review required before promotion.,high,approved_for_first_exposure,active
noble_en_gb,noble,noble,en-GB,high,upper_primary,medium,internal_authored,Next Teaching Dictionary curriculum-evidence intake,docs/implementation/seed-data/teaching-dictionary/candidates/2026-06-29-phase-5-source-intake/uk_spelling_words_age_estimates.csv,internal/project-authored,Candidate selected from the project-authored UK spelling-age evidence list; human review required before promotion.,high,approved_for_first_exposure,active
relate_en_gb,relate,relate,en-GB,high,middle_primary,medium,internal_authored,Next Teaching Dictionary curriculum-evidence intake,docs/implementation/seed-data/teaching-dictionary/candidates/2026-06-29-phase-5-source-intake/uk_spelling_words_age_estimates.csv,internal/project-authored,Candidate selected from the project-authored UK spelling-age evidence list; human review required before promotion.,high,approved_for_first_exposure,active
baker_en_gb,baker,baker,en-GB,high,early_primary,medium,internal_authored,Next Teaching Dictionary curriculum-evidence intake,docs/implementation/seed-data/teaching-dictionary/candidates/2026-06-29-phase-5-source-intake/uk_spelling_words_age_estimates.csv,internal/project-authored,Candidate selected from the project-authored UK spelling-age evidence list; human review required before promotion.,high,approved_for_first_exposure,active
invasion_en_gb,invasion,invasion,en-GB,high,early_primary,high,internal_authored,Next Teaching Dictionary curriculum-evidence intake,docs/implementation/seed-data/teaching-dictionary/candidates/2026-06-29-phase-5-source-intake/uk_spelling_words_age_estimates.csv,internal/project-authored,Candidate selected from the project-authored UK spelling-age evidence list; human review required before promotion.,high,approved_for_first_exposure,active
dominant_en_gb,dominant,dominant,en-GB,high,upper_primary,high,internal_authored,Next Teaching Dictionary curriculum-evidence intake,docs/implementation/seed-data/teaching-dictionary/candidates/2026-06-29-phase-5-source-intake/uk_spelling_words_age_estimates.csv,internal/project-authored,Candidate selected from the project-authored UK spelling-age evidence list; human review required before promotion.,high,approved_for_first_exposure,active
serial_en_gb,serial,serial,en-GB,high,middle_primary,medium,internal_authored,Next Teaching Dictionary curriculum-evidence intake,docs/implementation/seed-data/teaching-dictionary/candidates/2026-06-29-phase-5-source-intake/uk_spelling_words_age_estimates.csv,internal/project-authored,Candidate selected from the project-authored UK spelling-age evidence list; human review required before promotion.,high,approved_for_first_exposure,active
discipline_en_gb,discipline,discipline,en-GB,high,early_primary,high,internal_authored,Next Teaching Dictionary curriculum-evidence intake,docs/implementation/seed-data/teaching-dictionary/candidates/2026-06-29-phase-5-source-intake/uk_spelling_words_age_estimates.csv,internal/project-authored,Candidate selected from the project-authored UK spelling-age evidence list; human review required before promotion.,high,approved_for_first_exposure,active
useless_en_gb,useless,useless,en-GB,high,early_primary,medium,internal_authored,Next Teaching Dictionary curriculum-evidence intake,docs/implementation/seed-data/teaching-dictionary/candidates/2026-06-29-phase-5-source-intake/uk_spelling_words_age_estimates.csv,internal/project-authored,Candidate selected from the project-authored UK spelling-age evidence list; human review required before promotion.,high,approved_for_first_exposure,active
departure_en_gb,departure,departure,en-GB,high,early_primary,high,internal_authored,Next Teaching Dictionary curriculum-evidence intake,docs/implementation/seed-data/teaching-dictionary/candidates/2026-06-29-phase-5-source-intake/uk_spelling_words_age_estimates.csv,internal/project-authored,Candidate selected from the project-authored UK spelling-age evidence list; human review required before promotion.,high,approved_for_first_exposure,active
explosion_en_gb,explosion,explosion,en-GB,high,early_primary,high,internal_authored,Next Teaching Dictionary curriculum-evidence intake,docs/implementation/seed-data/teaching-dictionary/candidates/2026-06-29-phase-5-source-intake/uk_spelling_words_age_estimates.csv,internal/project-authored,Candidate selected from the project-authored UK spelling-age evidence list; human review required before promotion.,high,approved_for_first_exposure,active
accidentally_en_gb,accidentally,accidentally,en-GB,high,middle_primary,high,internal_authored,Next Teaching Dictionary curriculum-evidence intake,docs/implementation/seed-data/teaching-dictionary/candidates/2026-06-29-phase-5-source-intake/uk_spelling_words_age_estimates.csv,internal/project-authored,Candidate selected from the project-authored UK spelling-age evidence list; human review required before promotion.,high,approved_for_first_exposure,active
completion_en_gb,completion,completion,en-GB,high,early_primary,high,internal_authored,Next Teaching Dictionary curriculum-evidence intake,docs/implementation/seed-data/teaching-dictionary/candidates/2026-06-29-phase-5-source-intake/uk_spelling_words_age_estimates.csv,internal/project-authored,Candidate selected from the project-authored UK spelling-age evidence list; human review required before promotion.,high,approved_for_first_exposure,active
imagination_en_gb,imagination,imagination,en-GB,high,early_primary,high,internal_authored,Next Teaching Dictionary curriculum-evidence intake,docs/implementation/seed-data/teaching-dictionary/candidates/2026-06-29-phase-5-source-intake/uk_spelling_words_age_estimates.csv,internal/project-authored,Candidate selected from the project-authored UK spelling-age evidence list; human review required before promotion.,high,approved_for_first_exposure,active
woke_en_gb,woke,woke,en-GB,high,early_primary,low,internal_authored,Next Teaching Dictionary curriculum-evidence intake,docs/implementation/seed-data/teaching-dictionary/candidates/2026-06-29-phase-5-source-intake/uk_spelling_words_age_estimates.csv,internal/project-authored,Candidate selected from the project-authored UK spelling-age evidence list; human review required before promotion.,high,approved_for_first_exposure,active
pension_en_gb,pension,pension,en-GB,high,early_primary,medium,internal_authored,Next Teaching Dictionary curriculum-evidence intake,docs/implementation/seed-data/teaching-dictionary/candidates/2026-06-29-phase-5-source-intake/uk_spelling_words_age_estimates.csv,internal/project-authored,Candidate selected from the project-authored UK spelling-age evidence list; human review required before promotion.,high,approved_for_first_exposure,active
targeted_en_gb,targeted,targeted,en-GB,high,early_primary,medium,internal_authored,Next Teaching Dictionary curriculum-evidence intake,docs/implementation/seed-data/teaching-dictionary/candidates/2026-06-29-phase-5-source-intake/uk_spelling_words_age_estimates.csv,internal/project-authored,Candidate selected from the project-authored UK spelling-age evidence list; human review required before promotion.,high,approved_for_first_exposure,active
permit_en_gb,permit,permit,en-GB,high,early_primary,medium,internal_authored,Next Teaching Dictionary curriculum-evidence intake,docs/implementation/seed-data/teaching-dictionary/candidates/2026-06-29-phase-5-source-intake/uk_spelling_words_age_estimates.csv,internal/project-authored,Candidate selected from the project-authored UK spelling-age evidence list; human review required before promotion.,high,approved_for_first_exposure,active
lightning_en_gb,lightning,lightning,en-GB,high,early_primary,medium,internal_authored,Next Teaching Dictionary curriculum-evidence intake,docs/implementation/seed-data/teaching-dictionary/candidates/2026-06-29-phase-5-source-intake/uk_spelling_words_age_estimates.csv,internal/project-authored,Candidate selected from the project-authored UK spelling-age evidence list; human review required before promotion.,high,approved_for_first_exposure,active
amateur_en_gb,amateur,amateur,en-GB,high,early_primary,medium,internal_authored,Next Teaching Dictionary curriculum-evidence intake,docs/implementation/seed-data/teaching-dictionary/candidates/2026-06-29-phase-5-source-intake/uk_spelling_words_age_estimates.csv,internal/project-authored,Candidate selected from the project-authored UK spelling-age evidence list; human review required before promotion.,high,approved_for_first_exposure,active
closest_en_gb,closest,closest,en-GB,high,early_primary,medium,internal_authored,Next Teaching Dictionary curriculum-evidence intake,docs/implementation/seed-data/teaching-dictionary/candidates/2026-06-29-phase-5-source-intake/uk_spelling_words_age_estimates.csv,internal/project-authored,Candidate selected from the project-authored UK spelling-age evidence list; human review required before promotion.,high,approved_for_first_exposure,active
correctly_en_gb,correctly,correctly,en-GB,high,early_primary,high,internal_authored,Next Teaching Dictionary curriculum-evidence intake,docs/implementation/seed-data/teaching-dictionary/candidates/2026-06-29-phase-5-source-intake/uk_spelling_words_age_estimates.csv,internal/project-authored,Candidate selected from the project-authored UK spelling-age evidence list; human review required before promotion.,high,approved_for_first_exposure,active
scientist_en_gb,scientist,scientist,en-GB,high,early_primary,high,internal_authored,Next Teaching Dictionary curriculum-evidence intake,docs/implementation/seed-data/teaching-dictionary/candidates/2026-06-29-phase-5-source-intake/uk_spelling_words_age_estimates.csv,internal/project-authored,Candidate selected from the project-authored UK spelling-age evidence list; human review required before promotion.,high,approved_for_first_exposure,active
lied_en_gb,lied,lied,en-GB,high,lower_secondary,low,internal_authored,Next Teaching Dictionary curriculum-evidence intake,docs/implementation/seed-data/teaching-dictionary/candidates/2026-06-29-phase-5-source-intake/uk_spelling_words_age_estimates.csv,internal/project-authored,Candidate selected from the project-authored UK spelling-age evidence list; human review required before promotion.,high,approved_for_first_exposure,active
nail_en_gb,nail,nail,en-GB,high,early_primary,low,internal_authored,Next Teaching Dictionary curriculum-evidence intake,docs/implementation/seed-data/teaching-dictionary/candidates/2026-06-29-phase-5-source-intake/uk_spelling_words_age_estimates.csv,internal/project-authored,Candidate selected from the project-authored UK spelling-age evidence list; human review required before promotion.,high,approved_for_first_exposure,active
listened_en_gb,listened,listened,en-GB,high,early_primary,medium,internal_authored,Next Teaching Dictionary curriculum-evidence intake,docs/implementation/seed-data/teaching-dictionary/candidates/2026-06-29-phase-5-source-intake/uk_spelling_words_age_estimates.csv,internal/project-authored,Candidate selected from the project-authored UK spelling-age evidence list; human review required before promotion.,high,approved_for_first_exposure,active
pollution_en_gb,pollution,pollution,en-GB,high,early_primary,high,internal_authored,Next Teaching Dictionary curriculum-evidence intake,docs/implementation/seed-data/teaching-dictionary/candidates/2026-06-29-phase-5-source-intake/uk_spelling_words_age_estimates.csv,internal/project-authored,Candidate selected from the project-authored UK spelling-age evidence list; human review required before promotion.,high,approved_for_first_exposure,active
eighth_en_gb,eighth,eighth,en-GB,high,early_primary,medium,internal_authored,Next Teaching Dictionary curriculum-evidence intake,docs/implementation/seed-data/teaching-dictionary/candidates/2026-06-29-phase-5-source-intake/uk_spelling_words_age_estimates.csv,internal/project-authored,Candidate selected from the project-authored UK spelling-age evidence list; human review required before promotion.,high,approved_for_first_exposure,active
communicate_en_gb,communicate,communicate,en-GB,high,early_primary,high,internal_authored,Next Teaching Dictionary curriculum-evidence intake,docs/implementation/seed-data/teaching-dictionary/candidates/2026-06-29-phase-5-source-intake/uk_spelling_words_age_estimates.csv,internal/project-authored,Candidate selected from the project-authored UK spelling-age evidence list; human review required before promotion.,high,approved_for_first_exposure,active
depend_en_gb,depend,depend,en-GB,high,early_primary,medium,internal_authored,Next Teaching Dictionary curriculum-evidence intake,docs/implementation/seed-data/teaching-dictionary/candidates/2026-06-29-phase-5-source-intake/uk_spelling_words_age_estimates.csv,internal/project-authored,Candidate selected from the project-authored UK spelling-age evidence list; human review required before promotion.,high,approved_for_first_exposure,active
caring_en_gb,caring,caring,en-GB,high,early_primary,medium,internal_authored,Next Teaching Dictionary curriculum-evidence intake,docs/implementation/seed-data/teaching-dictionary/candidates/2026-06-29-phase-5-source-intake/uk_spelling_words_age_estimates.csv,internal/project-authored,Candidate selected from the project-authored UK spelling-age evidence list; human review required before promotion.,high,approved_for_first_exposure,active
hated_en_gb,hated,hated,en-GB,high,early_primary,medium,internal_authored,Next Teaching Dictionary curriculum-evidence intake,docs/implementation/seed-data/teaching-dictionary/candidates/2026-06-29-phase-5-source-intake/uk_spelling_words_age_estimates.csv,internal/project-authored,Candidate selected from the project-authored UK spelling-age evidence list; human review required before promotion.,high,approved_for_first_exposure,active
bored_en_gb,bored,bored,en-GB,high,middle_primary,low,internal_authored,Next Teaching Dictionary curriculum-evidence intake,docs/implementation/seed-data/teaching-dictionary/candidates/2026-06-29-phase-5-source-intake/uk_spelling_words_age_estimates.csv,internal/project-authored,Candidate selected from the project-authored UK spelling-age evidence list; human review required before promotion.,high,approved_for_first_exposure,active
forty_en_gb,forty,forty,en-GB,high,early_primary,medium,internal_authored,Next Teaching Dictionary curriculum-evidence intake,docs/implementation/seed-data/teaching-dictionary/candidates/2026-06-29-phase-5-source-intake/uk_spelling_words_age_estimates.csv,internal/project-authored,Candidate selected from the project-authored UK spelling-age evidence list; human review required before promotion.,high,approved_for_first_exposure,active
patience_en_gb,patience,patience,en-GB,high,middle_primary,medium,internal_authored,Next Teaching Dictionary curriculum-evidence intake,docs/implementation/seed-data/teaching-dictionary/candidates/2026-06-29-phase-5-source-intake/uk_spelling_words_age_estimates.csv,internal/project-authored,Candidate selected from the project-authored UK spelling-age evidence list; human review required before promotion.,high,approved_for_first_exposure,active
privilege_en_gb,privilege,privilege,en-GB,high,middle_primary,medium,internal_authored,Next Teaching Dictionary curriculum-evidence intake,docs/implementation/seed-data/teaching-dictionary/candidates/2026-06-29-phase-5-source-intake/uk_spelling_words_age_estimates.csv,internal/project-authored,Candidate selected from the project-authored UK spelling-age evidence list; human review required before promotion.,high,approved_for_first_exposure,active
excitement_en_gb,excitement,excitement,en-GB,high,early_primary,high,internal_authored,Next Teaching Dictionary curriculum-evidence intake,docs/implementation/seed-data/teaching-dictionary/candidates/2026-06-29-phase-5-source-intake/uk_spelling_words_age_estimates.csv,internal/project-authored,Candidate selected from the project-authored UK spelling-age evidence list; human review required before promotion.,high,approved_for_first_exposure,active
boot_en_gb,boot,boot,en-GB,high,lower_secondary,low,internal_authored,Next Teaching Dictionary curriculum-evidence intake,docs/implementation/seed-data/teaching-dictionary/candidates/2026-06-29-phase-5-source-intake/uk_spelling_words_age_estimates.csv,internal/project-authored,Candidate selected from the project-authored UK spelling-age evidence list; human review required before promotion.,high,approved_for_first_exposure,active
distant_en_gb,distant,distant,en-GB,high,upper_primary,medium,internal_authored,Next Teaching Dictionary curriculum-evidence intake,docs/implementation/seed-data/teaching-dictionary/candidates/2026-06-29-phase-5-source-intake/uk_spelling_words_age_estimates.csv,internal/project-authored,Candidate selected from the project-authored UK spelling-age evidence list; human review required before promotion.,high,approved_for_first_exposure,active
scenario_en_gb,scenario,scenario,en-GB,high,upper_primary,high,internal_authored,Next Teaching Dictionary curriculum-evidence intake,docs/implementation/seed-data/teaching-dictionary/candidates/2026-06-29-phase-5-source-intake/uk_spelling_words_age_estimates.csv,internal/project-authored,Candidate selected from the project-authored UK spelling-age evidence list; human review required before promotion.,high,approved_for_first_exposure,active
mixture_en_gb,mixture,mixture,en-GB,high,early_primary,medium,internal_authored,Next Teaching Dictionary curriculum-evidence intake,docs/implementation/seed-data/teaching-dictionary/candidates/2026-06-29-phase-5-source-intake/uk_spelling_words_age_estimates.csv,internal/project-authored,Candidate selected from the project-authored UK spelling-age evidence list; human review required before promotion.,high,approved_for_first_exposure,active
physician_en_gb,physician,physician,en-GB,high,early_primary,high,internal_authored,Next Teaching Dictionary curriculum-evidence intake,docs/implementation/seed-data/teaching-dictionary/candidates/2026-06-29-phase-5-source-intake/uk_spelling_words_age_estimates.csv,internal/project-authored,Candidate selected from the project-authored UK spelling-age evidence list; human review required before promotion.,high,approved_for_first_exposure,active
accessible_en_gb,accessible,accessible,en-GB,high,upper_primary,high,internal_authored,Next Teaching Dictionary curriculum-evidence intake,docs/implementation/seed-data/teaching-dictionary/candidates/2026-06-29-phase-5-source-intake/uk_spelling_words_age_estimates.csv,internal/project-authored,Candidate selected from the project-authored UK spelling-age evidence list; human review required before promotion.,high,approved_for_first_exposure,active
bare_en_gb,bare,bare,en-GB,high,middle_primary,low,internal_authored,Next Teaching Dictionary curriculum-evidence intake,docs/implementation/seed-data/teaching-dictionary/candidates/2026-06-29-phase-5-source-intake/uk_spelling_words_age_estimates.csv,internal/project-authored,Candidate selected from the project-authored UK spelling-age evidence list; human review required before promotion.,high,approved_for_first_exposure,active
clue_en_gb,clue,clue,en-GB,high,early_primary,low,internal_authored,Next Teaching Dictionary curriculum-evidence intake,docs/implementation/seed-data/teaching-dictionary/candidates/2026-06-29-phase-5-source-intake/uk_spelling_words_age_estimates.csv,internal/project-authored,Candidate selected from the project-authored UK spelling-age evidence list; human review required before promotion.,high,approved_for_first_exposure,active
she_ll_en_gb,she'll,she'll,en-GB,high,early_primary,low,internal_authored,Next Teaching Dictionary curriculum-evidence intake,docs/implementation/seed-data/teaching-dictionary/candidates/2026-06-29-phase-5-source-intake/uk_spelling_words_age_estimates.csv,internal/project-authored,Candidate selected from the project-authored UK spelling-age evidence list; human review required before promotion.,high,approved_for_first_exposure,active
conscious_en_gb,conscious,conscious,en-GB,high,early_primary,medium,internal_authored,Next Teaching Dictionary curriculum-evidence intake,docs/implementation/seed-data/teaching-dictionary/candidates/2026-06-29-phase-5-source-intake/uk_spelling_words_age_estimates.csv,internal/project-authored,Candidate selected from the project-authored UK spelling-age evidence list; human review required before promotion.,high,approved_for_first_exposure,active
proceed_en_gb,proceed,proceed,en-GB,high,early_primary,medium,internal_authored,Next Teaching Dictionary curriculum-evidence intake,docs/implementation/seed-data/teaching-dictionary/candidates/2026-06-29-phase-5-source-intake/uk_spelling_words_age_estimates.csv,internal/project-authored,Candidate selected from the project-authored UK spelling-age evidence list; human review required before promotion.,high,approved_for_first_exposure,active
suite_en_gb,suite,suite,en-GB,high,upper_primary,low,internal_authored,Next Teaching Dictionary curriculum-evidence intake,docs/implementation/seed-data/teaching-dictionary/candidates/2026-06-29-phase-5-source-intake/uk_spelling_words_age_estimates.csv,internal/project-authored,Candidate selected from the project-authored UK spelling-age evidence list; human review required before promotion.,high,approved_for_first_exposure,active
boxing_en_gb,boxing,boxing,en-GB,high,early_primary,medium,internal_authored,Next Teaching Dictionary curriculum-evidence intake,docs/implementation/seed-data/teaching-dictionary/candidates/2026-06-29-phase-5-source-intake/uk_spelling_words_age_estimates.csv,internal/project-authored,Candidate selected from the project-authored UK spelling-age evidence list; human review required before promotion.,high,approved_for_first_exposure,active
gentle_en_gb,gentle,gentle,en-GB,high,early_primary,medium,internal_authored,Next Teaching Dictionary curriculum-evidence intake,docs/implementation/seed-data/teaching-dictionary/candidates/2026-06-29-phase-5-source-intake/uk_spelling_words_age_estimates.csv,internal/project-authored,Candidate selected from the project-authored UK spelling-age evidence list; human review required before promotion.,high,approved_for_first_exposure,active
shine_en_gb,shine,shine,en-GB,high,early_primary,low,internal_authored,Next Teaching Dictionary curriculum-evidence intake,docs/implementation/seed-data/teaching-dictionary/candidates/2026-06-29-phase-5-source-intake/uk_spelling_words_age_estimates.csv,internal/project-authored,Candidate selected from the project-authored UK spelling-age evidence list; human review required before promotion.,high,approved_for_first_exposure,active
treasure_en_gb,treasure,treasure,en-GB,high,early_primary,medium,internal_authored,Next Teaching Dictionary curriculum-evidence intake,docs/implementation/seed-data/teaching-dictionary/candidates/2026-06-29-phase-5-source-intake/uk_spelling_words_age_estimates.csv,internal/project-authored,Candidate selected from the project-authored UK spelling-age evidence list; human review required before promotion.,high,approved_for_first_exposure,active
kicking_en_gb,kicking,kicking,en-GB,high,early_primary,medium,internal_authored,Next Teaching Dictionary curriculum-evidence intake,docs/implementation/seed-data/teaching-dictionary/candidates/2026-06-29-phase-5-source-intake/uk_spelling_words_age_estimates.csv,internal/project-authored,Candidate selected from the project-authored UK spelling-age evidence list; human review required before promotion.,high,approved_for_first_exposure,active
shy_en_gb,shy,shy,en-GB,high,early_primary,low,internal_authored,Next Teaching Dictionary curriculum-evidence intake,docs/implementation/seed-data/teaching-dictionary/candidates/2026-06-29-phase-5-source-intake/uk_spelling_words_age_estimates.csv,internal/project-authored,Candidate selected from the project-authored UK spelling-age evidence list; human review required before promotion.,high,approved_for_first_exposure,active
quietly_en_gb,quietly,quietly,en-GB,high,early_primary,medium,internal_authored,Next Teaching Dictionary curriculum-evidence intake,docs/implementation/seed-data/teaching-dictionary/candidates/2026-06-29-phase-5-source-intake/uk_spelling_words_age_estimates.csv,internal/project-authored,Candidate selected from the project-authored UK spelling-age evidence list; human review required before promotion.,high,approved_for_first_exposure,active
admission_en_gb,admission,admission,en-GB,high,early_primary,high,internal_authored,Next Teaching Dictionary curriculum-evidence intake,docs/implementation/seed-data/teaching-dictionary/candidates/2026-06-29-phase-5-source-intake/uk_spelling_words_age_estimates.csv,internal/project-authored,Candidate selected from the project-authored UK spelling-age evidence list; human review required before promotion.,high,approved_for_first_exposure,active
logical_en_gb,logical,logical,en-GB,high,middle_primary,medium,internal_authored,Next Teaching Dictionary curriculum-evidence intake,docs/implementation/seed-data/teaching-dictionary/candidates/2026-06-29-phase-5-source-intake/uk_spelling_words_age_estimates.csv,internal/project-authored,Candidate selected from the project-authored UK spelling-age evidence list; human review required before promotion.,high,approved_for_first_exposure,active
justify_en_gb,justify,justify,en-GB,high,middle_primary,medium,internal_authored,Next Teaching Dictionary curriculum-evidence intake,docs/implementation/seed-data/teaching-dictionary/candidates/2026-06-29-phase-5-source-intake/uk_spelling_words_age_estimates.csv,internal/project-authored,Candidate selected from the project-authored UK spelling-age evidence list; human review required before promotion.,high,approved_for_first_exposure,active
horn_en_gb,horn,horn,en-GB,high,early_primary,low,internal_authored,Next Teaching Dictionary curriculum-evidence intake,docs/implementation/seed-data/teaching-dictionary/candidates/2026-06-29-phase-5-source-intake/uk_spelling_words_age_estimates.csv,internal/project-authored,Candidate selected from the project-authored UK spelling-age evidence list; human review required before promotion.,high,approved_for_first_exposure,active
hurry_en_gb,hurry,hurry,en-GB,high,early_primary,medium,internal_authored,Next Teaching Dictionary curriculum-evidence intake,docs/implementation/seed-data/teaching-dictionary/candidates/2026-06-29-phase-5-source-intake/uk_spelling_words_age_estimates.csv,internal/project-authored,Candidate selected from the project-authored UK spelling-age evidence list; human review required before promotion.,high,approved_for_first_exposure,active
wrestling_en_gb,wrestling,wrestling,en-GB,high,early_primary,medium,internal_authored,Next Teaching Dictionary curriculum-evidence intake,docs/implementation/seed-data/teaching-dictionary/candidates/2026-06-29-phase-5-source-intake/uk_spelling_words_age_estimates.csv,internal/project-authored,Candidate selected from the project-authored UK spelling-age evidence list; human review required before promotion.,high,approved_for_first_exposure,active
re_examine_en_gb,re-examine,re-examine,en-GB,high,early_primary,medium,internal_authored,Next Teaching Dictionary curriculum-evidence intake,docs/implementation/seed-data/teaching-dictionary/candidates/2026-06-29-phase-5-source-intake/uk_spelling_words_age_estimates.csv,internal/project-authored,Candidate selected from the project-authored UK spelling-age evidence list; human review required before promotion.,high,approved_for_first_exposure,active
profession_en_gb,profession,profession,en-GB,high,early_primary,high,internal_authored,Next Teaching Dictionary curriculum-evidence intake,docs/implementation/seed-data/teaching-dictionary/candidates/2026-06-29-phase-5-source-intake/uk_spelling_words_age_estimates.csv,internal/project-authored,Candidate selected from the project-authored UK spelling-age evidence list; human review required before promotion.,high,approved_for_first_exposure,active
flexible_en_gb,flexible,flexible,en-GB,high,early_primary,high,internal_authored,Next Teaching Dictionary curriculum-evidence intake,docs/implementation/seed-data/teaching-dictionary/candidates/2026-06-29-phase-5-source-intake/uk_spelling_words_age_estimates.csv,internal/project-authored,Candidate selected from the project-authored UK spelling-age evidence list; human review required before promotion.,high,approved_for_first_exposure,active
observation_en_gb,observation,observation,en-GB,high,early_primary,high,internal_authored,Next Teaching Dictionary curriculum-evidence intake,docs/implementation/seed-data/teaching-dictionary/candidates/2026-06-29-phase-5-source-intake/uk_spelling_words_age_estimates.csv,internal/project-authored,Candidate selected from the project-authored UK spelling-age evidence list; human review required before promotion.,high,approved_for_first_exposure,active
applicable_en_gb,applicable,applicable,en-GB,high,upper_primary,high,internal_authored,Next Teaching Dictionary curriculum-evidence intake,docs/implementation/seed-data/teaching-dictionary/candidates/2026-06-29-phase-5-source-intake/uk_spelling_words_age_estimates.csv,internal/project-authored,Candidate selected from the project-authored UK spelling-age evidence list; human review required before promotion.,high,approved_for_first_exposure,active
cruel_en_gb,cruel,cruel,en-GB,high,early_primary,medium,internal_authored,Next Teaching Dictionary curriculum-evidence intake,docs/implementation/seed-data/teaching-dictionary/candidates/2026-06-29-phase-5-source-intake/uk_spelling_words_age_estimates.csv,internal/project-authored,Candidate selected from the project-authored UK spelling-age evidence list; human review required before promotion.,high,approved_for_first_exposure,active
dive_en_gb,dive,dive,en-GB,high,early_primary,low,internal_authored,Next Teaching Dictionary curriculum-evidence intake,docs/implementation/seed-data/teaching-dictionary/candidates/2026-06-29-phase-5-source-intake/uk_spelling_words_age_estimates.csv,internal/project-authored,Candidate selected from the project-authored UK spelling-age evidence list; human review required before promotion.,high,approved_for_first_exposure,active
blew_en_gb,blew,blew,en-GB,high,early_primary,low,internal_authored,Next Teaching Dictionary curriculum-evidence intake,docs/implementation/seed-data/teaching-dictionary/candidates/2026-06-29-phase-5-source-intake/uk_spelling_words_age_estimates.csv,internal/project-authored,Candidate selected from the project-authored UK spelling-age evidence list; human review required before promotion.,high,approved_for_first_exposure,active
jungle_en_gb,jungle,jungle,en-GB,high,middle_primary,medium,internal_authored,Next Teaching Dictionary curriculum-evidence intake,docs/implementation/seed-data/teaching-dictionary/candidates/2026-06-29-phase-5-source-intake/uk_spelling_words_age_estimates.csv,internal/project-authored,Candidate selected from the project-authored UK spelling-age evidence list; human review required before promotion.,high,approved_for_first_exposure,active
worrying_en_gb,worrying,worrying,en-GB,high,early_primary,medium,internal_authored,Next Teaching Dictionary curriculum-evidence intake,docs/implementation/seed-data/teaching-dictionary/candidates/2026-06-29-phase-5-source-intake/uk_spelling_words_age_estimates.csv,internal/project-authored,Candidate selected from the project-authored UK spelling-age evidence list; human review required before promotion.,high,approved_for_first_exposure,active
happily_en_gb,happily,happily,en-GB,high,early_primary,medium,internal_authored,Next Teaching Dictionary curriculum-evidence intake,docs/implementation/seed-data/teaching-dictionary/candidates/2026-06-29-phase-5-source-intake/uk_spelling_words_age_estimates.csv,internal/project-authored,Candidate selected from the project-authored UK spelling-age evidence list; human review required before promotion.,high,approved_for_first_exposure,active
attraction_en_gb,attraction,attraction,en-GB,high,early_primary,high,internal_authored,Next Teaching Dictionary curriculum-evidence intake,docs/implementation/seed-data/teaching-dictionary/candidates/2026-06-29-phase-5-source-intake/uk_spelling_words_age_estimates.csv,internal/project-authored,Candidate selected from the project-authored UK spelling-age evidence list; human review required before promotion.,high,approved_for_first_exposure,active
preference_en_gb,preference,preference,en-GB,high,middle_primary,high,internal_authored,Next Teaching Dictionary curriculum-evidence intake,docs/implementation/seed-data/teaching-dictionary/candidates/2026-06-29-phase-5-source-intake/uk_spelling_words_age_estimates.csv,internal/project-authored,Candidate selected from the project-authored UK spelling-age evidence list; human review required before promotion.,high,approved_for_first_exposure,active
ace_en_gb,ace,ace,en-GB,high,upper_primary,low,internal_authored,Next Teaching Dictionary curriculum-evidence intake,docs/implementation/seed-data/teaching-dictionary/candidates/2026-06-29-phase-5-source-intake/uk_spelling_words_age_estimates.csv,internal/project-authored,Candidate selected from the project-authored UK spelling-age evidence list; human review required before promotion.,high,approved_for_first_exposure,active
cared_en_gb,cared,cared,en-GB,high,early_primary,low,internal_authored,Next Teaching Dictionary curriculum-evidence intake,docs/implementation/seed-data/teaching-dictionary/candidates/2026-06-29-phase-5-source-intake/uk_spelling_words_age_estimates.csv,internal/project-authored,Candidate selected from the project-authored UK spelling-age evidence list; human review required before promotion.,high,approved_for_first_exposure,active
mixing_en_gb,mixing,mixing,en-GB,high,early_primary,medium,internal_authored,Next Teaching Dictionary curriculum-evidence intake,docs/implementation/seed-data/teaching-dictionary/candidates/2026-06-29-phase-5-source-intake/uk_spelling_words_age_estimates.csv,internal/project-authored,Candidate selected from the project-authored UK spelling-age evidence list; human review required before promotion.,high,approved_for_first_exposure,active
rage_en_gb,rage,rage,en-GB,high,early_primary,low,internal_authored,Next Teaching Dictionary curriculum-evidence intake,docs/implementation/seed-data/teaching-dictionary/candidates/2026-06-29-phase-5-source-intake/uk_spelling_words_age_estimates.csv,internal/project-authored,Candidate selected from the project-authored UK spelling-age evidence list; human review required before promotion.,high,approved_for_first_exposure,active
humble_en_gb,humble,humble,en-GB,high,middle_primary,medium,internal_authored,Next Teaching Dictionary curriculum-evidence intake,docs/implementation/seed-data/teaching-dictionary/candidates/2026-06-29-phase-5-source-intake/uk_spelling_words_age_estimates.csv,internal/project-authored,Candidate selected from the project-authored UK spelling-age evidence list; human review required before promotion.,high,approved_for_first_exposure,active
witch_en_gb,witch,witch,en-GB,high,early_primary,low,internal_authored,Next Teaching Dictionary curriculum-evidence intake,docs/implementation/seed-data/teaching-dictionary/candidates/2026-06-29-phase-5-source-intake/uk_spelling_words_age_estimates.csv,internal/project-authored,Candidate selected from the project-authored UK spelling-age evidence list; human review required before promotion.,high,approved_for_first_exposure,active
disagree_en_gb,disagree,disagree,en-GB,high,early_primary,high,internal_authored,Next Teaching Dictionary curriculum-evidence intake,docs/implementation/seed-data/teaching-dictionary/candidates/2026-06-29-phase-5-source-intake/uk_spelling_words_age_estimates.csv,internal/project-authored,Candidate selected from the project-authored UK spelling-age evidence list; human review required before promotion.,high,approved_for_first_exposure,active
invisible_en_gb,invisible,invisible,en-GB,high,early_primary,high,internal_authored,Next Teaching Dictionary curriculum-evidence intake,docs/implementation/seed-data/teaching-dictionary/candidates/2026-06-29-phase-5-source-intake/uk_spelling_words_age_estimates.csv,internal/project-authored,Candidate selected from the project-authored UK spelling-age evidence list; human review required before promotion.,high,approved_for_first_exposure,active
receiver_en_gb,receiver,receiver,en-GB,high,early_primary,high,internal_authored,Next Teaching Dictionary curriculum-evidence intake,docs/implementation/seed-data/teaching-dictionary/candidates/2026-06-29-phase-5-source-intake/uk_spelling_words_age_estimates.csv,internal/project-authored,Candidate selected from the project-authored UK spelling-age evidence list; human review required before promotion.,high,approved_for_first_exposure,active
suspicious_en_gb,suspicious,suspicious,en-GB,high,early_primary,high,internal_authored,Next Teaching Dictionary curriculum-evidence intake,docs/implementation/seed-data/teaching-dictionary/candidates/2026-06-29-phase-5-source-intake/uk_spelling_words_age_estimates.csv,internal/project-authored,Candidate selected from the project-authored UK spelling-age evidence list; human review required before promotion.,high,approved_for_first_exposure,active
thoroughly_en_gb,thoroughly,thoroughly,en-GB,high,early_primary,high,internal_authored,Next Teaching Dictionary curriculum-evidence intake,docs/implementation/seed-data/teaching-dictionary/candidates/2026-06-29-phase-5-source-intake/uk_spelling_words_age_estimates.csv,internal/project-authored,Candidate selected from the project-authored UK spelling-age evidence list; human review required before promotion.,high,approved_for_first_exposure,active
influential_en_gb,influential,influential,en-GB,high,upper_primary,high,internal_authored,Next Teaching Dictionary curriculum-evidence intake,docs/implementation/seed-data/teaching-dictionary/candidates/2026-06-29-phase-5-source-intake/uk_spelling_words_age_estimates.csv,internal/project-authored,Candidate selected from the project-authored UK spelling-age evidence list; human review required before promotion.,high,approved_for_first_exposure,active
dairy_en_gb,dairy,dairy,en-GB,high,early_primary,medium,internal_authored,Next Teaching Dictionary curriculum-evidence intake,docs/implementation/seed-data/teaching-dictionary/candidates/2026-06-29-phase-5-source-intake/uk_spelling_words_age_estimates.csv,internal/project-authored,Candidate selected from the project-authored UK spelling-age evidence list; human review required before promotion.,high,approved_for_first_exposure,active
bee_en_gb,bee,bee,en-GB,high,middle_primary,low,internal_authored,Next Teaching Dictionary curriculum-evidence intake,docs/implementation/seed-data/teaching-dictionary/candidates/2026-06-29-phase-5-source-intake/uk_spelling_words_age_estimates.csv,internal/project-authored,Candidate selected from the project-authored UK spelling-age evidence list; human review required before promotion.,high,approved_for_first_exposure,active
flies_en_gb,flies,flies,en-GB,high,early_primary,low,internal_authored,Next Teaching Dictionary curriculum-evidence intake,docs/implementation/seed-data/teaching-dictionary/candidates/2026-06-29-phase-5-source-intake/uk_spelling_words_age_estimates.csv,internal/project-authored,Candidate selected from the project-authored UK spelling-age evidence list; human review required before promotion.,high,approved_for_first_exposure,active
hug_en_gb,hug,hug,en-GB,high,early_primary,low,internal_authored,Next Teaching Dictionary curriculum-evidence intake,docs/implementation/seed-data/teaching-dictionary/candidates/2026-06-29-phase-5-source-intake/uk_spelling_words_age_estimates.csv,internal/project-authored,Candidate selected from the project-authored UK spelling-age evidence list; human review required before promotion.,high,approved_for_first_exposure,active
should_ve_en_gb,should've,should've,en-GB,high,early_primary,medium,internal_authored,Next Teaching Dictionary curriculum-evidence intake,docs/implementation/seed-data/teaching-dictionary/candidates/2026-06-29-phase-5-source-intake/uk_spelling_words_age_estimates.csv,internal/project-authored,Candidate selected from the project-authored UK spelling-age evidence list; human review required before promotion.,high,approved_for_first_exposure,active
potatoes_en_gb,potatoes,potatoes,en-GB,high,early_primary,medium,internal_authored,Next Teaching Dictionary curriculum-evidence intake,docs/implementation/seed-data/teaching-dictionary/candidates/2026-06-29-phase-5-source-intake/uk_spelling_words_age_estimates.csv,internal/project-authored,Candidate selected from the project-authored UK spelling-age evidence list; human review required before promotion.,high,approved_for_first_exposure,active
advise_en_gb,advise,advise,en-GB,high,early_primary,medium,internal_authored,Next Teaching Dictionary curriculum-evidence intake,docs/implementation/seed-data/teaching-dictionary/candidates/2026-06-29-phase-5-source-intake/uk_spelling_words_age_estimates.csv,internal/project-authored,Candidate selected from the project-authored UK spelling-age evidence list; human review required before promotion.,high,approved_for_first_exposure,active
fabulous_en_gb,fabulous,fabulous,en-GB,high,early_primary,high,internal_authored,Next Teaching Dictionary curriculum-evidence intake,docs/implementation/seed-data/teaching-dictionary/candidates/2026-06-29-phase-5-source-intake/uk_spelling_words_age_estimates.csv,internal/project-authored,Candidate selected from the project-authored UK spelling-age evidence list; human review required before promotion.,high,approved_for_first_exposure,active
gently_en_gb,gently,gently,en-GB,high,early_primary,medium,internal_authored,Next Teaching Dictionary curriculum-evidence intake,docs/implementation/seed-data/teaching-dictionary/candidates/2026-06-29-phase-5-source-intake/uk_spelling_words_age_estimates.csv,internal/project-authored,Candidate selected from the project-authored UK spelling-age evidence list; human review required before promotion.,high,approved_for_first_exposure,active
historically_en_gb,historically,historically,en-GB,high,early_primary,high,internal_authored,Next Teaching Dictionary curriculum-evidence intake,docs/implementation/seed-data/teaching-dictionary/candidates/2026-06-29-phase-5-source-intake/uk_spelling_words_age_estimates.csv,internal/project-authored,Candidate selected from the project-authored UK spelling-age evidence list; human review required before promotion.,high,approved_for_first_exposure,active
unbelievable_en_gb,unbelievable,unbelievable,en-GB,high,early_primary,high,internal_authored,Next Teaching Dictionary curriculum-evidence intake,docs/implementation/seed-data/teaching-dictionary/candidates/2026-06-29-phase-5-source-intake/uk_spelling_words_age_estimates.csv,internal/project-authored,Candidate selected from the project-authored UK spelling-age evidence list; human review required before promotion.,high,approved_for_first_exposure,active
beneficial_en_gb,beneficial,beneficial,en-GB,high,upper_primary,high,internal_authored,Next Teaching Dictionary curriculum-evidence intake,docs/implementation/seed-data/teaching-dictionary/candidates/2026-06-29-phase-5-source-intake/uk_spelling_words_age_estimates.csv,internal/project-authored,Candidate selected from the project-authored UK spelling-age evidence list; human review required before promotion.,high,approved_for_first_exposure,active
elephant_en_gb,elephant,elephant,en-GB,high,early_primary,medium,internal_authored,Next Teaching Dictionary curriculum-evidence intake,docs/implementation/seed-data/teaching-dictionary/candidates/2026-06-29-phase-5-source-intake/uk_spelling_words_age_estimates.csv,internal/project-authored,Candidate selected from the project-authored UK spelling-age evidence list; human review required before promotion.,high,approved_for_first_exposure,active
fairy_en_gb,fairy,fairy,en-GB,high,early_primary,medium,internal_authored,Next Teaching Dictionary curriculum-evidence intake,docs/implementation/seed-data/teaching-dictionary/candidates/2026-06-29-phase-5-source-intake/uk_spelling_words_age_estimates.csv,internal/project-authored,Candidate selected from the project-authored UK spelling-age evidence list; human review required before promotion.,high,approved_for_first_exposure,active
myth_en_gb,myth,myth,en-GB,high,middle_primary,low,internal_authored,Next Teaching Dictionary curriculum-evidence intake,docs/implementation/seed-data/teaching-dictionary/candidates/2026-06-29-phase-5-source-intake/uk_spelling_words_age_estimates.csv,internal/project-authored,Candidate selected from the project-authored UK spelling-age evidence list; human review required before promotion.,high,approved_for_first_exposure,active
architect_en_gb,architect,architect,en-GB,high,early_primary,high,internal_authored,Next Teaching Dictionary curriculum-evidence intake,docs/implementation/seed-data/teaching-dictionary/candidates/2026-06-29-phase-5-source-intake/uk_spelling_words_age_estimates.csv,internal/project-authored,Candidate selected from the project-authored UK spelling-age evidence list; human review required before promotion.,high,approved_for_first_exposure,active
grief_en_gb,grief,grief,en-GB,high,early_primary,low,internal_authored,Next Teaching Dictionary curriculum-evidence intake,docs/implementation/seed-data/teaching-dictionary/candidates/2026-06-29-phase-5-source-intake/uk_spelling_words_age_estimates.csv,internal/project-authored,Candidate selected from the project-authored UK spelling-age evidence list; human review required before promotion.,high,approved_for_first_exposure,active
quantity_en_gb,quantity,quantity,en-GB,high,early_primary,high,internal_authored,Next Teaching Dictionary curriculum-evidence intake,docs/implementation/seed-data/teaching-dictionary/candidates/2026-06-29-phase-5-source-intake/uk_spelling_words_age_estimates.csv,internal/project-authored,Candidate selected from the project-authored UK spelling-age evidence list; human review required before promotion.,high,approved_for_first_exposure,active
submission_en_gb,submission,submission,en-GB,high,lower_secondary,high,internal_authored,Next Teaching Dictionary curriculum-evidence intake,docs/implementation/seed-data/teaching-dictionary/candidates/2026-06-29-phase-5-source-intake/uk_spelling_words_age_estimates.csv,internal/project-authored,Candidate selected from the project-authored UK spelling-age evidence list; human review required before promotion.,high,approved_for_first_exposure,active
rainbow_en_gb,rainbow,rainbow,en-GB,high,early_primary,medium,internal_authored,Next Teaching Dictionary curriculum-evidence intake,docs/implementation/seed-data/teaching-dictionary/candidates/2026-06-29-phase-5-source-intake/uk_spelling_words_age_estimates.csv,internal/project-authored,Candidate selected from the project-authored UK spelling-age evidence list; human review required before promotion.,high,approved_for_first_exposure,active
scare_en_gb,scare,scare,en-GB,high,early_primary,low,internal_authored,Next Teaching Dictionary curriculum-evidence intake,docs/implementation/seed-data/teaching-dictionary/candidates/2026-06-29-phase-5-source-intake/uk_spelling_words_age_estimates.csv,internal/project-authored,Candidate selected from the project-authored UK spelling-age evidence list; human review required before promotion.,high,approved_for_first_exposure,active
monkey_en_gb,monkey,monkey,en-GB,high,early_primary,medium,internal_authored,Next Teaching Dictionary curriculum-evidence intake,docs/implementation/seed-data/teaching-dictionary/candidates/2026-06-29-phase-5-source-intake/uk_spelling_words_age_estimates.csv,internal/project-authored,Candidate selected from the project-authored UK spelling-age evidence list; human review required before promotion.,high,approved_for_first_exposure,active
reign_en_gb,reign,reign,en-GB,high,early_primary,low,internal_authored,Next Teaching Dictionary curriculum-evidence intake,docs/implementation/seed-data/teaching-dictionary/candidates/2026-06-29-phase-5-source-intake/uk_spelling_words_age_estimates.csv,internal/project-authored,Candidate selected from the project-authored UK spelling-age evidence list; human review required before promotion.,high,approved_for_first_exposure,active
tremendous_en_gb,tremendous,tremendous,en-GB,high,early_primary,high,internal_authored,Next Teaching Dictionary curriculum-evidence intake,docs/implementation/seed-data/teaching-dictionary/candidates/2026-06-29-phase-5-source-intake/uk_spelling_words_age_estimates.csv,internal/project-authored,Candidate selected from the project-authored UK spelling-age evidence list; human review required before promotion.,high,approved_for_first_exposure,active
laundry_en_gb,laundry,laundry,en-GB,high,early_primary,medium,internal_authored,Next Teaching Dictionary curriculum-evidence intake,docs/implementation/seed-data/teaching-dictionary/candidates/2026-06-29-phase-5-source-intake/uk_spelling_words_age_estimates.csv,internal/project-authored,Candidate selected from the project-authored UK spelling-age evidence list; human review required before promotion.,high,approved_for_first_exposure,active
tolerance_en_gb,tolerance,tolerance,en-GB,high,upper_primary,high,internal_authored,Next Teaching Dictionary curriculum-evidence intake,docs/implementation/seed-data/teaching-dictionary/candidates/2026-06-29-phase-5-source-intake/uk_spelling_words_age_estimates.csv,internal/project-authored,Candidate selected from the project-authored UK spelling-age evidence list; human review required before promotion.,high,approved_for_first_exposure,active
adorable_en_gb,adorable,adorable,en-GB,high,early_primary,high,internal_authored,Next Teaching Dictionary curriculum-evidence intake,docs/implementation/seed-data/teaching-dictionary/candidates/2026-06-29-phase-5-source-intake/uk_spelling_words_age_estimates.csv,internal/project-authored,Candidate selected from the project-authored UK spelling-age evidence list; human review required before promotion.,high,approved_for_first_exposure,active
could_ve_en_gb,could've,could've,en-GB,high,early_primary,medium,internal_authored,Next Teaching Dictionary curriculum-evidence intake,docs/implementation/seed-data/teaching-dictionary/candidates/2026-06-29-phase-5-source-intake/uk_spelling_words_age_estimates.csv,internal/project-authored,Candidate selected from the project-authored UK spelling-age evidence list; human review required before promotion.,high,approved_for_first_exposure,active
fried_en_gb,fried,fried,en-GB,high,early_primary,low,internal_authored,Next Teaching Dictionary curriculum-evidence intake,docs/implementation/seed-data/teaching-dictionary/candidates/2026-06-29-phase-5-source-intake/uk_spelling_words_age_estimates.csv,internal/project-authored,Candidate selected from the project-authored UK spelling-age evidence list; human review required before promotion.,high,approved_for_first_exposure,active
martial_en_gb,martial,martial,en-GB,high,lower_secondary,medium,internal_authored,Next Teaching Dictionary curriculum-evidence intake,docs/implementation/seed-data/teaching-dictionary/candidates/2026-06-29-phase-5-source-intake/uk_spelling_words_age_estimates.csv,internal/project-authored,Candidate selected from the project-authored UK spelling-age evidence list; human review required before promotion.,high,approved_for_first_exposure,active
cemetery_en_gb,cemetery,cemetery,en-GB,high,early_primary,high,internal_authored,Next Teaching Dictionary curriculum-evidence intake,docs/implementation/seed-data/teaching-dictionary/candidates/2026-06-29-phase-5-source-intake/uk_spelling_words_age_estimates.csv,internal/project-authored,Candidate selected from the project-authored UK spelling-age evidence list; human review required before promotion.,high,approved_for_first_exposure,active
observe_en_gb,observe,observe,en-GB,high,early_primary,medium,internal_authored,Next Teaching Dictionary curriculum-evidence intake,docs/implementation/seed-data/teaching-dictionary/candidates/2026-06-29-phase-5-source-intake/uk_spelling_words_age_estimates.csv,internal/project-authored,Candidate selected from the project-authored UK spelling-age evidence list; human review required before promotion.,high,approved_for_first_exposure,active
subway_en_gb,subway,subway,en-GB,high,early_primary,medium,internal_authored,Next Teaching Dictionary curriculum-evidence intake,docs/implementation/seed-data/teaching-dictionary/candidates/2026-06-29-phase-5-source-intake/uk_spelling_words_age_estimates.csv,internal/project-authored,Candidate selected from the project-authored UK spelling-age evidence list; human review required before promotion.,high,approved_for_first_exposure,active
ignorant_en_gb,ignorant,ignorant,en-GB,high,middle_primary,high,internal_authored,Next Teaching Dictionary curriculum-evidence intake,docs/implementation/seed-data/teaching-dictionary/candidates/2026-06-29-phase-5-source-intake/uk_spelling_words_age_estimates.csv,internal/project-authored,Candidate selected from the project-authored UK spelling-age evidence list; human review required before promotion.,high,approved_for_first_exposure,active
stack_en_gb,stack,stack,en-GB,high,early_primary,low,internal_authored,Next Teaching Dictionary curriculum-evidence intake,docs/implementation/seed-data/teaching-dictionary/candidates/2026-06-29-phase-5-source-intake/uk_spelling_words_age_estimates.csv,internal/project-authored,Candidate selected from the project-authored UK spelling-age evidence list; human review required before promotion.,high,approved_for_first_exposure,active
beg_en_gb,beg,beg,en-GB,high,early_primary,low,internal_authored,Next Teaching Dictionary curriculum-evidence intake,docs/implementation/seed-data/teaching-dictionary/candidates/2026-06-29-phase-5-source-intake/uk_spelling_words_age_estimates.csv,internal/project-authored,Candidate selected from the project-authored UK spelling-age evidence list; human review required before promotion.,high,approved_for_first_exposure,active
diesel_en_gb,diesel,diesel,en-GB,high,early_primary,medium,internal_authored,Next Teaching Dictionary curriculum-evidence intake,docs/implementation/seed-data/teaching-dictionary/candidates/2026-06-29-phase-5-source-intake/uk_spelling_words_age_estimates.csv,internal/project-authored,Candidate selected from the project-authored UK spelling-age evidence list; human review required before promotion.,high,approved_for_first_exposure,active
foul_en_gb,foul,foul,en-GB,high,middle_primary,low,internal_authored,Next Teaching Dictionary curriculum-evidence intake,docs/implementation/seed-data/teaching-dictionary/candidates/2026-06-29-phase-5-source-intake/uk_spelling_words_age_estimates.csv,internal/project-authored,Candidate selected from the project-authored UK spelling-age evidence list; human review required before promotion.,high,approved_for_first_exposure,active
alter_en_gb,alter,alter,en-GB,high,upper_primary,medium,internal_authored,Next Teaching Dictionary curriculum-evidence intake,docs/implementation/seed-data/teaching-dictionary/candidates/2026-06-29-phase-5-source-intake/uk_spelling_words_age_estimates.csv,internal/project-authored,Candidate selected from the project-authored UK spelling-age evidence list; human review required before promotion.,high,approved_for_first_exposure,active
rhythm_en_gb,rhythm,rhythm,en-GB,high,early_primary,medium,internal_authored,Next Teaching Dictionary curriculum-evidence intake,docs/implementation/seed-data/teaching-dictionary/candidates/2026-06-29-phase-5-source-intake/uk_spelling_words_age_estimates.csv,internal/project-authored,Candidate selected from the project-authored UK spelling-age evidence list; human review required before promotion.,high,approved_for_first_exposure,active
ignorance_en_gb,ignorance,ignorance,en-GB,high,middle_primary,high,internal_authored,Next Teaching Dictionary curriculum-evidence intake,docs/implementation/seed-data/teaching-dictionary/candidates/2026-06-29-phase-5-source-intake/uk_spelling_words_age_estimates.csv,internal/project-authored,Candidate selected from the project-authored UK spelling-age evidence list; human review required before promotion.,high,approved_for_first_exposure,active
sketch_en_gb,sketch,sketch,en-GB,high,middle_primary,low,internal_authored,Next Teaching Dictionary curriculum-evidence intake,docs/implementation/seed-data/teaching-dictionary/candidates/2026-06-29-phase-5-source-intake/uk_spelling_words_age_estimates.csv,internal/project-authored,Candidate selected from the project-authored UK spelling-age evidence list; human review required before promotion.,high,approved_for_first_exposure,active
reasonably_en_gb,reasonably,reasonably,en-GB,high,early_primary,high,internal_authored,Next Teaching Dictionary curriculum-evidence intake,docs/implementation/seed-data/teaching-dictionary/candidates/2026-06-29-phase-5-source-intake/uk_spelling_words_age_estimates.csv,internal/project-authored,Candidate selected from the project-authored UK spelling-age evidence list; human review required before promotion.,high,approved_for_first_exposure,active
fur_en_gb,fur,fur,en-GB,high,early_primary,low,internal_authored,Next Teaching Dictionary curriculum-evidence intake,docs/implementation/seed-data/teaching-dictionary/candidates/2026-06-29-phase-5-source-intake/uk_spelling_words_age_estimates.csv,internal/project-authored,Candidate selected from the project-authored UK spelling-age evidence list; human review required before promotion.,high,approved_for_first_exposure,active
varied_en_gb,varied,varied,en-GB,high,early_primary,medium,internal_authored,Next Teaching Dictionary curriculum-evidence intake,docs/implementation/seed-data/teaching-dictionary/candidates/2026-06-29-phase-5-source-intake/uk_spelling_words_age_estimates.csv,internal/project-authored,Candidate selected from the project-authored UK spelling-age evidence list; human review required before promotion.,high,approved_for_first_exposure,active
differ_en_gb,differ,differ,en-GB,high,early_primary,medium,internal_authored,Next Teaching Dictionary curriculum-evidence intake,docs/implementation/seed-data/teaching-dictionary/candidates/2026-06-29-phase-5-source-intake/uk_spelling_words_age_estimates.csv,internal/project-authored,Candidate selected from the project-authored UK spelling-age evidence list; human review required before promotion.,high,approved_for_first_exposure,active
fusion_en_gb,fusion,fusion,en-GB,high,upper_primary,medium,internal_authored,Next Teaching Dictionary curriculum-evidence intake,docs/implementation/seed-data/teaching-dictionary/candidates/2026-06-29-phase-5-source-intake/uk_spelling_words_age_estimates.csv,internal/project-authored,Candidate selected from the project-authored UK spelling-age evidence list; human review required before promotion.,high,approved_for_first_exposure,active
dictionary_en_gb,dictionary,dictionary,en-GB,high,early_primary,high,internal_authored,Next Teaching Dictionary curriculum-evidence intake,docs/implementation/seed-data/teaching-dictionary/candidates/2026-06-29-phase-5-source-intake/uk_spelling_words_age_estimates.csv,internal/project-authored,Candidate selected from the project-authored UK spelling-age evidence list; human review required before promotion.,high,approved_for_first_exposure,active
anchor_en_gb,anchor,anchor,en-GB,high,early_primary,medium,internal_authored,Next Teaching Dictionary curriculum-evidence intake,docs/implementation/seed-data/teaching-dictionary/candidates/2026-06-29-phase-5-source-intake/uk_spelling_words_age_estimates.csv,internal/project-authored,Candidate selected from the project-authored UK spelling-age evidence list; human review required before promotion.,high,approved_for_first_exposure,active
possess_en_gb,possess,possess,en-GB,high,early_primary,medium,internal_authored,Next Teaching Dictionary curriculum-evidence intake,docs/implementation/seed-data/teaching-dictionary/candidates/2026-06-29-phase-5-source-intake/uk_spelling_words_age_estimates.csv,internal/project-authored,Candidate selected from the project-authored UK spelling-age evidence list; human review required before promotion.,high,approved_for_first_exposure,active
accommodate_en_gb,accommodate,accommodate,en-GB,high,middle_primary,high,internal_authored,Next Teaching Dictionary curriculum-evidence intake,docs/implementation/seed-data/teaching-dictionary/candidates/2026-06-29-phase-5-source-intake/uk_spelling_words_age_estimates.csv,internal/project-authored,Candidate selected from the project-authored UK spelling-age evidence list; human review required before promotion.,high,approved_for_first_exposure,active
convenience_en_gb,convenience,convenience,en-GB,high,middle_primary,high,internal_authored,Next Teaching Dictionary curriculum-evidence intake,docs/implementation/seed-data/teaching-dictionary/candidates/2026-06-29-phase-5-source-intake/uk_spelling_words_age_estimates.csv,internal/project-authored,Candidate selected from the project-authored UK spelling-age evidence list; human review required before promotion.,high,approved_for_first_exposure,active
orchestra_en_gb,orchestra,orchestra,en-GB,high,middle_primary,high,internal_authored,Next Teaching Dictionary curriculum-evidence intake,docs/implementation/seed-data/teaching-dictionary/candidates/2026-06-29-phase-5-source-intake/uk_spelling_words_age_estimates.csv,internal/project-authored,Candidate selected from the project-authored UK spelling-age evidence list; human review required before promotion.,high,approved_for_first_exposure,active
specially_en_gb,specially,specially,en-GB,high,middle_primary,high,internal_authored,Next Teaching Dictionary curriculum-evidence intake,docs/implementation/seed-data/teaching-dictionary/candidates/2026-06-29-phase-5-source-intake/uk_spelling_words_age_estimates.csv,internal/project-authored,Candidate selected from the project-authored UK spelling-age evidence list; human review required before promotion.,high,approved_for_first_exposure,active
transparent_en_gb,transparent,transparent,en-GB,high,early_primary,high,internal_authored,Next Teaching Dictionary curriculum-evidence intake,docs/implementation/seed-data/teaching-dictionary/candidates/2026-06-29-phase-5-source-intake/uk_spelling_words_age_estimates.csv,internal/project-authored,Candidate selected from the project-authored UK spelling-age evidence list; human review required before promotion.,high,approved_for_first_exposure,active
sail_en_gb,sail,sail,en-GB,high,early_primary,low,internal_authored,Next Teaching Dictionary curriculum-evidence intake,docs/implementation/seed-data/teaching-dictionary/candidates/2026-06-29-phase-5-source-intake/uk_spelling_words_age_estimates.csv,internal/project-authored,Candidate selected from the project-authored UK spelling-age evidence list; human review required before promotion.,high,approved_for_first_exposure,active
kindly_en_gb,kindly,kindly,en-GB,high,early_primary,medium,internal_authored,Next Teaching Dictionary curriculum-evidence intake,docs/implementation/seed-data/teaching-dictionary/candidates/2026-06-29-phase-5-source-intake/uk_spelling_words_age_estimates.csv,internal/project-authored,Candidate selected from the project-authored UK spelling-age evidence list; human review required before promotion.,high,approved_for_first_exposure,active
considerably_en_gb,considerably,considerably,en-GB,high,middle_primary,high,internal_authored,Next Teaching Dictionary curriculum-evidence intake,docs/implementation/seed-data/teaching-dictionary/candidates/2026-06-29-phase-5-source-intake/uk_spelling_words_age_estimates.csv,internal/project-authored,Candidate selected from the project-authored UK spelling-age evidence list; human review required before promotion.,high,approved_for_first_exposure,active
behave_en_gb,behave,behave,en-GB,high,early_primary,medium,internal_authored,Next Teaching Dictionary curriculum-evidence intake,docs/implementation/seed-data/teaching-dictionary/candidates/2026-06-29-phase-5-source-intake/uk_spelling_words_age_estimates.csv,internal/project-authored,Candidate selected from the project-authored UK spelling-age evidence list; human review required before promotion.,high,approved_for_first_exposure,active
pause_en_gb,pause,pause,en-GB,high,early_primary,low,internal_authored,Next Teaching Dictionary curriculum-evidence intake,docs/implementation/seed-data/teaching-dictionary/candidates/2026-06-29-phase-5-source-intake/uk_spelling_words_age_estimates.csv,internal/project-authored,Candidate selected from the project-authored UK spelling-age evidence list; human review required before promotion.,high,approved_for_first_exposure,active
re_elect_en_gb,re-elect,re-elect,en-GB,high,early_primary,medium,internal_authored,Next Teaching Dictionary curriculum-evidence intake,docs/implementation/seed-data/teaching-dictionary/candidates/2026-06-29-phase-5-source-intake/uk_spelling_words_age_estimates.csv,internal/project-authored,Candidate selected from the project-authored UK spelling-age evidence list; human review required before promotion.,high,approved_for_first_exposure,active
dancer_en_gb,dancer,dancer,en-GB,medium,early_primary,medium,internal_authored,Next Teaching Dictionary curriculum-evidence intake,docs/implementation/seed-data/teaching-dictionary/candidates/2026-06-29-phase-5-source-intake/uk_spelling_words_age_estimates.csv,internal/project-authored,Candidate selected from the project-authored UK spelling-age evidence list; human review required before promotion.,high,approved_for_first_exposure,active
injection_en_gb,injection,injection,en-GB,medium,middle_primary,high,internal_authored,Next Teaching Dictionary curriculum-evidence intake,docs/implementation/seed-data/teaching-dictionary/candidates/2026-06-29-phase-5-source-intake/uk_spelling_words_age_estimates.csv,internal/project-authored,Candidate selected from the project-authored UK spelling-age evidence list; human review required before promotion.,high,approved_for_first_exposure,active
consistency_en_gb,consistency,consistency,en-GB,medium,upper_primary,high,internal_authored,Next Teaching Dictionary curriculum-evidence intake,docs/implementation/seed-data/teaching-dictionary/candidates/2026-06-29-phase-5-source-intake/uk_spelling_words_age_estimates.csv,internal/project-authored,Candidate selected from the project-authored UK spelling-age evidence list; human review required before promotion.,high,approved_for_first_exposure,active
expectation_en_gb,expectation,expectation,en-GB,medium,early_primary,high,internal_authored,Next Teaching Dictionary curriculum-evidence intake,docs/implementation/seed-data/teaching-dictionary/candidates/2026-06-29-phase-5-source-intake/uk_spelling_words_age_estimates.csv,internal/project-authored,Candidate selected from the project-authored UK spelling-age evidence list; human review required before promotion.,high,approved_for_first_exposure,active
sore_en_gb,sore,sore,en-GB,medium,early_primary,low,internal_authored,Next Teaching Dictionary curriculum-evidence intake,docs/implementation/seed-data/teaching-dictionary/candidates/2026-06-29-phase-5-source-intake/uk_spelling_words_age_estimates.csv,internal/project-authored,Candidate selected from the project-authored UK spelling-age evidence list; human review required before promotion.,high,approved_for_first_exposure,active
straw_en_gb,straw,straw,en-GB,medium,early_primary,low,internal_authored,Next Teaching Dictionary curriculum-evidence intake,docs/implementation/seed-data/teaching-dictionary/candidates/2026-06-29-phase-5-source-intake/uk_spelling_words_age_estimates.csv,internal/project-authored,Candidate selected from the project-authored UK spelling-age evidence list; human review required before promotion.,high,approved_for_first_exposure,active
child_s_en_gb,child's,child's,en-GB,medium,early_primary,medium,internal_authored,Next Teaching Dictionary curriculum-evidence intake,docs/implementation/seed-data/teaching-dictionary/candidates/2026-06-29-phase-5-source-intake/uk_spelling_words_age_estimates.csv,internal/project-authored,Candidate selected from the project-authored UK spelling-age evidence list; human review required before promotion.,high,approved_for_first_exposure,active
fossil_en_gb,fossil,fossil,en-GB,medium,middle_primary,medium,internal_authored,Next Teaching Dictionary curriculum-evidence intake,docs/implementation/seed-data/teaching-dictionary/candidates/2026-06-29-phase-5-source-intake/uk_spelling_words_age_estimates.csv,internal/project-authored,Candidate selected from the project-authored UK spelling-age evidence list; human review required before promotion.,high,approved_for_first_exposure,active
freight_en_gb,freight,freight,en-GB,medium,early_primary,medium,internal_authored,Next Teaching Dictionary curriculum-evidence intake,docs/implementation/seed-data/teaching-dictionary/candidates/2026-06-29-phase-5-source-intake/uk_spelling_words_age_estimates.csv,internal/project-authored,Candidate selected from the project-authored UK spelling-age evidence list; human review required before promotion.,high,approved_for_first_exposure,active
slower_en_gb,slower,slower,en-GB,medium,early_primary,medium,internal_authored,Next Teaching Dictionary curriculum-evidence intake,docs/implementation/seed-data/teaching-dictionary/candidates/2026-06-29-phase-5-source-intake/uk_spelling_words_age_estimates.csv,internal/project-authored,Candidate selected from the project-authored UK spelling-age evidence list; human review required before promotion.,high,approved_for_first_exposure,active
bicycle_en_gb,bicycle,bicycle,en-GB,medium,early_primary,medium,internal_authored,Next Teaching Dictionary curriculum-evidence intake,docs/implementation/seed-data/teaching-dictionary/candidates/2026-06-29-phase-5-source-intake/uk_spelling_words_age_estimates.csv,internal/project-authored,Candidate selected from the project-authored UK spelling-age evidence list; human review required before promotion.,high,approved_for_first_exposure,active
irrelevant_en_gb,irrelevant,irrelevant,en-GB,medium,lower_secondary,high,internal_authored,Next Teaching Dictionary curriculum-evidence intake,docs/implementation/seed-data/teaching-dictionary/candidates/2026-06-29-phase-5-source-intake/uk_spelling_words_age_estimates.csv,internal/project-authored,Candidate selected from the project-authored UK spelling-age evidence list; human review required before promotion.,high,approved_for_first_exposure,active
sensible_en_gb,sensible,sensible,en-GB,medium,middle_primary,high,internal_authored,Next Teaching Dictionary curriculum-evidence intake,docs/implementation/seed-data/teaching-dictionary/candidates/2026-06-29-phase-5-source-intake/uk_spelling_words_age_estimates.csv,internal/project-authored,Candidate selected from the project-authored UK spelling-age evidence list; human review required before promotion.,high,approved_for_first_exposure,active
jaw_en_gb,jaw,jaw,en-GB,medium,middle_primary,low,internal_authored,Next Teaching Dictionary curriculum-evidence intake,docs/implementation/seed-data/teaching-dictionary/candidates/2026-06-29-phase-5-source-intake/uk_spelling_words_age_estimates.csv,internal/project-authored,Candidate selected from the project-authored UK spelling-age evidence list; human review required before promotion.,high,approved_for_first_exposure,active
whale_en_gb,whale,whale,en-GB,medium,early_primary,low,internal_authored,Next Teaching Dictionary curriculum-evidence intake,docs/implementation/seed-data/teaching-dictionary/candidates/2026-06-29-phase-5-source-intake/uk_spelling_words_age_estimates.csv,internal/project-authored,Candidate selected from the project-authored UK spelling-age evidence list; human review required before promotion.,high,approved_for_first_exposure,active
colleague_en_gb,colleague,colleague,en-GB,medium,upper_primary,medium,internal_authored,Next Teaching Dictionary curriculum-evidence intake,docs/implementation/seed-data/teaching-dictionary/candidates/2026-06-29-phase-5-source-intake/uk_spelling_words_age_estimates.csv,internal/project-authored,Candidate selected from the project-authored UK spelling-age evidence list; human review required before promotion.,high,approved_for_first_exposure,active
prophet_en_gb,prophet,prophet,en-GB,medium,middle_primary,medium,internal_authored,Next Teaching Dictionary curriculum-evidence intake,docs/implementation/seed-data/teaching-dictionary/candidates/2026-06-29-phase-5-source-intake/uk_spelling_words_age_estimates.csv,internal/project-authored,Candidate selected from the project-authored UK spelling-age evidence list; human review required before promotion.,high,approved_for_first_exposure,active
curiosity_en_gb,curiosity,curiosity,en-GB,medium,middle_primary,high,internal_authored,Next Teaching Dictionary curriculum-evidence intake,docs/implementation/seed-data/teaching-dictionary/candidates/2026-06-29-phase-5-source-intake/uk_spelling_words_age_estimates.csv,internal/project-authored,Candidate selected from the project-authored UK spelling-age evidence list; human review required before promotion.,high,approved_for_first_exposure,active
bullying_en_gb,bullying,bullying,en-GB,medium,early_primary,medium,internal_authored,Next Teaching Dictionary curriculum-evidence intake,docs/implementation/seed-data/teaching-dictionary/candidates/2026-06-29-phase-5-source-intake/uk_spelling_words_age_estimates.csv,internal/project-authored,Candidate selected from the project-authored UK spelling-age evidence list; human review required before promotion.,high,approved_for_first_exposure,active
occurring_en_gb,occurring,occurring,en-GB,medium,early_primary,high,internal_authored,Next Teaching Dictionary curriculum-evidence intake,docs/implementation/seed-data/teaching-dictionary/candidates/2026-06-29-phase-5-source-intake/uk_spelling_words_age_estimates.csv,internal/project-authored,Candidate selected from the project-authored UK spelling-age evidence list; human review required before promotion.,high,approved_for_first_exposure,active
berry_en_gb,berry,berry,en-GB,medium,early_primary,medium,internal_authored,Next Teaching Dictionary curriculum-evidence intake,docs/implementation/seed-data/teaching-dictionary/candidates/2026-06-29-phase-5-source-intake/uk_spelling_words_age_estimates.csv,internal/project-authored,Candidate selected from the project-authored UK spelling-age evidence list; human review required before promotion.,high,approved_for_first_exposure,active
thorough_en_gb,thorough,thorough,en-GB,medium,early_primary,medium,internal_authored,Next Teaching Dictionary curriculum-evidence intake,docs/implementation/seed-data/teaching-dictionary/candidates/2026-06-29-phase-5-source-intake/uk_spelling_words_age_estimates.csv,internal/project-authored,Candidate selected from the project-authored UK spelling-age evidence list; human review required before promotion.,high,approved_for_first_exposure,active
compatible_en_gb,compatible,compatible,en-GB,medium,lower_secondary,high,internal_authored,Next Teaching Dictionary curriculum-evidence intake,docs/implementation/seed-data/teaching-dictionary/candidates/2026-06-29-phase-5-source-intake/uk_spelling_words_age_estimates.csv,internal/project-authored,Candidate selected from the project-authored UK spelling-age evidence list; human review required before promotion.,high,approved_for_first_exposure,active
licence_en_gb,licence,licence,en-GB,medium,upper_primary,medium,internal_authored,Next Teaching Dictionary curriculum-evidence intake,docs/implementation/seed-data/teaching-dictionary/candidates/2026-06-29-phase-5-source-intake/uk_spelling_words_age_estimates.csv,internal/project-authored,Candidate selected from the project-authored UK spelling-age evidence list; human review required before promotion.,high,approved_for_first_exposure,active
resign_en_gb,resign,resign,en-GB,medium,early_primary,medium,internal_authored,Next Teaching Dictionary curriculum-evidence intake,docs/implementation/seed-data/teaching-dictionary/candidates/2026-06-29-phase-5-source-intake/uk_spelling_words_age_estimates.csv,internal/project-authored,Candidate selected from the project-authored UK spelling-age evidence list; human review required before promotion.,high,approved_for_first_exposure,active
forbidden_en_gb,forbidden,forbidden,en-GB,medium,early_primary,high,internal_authored,Next Teaching Dictionary curriculum-evidence intake,docs/implementation/seed-data/teaching-dictionary/candidates/2026-06-29-phase-5-source-intake/uk_spelling_words_age_estimates.csv,internal/project-authored,Candidate selected from the project-authored UK spelling-age evidence list; human review required before promotion.,high,approved_for_first_exposure,active
skirt_en_gb,skirt,skirt,en-GB,medium,upper_primary,low,internal_authored,Next Teaching Dictionary curriculum-evidence intake,docs/implementation/seed-data/teaching-dictionary/candidates/2026-06-29-phase-5-source-intake/uk_spelling_words_age_estimates.csv,internal/project-authored,Candidate selected from the project-authored UK spelling-age evidence list; human review required before promotion.,high,approved_for_first_exposure,active
stir_en_gb,stir,stir,en-GB,medium,middle_primary,low,internal_authored,Next Teaching Dictionary curriculum-evidence intake,docs/implementation/seed-data/teaching-dictionary/candidates/2026-06-29-phase-5-source-intake/uk_spelling_words_age_estimates.csv,internal/project-authored,Candidate selected from the project-authored UK spelling-age evidence list; human review required before promotion.,high,approved_for_first_exposure,active
girl_s_en_gb,girl's,girl's,en-GB,medium,early_primary,low,internal_authored,Next Teaching Dictionary curriculum-evidence intake,docs/implementation/seed-data/teaching-dictionary/candidates/2026-06-29-phase-5-source-intake/uk_spelling_words_age_estimates.csv,internal/project-authored,Candidate selected from the project-authored UK spelling-age evidence list; human review required before promotion.,high,approved_for_first_exposure,active
puzzle_en_gb,puzzle,puzzle,en-GB,medium,early_primary,medium,internal_authored,Next Teaching Dictionary curriculum-evidence intake,docs/implementation/seed-data/teaching-dictionary/candidates/2026-06-29-phase-5-source-intake/uk_spelling_words_age_estimates.csv,internal/project-authored,Candidate selected from the project-authored UK spelling-age evidence list; human review required before promotion.,high,approved_for_first_exposure,active
wreck_en_gb,wreck,wreck,en-GB,medium,early_primary,low,internal_authored,Next Teaching Dictionary curriculum-evidence intake,docs/implementation/seed-data/teaching-dictionary/candidates/2026-06-29-phase-5-source-intake/uk_spelling_words_age_estimates.csv,internal/project-authored,Candidate selected from the project-authored UK spelling-age evidence list; human review required before promotion.,high,approved_for_first_exposure,active
waist_en_gb,waist,waist,en-GB,medium,middle_primary,low,internal_authored,Next Teaching Dictionary curriculum-evidence intake,docs/implementation/seed-data/teaching-dictionary/candidates/2026-06-29-phase-5-source-intake/uk_spelling_words_age_estimates.csv,internal/project-authored,Candidate selected from the project-authored UK spelling-age evidence list; human review required before promotion.,high,approved_for_first_exposure,active
conscience_en_gb,conscience,conscience,en-GB,medium,early_primary,medium,internal_authored,Next Teaching Dictionary curriculum-evidence intake,docs/implementation/seed-data/teaching-dictionary/candidates/2026-06-29-phase-5-source-intake/uk_spelling_words_age_estimates.csv,internal/project-authored,Candidate selected from the project-authored UK spelling-age evidence list; human review required before promotion.,high,approved_for_first_exposure,active
collision_en_gb,collision,collision,en-GB,medium,early_primary,high,internal_authored,Next Teaching Dictionary curriculum-evidence intake,docs/implementation/seed-data/teaching-dictionary/candidates/2026-06-29-phase-5-source-intake/uk_spelling_words_age_estimates.csv,internal/project-authored,Candidate selected from the project-authored UK spelling-age evidence list; human review required before promotion.,high,approved_for_first_exposure,active
correction_en_gb,correction,correction,en-GB,medium,early_primary,high,internal_authored,Next Teaching Dictionary curriculum-evidence intake,docs/implementation/seed-data/teaching-dictionary/candidates/2026-06-29-phase-5-source-intake/uk_spelling_words_age_estimates.csv,internal/project-authored,Candidate selected from the project-authored UK spelling-age evidence list; human review required before promotion.,high,approved_for_first_exposure,active
dramatically_en_gb,dramatically,dramatically,en-GB,medium,middle_primary,high,internal_authored,Next Teaching Dictionary curriculum-evidence intake,docs/implementation/seed-data/teaching-dictionary/candidates/2026-06-29-phase-5-source-intake/uk_spelling_words_age_estimates.csv,internal/project-authored,Candidate selected from the project-authored UK spelling-age evidence list; human review required before promotion.,high,approved_for_first_exposure,active
ambitious_en_gb,ambitious,ambitious,en-GB,medium,early_primary,high,internal_authored,Next Teaching Dictionary curriculum-evidence intake,docs/implementation/seed-data/teaching-dictionary/candidates/2026-06-29-phase-5-source-intake/uk_spelling_words_age_estimates.csv,internal/project-authored,Candidate selected from the project-authored UK spelling-age evidence list; human review required before promotion.,high,approved_for_first_exposure,active
pencil_en_gb,pencil,pencil,en-GB,medium,early_primary,medium,internal_authored,Next Teaching Dictionary curriculum-evidence intake,docs/implementation/seed-data/teaching-dictionary/candidates/2026-06-29-phase-5-source-intake/uk_spelling_words_age_estimates.csv,internal/project-authored,Candidate selected from the project-authored UK spelling-age evidence list; human review required before promotion.,high,approved_for_first_exposure,active
brake_en_gb,brake,brake,en-GB,medium,upper_primary,low,internal_authored,Next Teaching Dictionary curriculum-evidence intake,docs/implementation/seed-data/teaching-dictionary/candidates/2026-06-29-phase-5-source-intake/uk_spelling_words_age_estimates.csv,internal/project-authored,Candidate selected from the project-authored UK spelling-age evidence list; human review required before promotion.,high,approved_for_first_exposure,active
limiting_en_gb,limiting,limiting,en-GB,medium,middle_primary,medium,internal_authored,Next Teaching Dictionary curriculum-evidence intake,docs/implementation/seed-data/teaching-dictionary/candidates/2026-06-29-phase-5-source-intake/uk_spelling_words_age_estimates.csv,internal/project-authored,Candidate selected from the project-authored UK spelling-age evidence list; human review required before promotion.,high,approved_for_first_exposure,active
tense_en_gb,tense,tense,en-GB,medium,early_primary,low,internal_authored,Next Teaching Dictionary curriculum-evidence intake,docs/implementation/seed-data/teaching-dictionary/candidates/2026-06-29-phase-5-source-intake/uk_spelling_words_age_estimates.csv,internal/project-authored,Candidate selected from the project-authored UK spelling-age evidence list; human review required before promotion.,high,approved_for_first_exposure,active
bargain_en_gb,bargain,bargain,en-GB,medium,early_primary,medium,internal_authored,Next Teaching Dictionary curriculum-evidence intake,docs/implementation/seed-data/teaching-dictionary/candidates/2026-06-29-phase-5-source-intake/uk_spelling_words_age_estimates.csv,internal/project-authored,Candidate selected from the project-authored UK spelling-age evidence list; human review required before promotion.,high,approved_for_first_exposure,active
elegant_en_gb,elegant,elegant,en-GB,medium,middle_primary,medium,internal_authored,Next Teaching Dictionary curriculum-evidence intake,docs/implementation/seed-data/teaching-dictionary/candidates/2026-06-29-phase-5-source-intake/uk_spelling_words_age_estimates.csv,internal/project-authored,Candidate selected from the project-authored UK spelling-age evidence list; human review required before promotion.,high,approved_for_first_exposure,active
sovereign_en_gb,sovereign,sovereign,en-GB,medium,lower_secondary,medium,internal_authored,Next Teaching Dictionary curriculum-evidence intake,docs/implementation/seed-data/teaching-dictionary/candidates/2026-06-29-phase-5-source-intake/uk_spelling_words_age_estimates.csv,internal/project-authored,Candidate selected from the project-authored UK spelling-age evidence list; human review required before promotion.,high,approved_for_first_exposure,active
automobile_en_gb,automobile,automobile,en-GB,medium,early_primary,high,internal_authored,Next Teaching Dictionary curriculum-evidence intake,docs/implementation/seed-data/teaching-dictionary/candidates/2026-06-29-phase-5-source-intake/uk_spelling_words_age_estimates.csv,internal/project-authored,Candidate selected from the project-authored UK spelling-age evidence list; human review required before promotion.,high,approved_for_first_exposure,active
supervision_en_gb,supervision,supervision,en-GB,medium,middle_primary,high,internal_authored,Next Teaching Dictionary curriculum-evidence intake,docs/implementation/seed-data/teaching-dictionary/candidates/2026-06-29-phase-5-source-intake/uk_spelling_words_age_estimates.csv,internal/project-authored,Candidate selected from the project-authored UK spelling-age evidence list; human review required before promotion.,high,approved_for_first_exposure,active
towel_en_gb,towel,towel,en-GB,medium,early_primary,medium,internal_authored,Next Teaching Dictionary curriculum-evidence intake,docs/implementation/seed-data/teaching-dictionary/candidates/2026-06-29-phase-5-source-intake/uk_spelling_words_age_estimates.csv,internal/project-authored,Candidate selected from the project-authored UK spelling-age evidence list; human review required before promotion.,high,approved_for_first_exposure,active
varies_en_gb,varies,varies,en-GB,medium,early_primary,medium,internal_authored,Next Teaching Dictionary curriculum-evidence intake,docs/implementation/seed-data/teaching-dictionary/candidates/2026-06-29-phase-5-source-intake/uk_spelling_words_age_estimates.csv,internal/project-authored,Candidate selected from the project-authored UK spelling-age evidence list; human review required before promotion.,high,approved_for_first_exposure,active
fare_en_gb,fare,fare,en-GB,medium,lower_secondary,low,internal_authored,Next Teaching Dictionary curriculum-evidence intake,docs/implementation/seed-data/teaching-dictionary/candidates/2026-06-29-phase-5-source-intake/uk_spelling_words_age_estimates.csv,internal/project-authored,Candidate selected from the project-authored UK spelling-age evidence list; human review required before promotion.,high,approved_for_first_exposure,active
descent_en_gb,descent,descent,en-GB,medium,upper_primary,medium,internal_authored,Next Teaching Dictionary curriculum-evidence intake,docs/implementation/seed-data/teaching-dictionary/candidates/2026-06-29-phase-5-source-intake/uk_spelling_words_age_estimates.csv,internal/project-authored,Candidate selected from the project-authored UK spelling-age evidence list; human review required before promotion.,high,approved_for_first_exposure,active
clown_en_gb,clown,clown,en-GB,medium,early_primary,low,internal_authored,Next Teaching Dictionary curriculum-evidence intake,docs/implementation/seed-data/teaching-dictionary/candidates/2026-06-29-phase-5-source-intake/uk_spelling_words_age_estimates.csv,internal/project-authored,Candidate selected from the project-authored UK spelling-age evidence list; human review required before promotion.,high,approved_for_first_exposure,active
jar_en_gb,jar,jar,en-GB,medium,middle_primary,low,internal_authored,Next Teaching Dictionary curriculum-evidence intake,docs/implementation/seed-data/teaching-dictionary/candidates/2026-06-29-phase-5-source-intake/uk_spelling_words_age_estimates.csv,internal/project-authored,Candidate selected from the project-authored UK spelling-age evidence list; human review required before promotion.,high,approved_for_first_exposure,active
begging_en_gb,begging,begging,en-GB,medium,early_primary,medium,internal_authored,Next Teaching Dictionary curriculum-evidence intake,docs/implementation/seed-data/teaching-dictionary/candidates/2026-06-29-phase-5-source-intake/uk_spelling_words_age_estimates.csv,internal/project-authored,Candidate selected from the project-authored UK spelling-age evidence list; human review required before promotion.,high,approved_for_first_exposure,active
dodge_en_gb,dodge,dodge,en-GB,medium,early_primary,low,internal_authored,Next Teaching Dictionary curriculum-evidence intake,docs/implementation/seed-data/teaching-dictionary/candidates/2026-06-29-phase-5-source-intake/uk_spelling_words_age_estimates.csv,internal/project-authored,Candidate selected from the project-authored UK spelling-age evidence list; human review required before promotion.,high,approved_for_first_exposure,active
texture_en_gb,texture,texture,en-GB,medium,middle_primary,medium,internal_authored,Next Teaching Dictionary curriculum-evidence intake,docs/implementation/seed-data/teaching-dictionary/candidates/2026-06-29-phase-5-source-intake/uk_spelling_words_age_estimates.csv,internal/project-authored,Candidate selected from the project-authored UK spelling-age evidence list; human review required before promotion.,high,approved_for_first_exposure,active
translate_en_gb,translate,translate,en-GB,medium,early_primary,medium,internal_authored,Next Teaching Dictionary curriculum-evidence intake,docs/implementation/seed-data/teaching-dictionary/candidates/2026-06-29-phase-5-source-intake/uk_spelling_words_age_estimates.csv,internal/project-authored,Candidate selected from the project-authored UK spelling-age evidence list; human review required before promotion.,high,approved_for_first_exposure,active
occupy_en_gb,occupy,occupy,en-GB,medium,early_primary,medium,internal_authored,Next Teaching Dictionary curriculum-evidence intake,docs/implementation/seed-data/teaching-dictionary/candidates/2026-06-29-phase-5-source-intake/uk_spelling_words_age_estimates.csv,internal/project-authored,Candidate selected from the project-authored UK spelling-age evidence list; human review required before promotion.,high,approved_for_first_exposure,active
pierce_en_gb,pierce,pierce,en-GB,medium,middle_primary,low,internal_authored,Next Teaching Dictionary curriculum-evidence intake,docs/implementation/seed-data/teaching-dictionary/candidates/2026-06-29-phase-5-source-intake/uk_spelling_words_age_estimates.csv,internal/project-authored,Candidate selected from the project-authored UK spelling-age evidence list; human review required before promotion.,high,approved_for_first_exposure,active
siege_en_gb,siege,siege,en-GB,medium,middle_primary,low,internal_authored,Next Teaching Dictionary curriculum-evidence intake,docs/implementation/seed-data/teaching-dictionary/candidates/2026-06-29-phase-5-source-intake/uk_spelling_words_age_estimates.csv,internal/project-authored,Candidate selected from the project-authored UK spelling-age evidence list; human review required before promotion.,high,approved_for_first_exposure,active
luckily_en_gb,luckily,luckily,en-GB,medium,early_primary,high,internal_authored,Next Teaching Dictionary curriculum-evidence intake,docs/implementation/seed-data/teaching-dictionary/candidates/2026-06-29-phase-5-source-intake/uk_spelling_words_age_estimates.csv,internal/project-authored,Candidate selected from the project-authored UK spelling-age evidence list; human review required before promotion.,high,approved_for_first_exposure,active
sculpture_en_gb,sculpture,sculpture,en-GB,medium,early_primary,medium,internal_authored,Next Teaching Dictionary curriculum-evidence intake,docs/implementation/seed-data/teaching-dictionary/candidates/2026-06-29-phase-5-source-intake/uk_spelling_words_age_estimates.csv,internal/project-authored,Candidate selected from the project-authored UK spelling-age evidence list; human review required before promotion.,high,approved_for_first_exposure,active
affection_en_gb,affection,affection,en-GB,medium,early_primary,high,internal_authored,Next Teaching Dictionary curriculum-evidence intake,docs/implementation/seed-data/teaching-dictionary/candidates/2026-06-29-phase-5-source-intake/uk_spelling_words_age_estimates.csv,internal/project-authored,Candidate selected from the project-authored UK spelling-age evidence list; human review required before promotion.,high,approved_for_first_exposure,active
baking_en_gb,baking,baking,en-GB,medium,early_primary,medium,internal_authored,Next Teaching Dictionary curriculum-evidence intake,docs/implementation/seed-data/teaching-dictionary/candidates/2026-06-29-phase-5-source-intake/uk_spelling_words_age_estimates.csv,internal/project-authored,Candidate selected from the project-authored UK spelling-age evidence list; human review required before promotion.,high,approved_for_first_exposure,active
leisure_en_gb,leisure,leisure,en-GB,medium,early_primary,medium,internal_authored,Next Teaching Dictionary curriculum-evidence intake,docs/implementation/seed-data/teaching-dictionary/candidates/2026-06-29-phase-5-source-intake/uk_spelling_words_age_estimates.csv,internal/project-authored,Candidate selected from the project-authored UK spelling-age evidence list; human review required before promotion.,high,approved_for_first_exposure,active
educate_en_gb,educate,educate,en-GB,medium,early_primary,medium,internal_authored,Next Teaching Dictionary curriculum-evidence intake,docs/implementation/seed-data/teaching-dictionary/candidates/2026-06-29-phase-5-source-intake/uk_spelling_words_age_estimates.csv,internal/project-authored,Candidate selected from the project-authored UK spelling-age evidence list; human review required before promotion.,high,approved_for_first_exposure,active
forgetting_en_gb,forgetting,forgetting,en-GB,medium,early_primary,high,internal_authored,Next Teaching Dictionary curriculum-evidence intake,docs/implementation/seed-data/teaching-dictionary/candidates/2026-06-29-phase-5-source-intake/uk_spelling_words_age_estimates.csv,internal/project-authored,Candidate selected from the project-authored UK spelling-age evidence list; human review required before promotion.,high,approved_for_first_exposure,active
polite_en_gb,polite,polite,en-GB,medium,early_primary,medium,internal_authored,Next Teaching Dictionary curriculum-evidence intake,docs/implementation/seed-data/teaching-dictionary/candidates/2026-06-29-phase-5-source-intake/uk_spelling_words_age_estimates.csv,internal/project-authored,Candidate selected from the project-authored UK spelling-age evidence list; human review required before promotion.,high,approved_for_first_exposure,active
debris_en_gb,debris,debris,en-GB,medium,upper_primary,medium,internal_authored,Next Teaching Dictionary curriculum-evidence intake,docs/implementation/seed-data/teaching-dictionary/candidates/2026-06-29-phase-5-source-intake/uk_spelling_words_age_estimates.csv,internal/project-authored,Candidate selected from the project-authored UK spelling-age evidence list; human review required before promotion.,high,approved_for_first_exposure,active
fierce_en_gb,fierce,fierce,en-GB,medium,early_primary,low,internal_authored,Next Teaching Dictionary curriculum-evidence intake,docs/implementation/seed-data/teaching-dictionary/candidates/2026-06-29-phase-5-source-intake/uk_spelling_words_age_estimates.csv,internal/project-authored,Candidate selected from the project-authored UK spelling-age evidence list; human review required before promotion.,high,approved_for_first_exposure,active
receipt_en_gb,receipt,receipt,en-GB,medium,early_primary,medium,internal_authored,Next Teaching Dictionary curriculum-evidence intake,docs/implementation/seed-data/teaching-dictionary/candidates/2026-06-29-phase-5-source-intake/uk_spelling_words_age_estimates.csv,internal/project-authored,Candidate selected from the project-authored UK spelling-age evidence list; human review required before promotion.,high,approved_for_first_exposure,active
recognise_en_gb,recognise,recognise,en-GB,medium,middle_primary,high,internal_authored,Next Teaching Dictionary curriculum-evidence intake,docs/implementation/seed-data/teaching-dictionary/candidates/2026-06-29-phase-5-source-intake/uk_spelling_words_age_estimates.csv,internal/project-authored,Candidate selected from the project-authored UK spelling-age evidence list; human review required before promotion.,high,approved_for_first_exposure,active
continually_en_gb,continually,continually,en-GB,medium,early_primary,high,internal_authored,Next Teaching Dictionary curriculum-evidence intake,docs/implementation/seed-data/teaching-dictionary/candidates/2026-06-29-phase-5-source-intake/uk_spelling_words_age_estimates.csv,internal/project-authored,Candidate selected from the project-authored UK spelling-age evidence list; human review required before promotion.,high,approved_for_first_exposure,active
terribly_en_gb,terribly,terribly,en-GB,medium,early_primary,high,internal_authored,Next Teaching Dictionary curriculum-evidence intake,docs/implementation/seed-data/teaching-dictionary/candidates/2026-06-29-phase-5-source-intake/uk_spelling_words_age_estimates.csv,internal/project-authored,Candidate selected from the project-authored UK spelling-age evidence list; human review required before promotion.,high,approved_for_first_exposure,active
hay_en_gb,hay,hay,en-GB,medium,early_primary,low,internal_authored,Next Teaching Dictionary curriculum-evidence intake,docs/implementation/seed-data/teaching-dictionary/candidates/2026-06-29-phase-5-source-intake/uk_spelling_words_age_estimates.csv,internal/project-authored,Candidate selected from the project-authored UK spelling-age evidence list; human review required before promotion.,high,approved_for_first_exposure,active
sack_en_gb,sack,sack,en-GB,medium,upper_primary,low,internal_authored,Next Teaching Dictionary curriculum-evidence intake,docs/implementation/seed-data/teaching-dictionary/candidates/2026-06-29-phase-5-source-intake/uk_spelling_words_age_estimates.csv,internal/project-authored,Candidate selected from the project-authored UK spelling-age evidence list; human review required before promotion.,high,approved_for_first_exposure,active
stare_en_gb,stare,stare,en-GB,medium,early_primary,low,internal_authored,Next Teaching Dictionary curriculum-evidence intake,docs/implementation/seed-data/teaching-dictionary/candidates/2026-06-29-phase-5-source-intake/uk_spelling_words_age_estimates.csv,internal/project-authored,Candidate selected from the project-authored UK spelling-age evidence list; human review required before promotion.,high,approved_for_first_exposure,active
catalogue_en_gb,catalogue,catalogue,en-GB,medium,middle_primary,high,internal_authored,Next Teaching Dictionary curriculum-evidence intake,docs/implementation/seed-data/teaching-dictionary/candidates/2026-06-29-phase-5-source-intake/uk_spelling_words_age_estimates.csv,internal/project-authored,Candidate selected from the project-authored UK spelling-age evidence list; human review required before promotion.,high,approved_for_first_exposure,active
compliment_en_gb,compliment,compliment,en-GB,medium,early_primary,high,internal_authored,Next Teaching Dictionary curriculum-evidence intake,docs/implementation/seed-data/teaching-dictionary/candidates/2026-06-29-phase-5-source-intake/uk_spelling_words_age_estimates.csv,internal/project-authored,Candidate selected from the project-authored UK spelling-age evidence list; human review required before promotion.,high,approved_for_first_exposure,active
rebuild_en_gb,rebuild,rebuild,en-GB,medium,early_primary,medium,internal_authored,Next Teaching Dictionary curriculum-evidence intake,docs/implementation/seed-data/teaching-dictionary/candidates/2026-06-29-phase-5-source-intake/uk_spelling_words_age_estimates.csv,internal/project-authored,Candidate selected from the project-authored UK spelling-age evidence list; human review required before promotion.,high,approved_for_first_exposure,active
obsession_en_gb,obsession,obsession,en-GB,medium,lower_secondary,high,internal_authored,Next Teaching Dictionary curriculum-evidence intake,docs/implementation/seed-data/teaching-dictionary/candidates/2026-06-29-phase-5-source-intake/uk_spelling_words_age_estimates.csv,internal/project-authored,Candidate selected from the project-authored UK spelling-age evidence list; human review required before promotion.,high,approved_for_first_exposure,active
progression_en_gb,progression,progression,en-GB,medium,early_primary,high,internal_authored,Next Teaching Dictionary curriculum-evidence intake,docs/implementation/seed-data/teaching-dictionary/candidates/2026-06-29-phase-5-source-intake/uk_spelling_words_age_estimates.csv,internal/project-authored,Candidate selected from the project-authored UK spelling-age evidence list; human review required before promotion.,high,approved_for_first_exposure,active
sensation_en_gb,sensation,sensation,en-GB,medium,middle_primary,high,internal_authored,Next Teaching Dictionary curriculum-evidence intake,docs/implementation/seed-data/teaching-dictionary/candidates/2026-06-29-phase-5-source-intake/uk_spelling_words_age_estimates.csv,internal/project-authored,Candidate selected from the project-authored UK spelling-age evidence list; human review required before promotion.,high,approved_for_first_exposure,active
confidential_en_gb,confidential,confidential,en-GB,medium,middle_primary,high,internal_authored,Next Teaching Dictionary curriculum-evidence intake,docs/implementation/seed-data/teaching-dictionary/candidates/2026-06-29-phase-5-source-intake/uk_spelling_words_age_estimates.csv,internal/project-authored,Candidate selected from the project-authored UK spelling-age evidence list; human review required before promotion.,high,approved_for_first_exposure,active
transparency_en_gb,transparency,transparency,en-GB,medium,middle_primary,high,internal_authored,Next Teaching Dictionary curriculum-evidence intake,docs/implementation/seed-data/teaching-dictionary/candidates/2026-06-29-phase-5-source-intake/uk_spelling_words_age_estimates.csv,internal/project-authored,Candidate selected from the project-authored UK spelling-age evidence list; human review required before promotion.,high,approved_for_first_exposure,active
champagne_en_gb,champagne,champagne,en-GB,medium,early_primary,medium,internal_authored,Next Teaching Dictionary curriculum-evidence intake,docs/implementation/seed-data/teaching-dictionary/candidates/2026-06-29-phase-5-source-intake/uk_spelling_words_age_estimates.csv,internal/project-authored,Candidate selected from the project-authored UK spelling-age evidence list; human review required before promotion.,high,approved_for_first_exposure,active
drought_en_gb,drought,drought,en-GB,medium,middle_primary,medium,internal_authored,Next Teaching Dictionary curriculum-evidence intake,docs/implementation/seed-data/teaching-dictionary/candidates/2026-06-29-phase-5-source-intake/uk_spelling_words_age_estimates.csv,internal/project-authored,Candidate selected from the project-authored UK spelling-age evidence list; human review required before promotion.,high,approved_for_first_exposure,active
sincerely_en_gb,sincerely,sincerely,en-GB,medium,early_primary,high,internal_authored,Next Teaching Dictionary curriculum-evidence intake,docs/implementation/seed-data/teaching-dictionary/candidates/2026-06-29-phase-5-source-intake/uk_spelling_words_age_estimates.csv,internal/project-authored,Candidate selected from the project-authored UK spelling-age evidence list; human review required before promotion.,high,approved_for_first_exposure,active
fry_en_gb,fry,fry,en-GB,medium,middle_primary,low,internal_authored,Next Teaching Dictionary curriculum-evidence intake,docs/implementation/seed-data/teaching-dictionary/candidates/2026-06-29-phase-5-source-intake/uk_spelling_words_age_estimates.csv,internal/project-authored,Candidate selected from the project-authored UK spelling-age evidence list; human review required before promotion.,high,approved_for_first_exposure,active
bury_en_gb,bury,bury,en-GB,medium,early_primary,low,internal_authored,Next Teaching Dictionary curriculum-evidence intake,docs/implementation/seed-data/teaching-dictionary/candidates/2026-06-29-phase-5-source-intake/uk_spelling_words_age_estimates.csv,internal/project-authored,Candidate selected from the project-authored UK spelling-age evidence list; human review required before promotion.,high,approved_for_first_exposure,active
mosque_en_gb,mosque,mosque,en-GB,medium,lower_secondary,low,internal_authored,Next Teaching Dictionary curriculum-evidence intake,docs/implementation/seed-data/teaching-dictionary/candidates/2026-06-29-phase-5-source-intake/uk_spelling_words_age_estimates.csv,internal/project-authored,Candidate selected from the project-authored UK spelling-age evidence list; human review required before promotion.,high,approved_for_first_exposure,active
plague_en_gb,plague,plague,en-GB,medium,middle_primary,low,internal_authored,Next Teaching Dictionary curriculum-evidence intake,docs/implementation/seed-data/teaching-dictionary/candidates/2026-06-29-phase-5-source-intake/uk_spelling_words_age_estimates.csv,internal/project-authored,Candidate selected from the project-authored UK spelling-age evidence list; human review required before promotion.,high,approved_for_first_exposure,active
rogue_en_gb,rogue,rogue,en-GB,medium,upper_primary,low,internal_authored,Next Teaching Dictionary curriculum-evidence intake,docs/implementation/seed-data/teaching-dictionary/candidates/2026-06-29-phase-5-source-intake/uk_spelling_words_age_estimates.csv,internal/project-authored,Candidate selected from the project-authored UK spelling-age evidence list; human review required before promotion.,high,approved_for_first_exposure,active
tomb_en_gb,tomb,tomb,en-GB,medium,early_primary,low,internal_authored,Next Teaching Dictionary curriculum-evidence intake,docs/implementation/seed-data/teaching-dictionary/candidates/2026-06-29-phase-5-source-intake/uk_spelling_words_age_estimates.csv,internal/project-authored,Candidate selected from the project-authored UK spelling-age evidence list; human review required before promotion.,high,approved_for_first_exposure,active
shiny_en_gb,shiny,shiny,en-GB,medium,early_primary,medium,internal_authored,Next Teaching Dictionary curriculum-evidence intake,docs/implementation/seed-data/teaching-dictionary/candidates/2026-06-29-phase-5-source-intake/uk_spelling_words_age_estimates.csv,internal/project-authored,Candidate selected from the project-authored UK spelling-age evidence list; human review required before promotion.,high,approved_for_first_exposure,active
confession_en_gb,confession,confession,en-GB,medium,early_primary,high,internal_authored,Next Teaching Dictionary curriculum-evidence intake,docs/implementation/seed-data/teaching-dictionary/candidates/2026-06-29-phase-5-source-intake/uk_spelling_words_age_estimates.csv,internal/project-authored,Candidate selected from the project-authored UK spelling-age evidence list; human review required before promotion.,high,approved_for_first_exposure,active
interfere_en_gb,interfere,interfere,en-GB,medium,early_primary,high,internal_authored,Next Teaching Dictionary curriculum-evidence intake,docs/implementation/seed-data/teaching-dictionary/candidates/2026-06-29-phase-5-source-intake/uk_spelling_words_age_estimates.csv,internal/project-authored,Candidate selected from the project-authored UK spelling-age evidence list; human review required before promotion.,high,approved_for_first_exposure,active
haul_en_gb,haul,haul,en-GB,medium,upper_primary,low,internal_authored,Next Teaching Dictionary curriculum-evidence intake,docs/implementation/seed-data/teaching-dictionary/candidates/2026-06-29-phase-5-source-intake/uk_spelling_words_age_estimates.csv,internal/project-authored,Candidate selected from the project-authored UK spelling-age evidence list; human review required before promotion.,high,approved_for_first_exposure,active
thief_en_gb,thief,thief,en-GB,medium,early_primary,low,internal_authored,Next Teaching Dictionary curriculum-evidence intake,docs/implementation/seed-data/teaching-dictionary/candidates/2026-06-29-phase-5-source-intake/uk_spelling_words_age_estimates.csv,internal/project-authored,Candidate selected from the project-authored UK spelling-age evidence list; human review required before promotion.,high,approved_for_first_exposure,active
robbed_en_gb,robbed,robbed,en-GB,medium,early_primary,low,internal_authored,Next Teaching Dictionary curriculum-evidence intake,docs/implementation/seed-data/teaching-dictionary/candidates/2026-06-29-phase-5-source-intake/uk_spelling_words_age_estimates.csv,internal/project-authored,Candidate selected from the project-authored UK spelling-age evidence list; human review required before promotion.,high,approved_for_first_exposure,active
choir_en_gb,choir,choir,en-GB,medium,early_primary,medium,internal_authored,Next Teaching Dictionary curriculum-evidence intake,docs/implementation/seed-data/teaching-dictionary/candidates/2026-06-29-phase-5-source-intake/uk_spelling_words_age_estimates.csv,internal/project-authored,Candidate selected from the project-authored UK spelling-age evidence list; human review required before promotion.,high,approved_for_first_exposure,active
committing_en_gb,committing,committing,en-GB,medium,middle_primary,high,internal_authored,Next Teaching Dictionary curriculum-evidence intake,docs/implementation/seed-data/teaching-dictionary/candidates/2026-06-29-phase-5-source-intake/uk_spelling_words_age_estimates.csv,internal/project-authored,Candidate selected from the project-authored UK spelling-age evidence list; human review required before promotion.,high,approved_for_first_exposure,active
baron_en_gb,baron,baron,en-GB,medium,middle_primary,medium,internal_authored,Next Teaching Dictionary curriculum-evidence intake,docs/implementation/seed-data/teaching-dictionary/candidates/2026-06-29-phase-5-source-intake/uk_spelling_words_age_estimates.csv,internal/project-authored,Candidate selected from the project-authored UK spelling-age evidence list; human review required before promotion.,high,approved_for_first_exposure,active
whistle_en_gb,whistle,whistle,en-GB,medium,early_primary,medium,internal_authored,Next Teaching Dictionary curriculum-evidence intake,docs/implementation/seed-data/teaching-dictionary/candidates/2026-06-29-phase-5-source-intake/uk_spelling_words_age_estimates.csv,internal/project-authored,Candidate selected from the project-authored UK spelling-age evidence list; human review required before promotion.,high,approved_for_first_exposure,active
uncommon_en_gb,uncommon,uncommon,en-GB,medium,early_primary,high,internal_authored,Next Teaching Dictionary curriculum-evidence intake,docs/implementation/seed-data/teaching-dictionary/candidates/2026-06-29-phase-5-source-intake/uk_spelling_words_age_estimates.csv,internal/project-authored,Candidate selected from the project-authored UK spelling-age evidence list; human review required before promotion.,high,approved_for_first_exposure,active
dominate_en_gb,dominate,dominate,en-GB,medium,upper_primary,high,internal_authored,Next Teaching Dictionary curriculum-evidence intake,docs/implementation/seed-data/teaching-dictionary/candidates/2026-06-29-phase-5-source-intake/uk_spelling_words_age_estimates.csv,internal/project-authored,Candidate selected from the project-authored UK spelling-age evidence list; human review required before promotion.,high,approved_for_first_exposure,active
bully_en_gb,bully,bully,en-GB,medium,middle_primary,medium,internal_authored,Next Teaching Dictionary curriculum-evidence intake,docs/implementation/seed-data/teaching-dictionary/candidates/2026-06-29-phase-5-source-intake/uk_spelling_words_age_estimates.csv,internal/project-authored,Candidate selected from the project-authored UK spelling-age evidence list; human review required before promotion.,high,approved_for_first_exposure,active
hiking_en_gb,hiking,hiking,en-GB,medium,early_primary,medium,internal_authored,Next Teaching Dictionary curriculum-evidence intake,docs/implementation/seed-data/teaching-dictionary/candidates/2026-06-29-phase-5-source-intake/uk_spelling_words_age_estimates.csv,internal/project-authored,Candidate selected from the project-authored UK spelling-age evidence list; human review required before promotion.,high,approved_for_first_exposure,active
swallow_en_gb,swallow,swallow,en-GB,medium,early_primary,medium,internal_authored,Next Teaching Dictionary curriculum-evidence intake,docs/implementation/seed-data/teaching-dictionary/candidates/2026-06-29-phase-5-source-intake/uk_spelling_words_age_estimates.csv,internal/project-authored,Candidate selected from the project-authored UK spelling-age evidence list; human review required before promotion.,high,approved_for_first_exposure,active
marshal_en_gb,marshal,marshal,en-GB,medium,middle_primary,medium,internal_authored,Next Teaching Dictionary curriculum-evidence intake,docs/implementation/seed-data/teaching-dictionary/candidates/2026-06-29-phase-5-source-intake/uk_spelling_words_age_estimates.csv,internal/project-authored,Candidate selected from the project-authored UK spelling-age evidence list; human review required before promotion.,high,approved_for_first_exposure,active
referee_en_gb,referee,referee,en-GB,medium,early_primary,medium,internal_authored,Next Teaching Dictionary curriculum-evidence intake,docs/implementation/seed-data/teaching-dictionary/candidates/2026-06-29-phase-5-source-intake/uk_spelling_words_age_estimates.csv,internal/project-authored,Candidate selected from the project-authored UK spelling-age evidence list; human review required before promotion.,high,approved_for_first_exposure,active
surf_en_gb,surf,surf,en-GB,medium,early_primary,low,internal_authored,Next Teaching Dictionary curriculum-evidence intake,docs/implementation/seed-data/teaching-dictionary/candidates/2026-06-29-phase-5-source-intake/uk_spelling_words_age_estimates.csv,internal/project-authored,Candidate selected from the project-authored UK spelling-age evidence list; human review required before promotion.,high,approved_for_first_exposure,active
monkeys_en_gb,monkeys,monkeys,en-GB,medium,early_primary,medium,internal_authored,Next Teaching Dictionary curriculum-evidence intake,docs/implementation/seed-data/teaching-dictionary/candidates/2026-06-29-phase-5-source-intake/uk_spelling_words_age_estimates.csv,internal/project-authored,Candidate selected from the project-authored UK spelling-age evidence list; human review required before promotion.,high,approved_for_first_exposure,active
dough_en_gb,dough,dough,en-GB,medium,early_primary,low,internal_authored,Next Teaching Dictionary curriculum-evidence intake,docs/implementation/seed-data/teaching-dictionary/candidates/2026-06-29-phase-5-source-intake/uk_spelling_words_age_estimates.csv,internal/project-authored,Candidate selected from the project-authored UK spelling-age evidence list; human review required before promotion.,high,approved_for_first_exposure,active
heavier_en_gb,heavier,heavier,en-GB,medium,early_primary,medium,internal_authored,Next Teaching Dictionary curriculum-evidence intake,docs/implementation/seed-data/teaching-dictionary/candidates/2026-06-29-phase-5-source-intake/uk_spelling_words_age_estimates.csv,internal/project-authored,Candidate selected from the project-authored UK spelling-age evidence list; human review required before promotion.,high,approved_for_first_exposure,active
incomplete_en_gb,incomplete,incomplete,en-GB,medium,early_primary,high,internal_authored,Next Teaching Dictionary curriculum-evidence intake,docs/implementation/seed-data/teaching-dictionary/candidates/2026-06-29-phase-5-source-intake/uk_spelling_words_age_estimates.csv,internal/project-authored,Candidate selected from the project-authored UK spelling-age evidence list; human review required before promotion.,high,approved_for_first_exposure,active
desirable_en_gb,desirable,desirable,en-GB,medium,early_primary,high,internal_authored,Next Teaching Dictionary curriculum-evidence intake,docs/implementation/seed-data/teaching-dictionary/candidates/2026-06-29-phase-5-source-intake/uk_spelling_words_age_estimates.csv,internal/project-authored,Candidate selected from the project-authored UK spelling-age evidence list; human review required before promotion.,high,approved_for_first_exposure,active
farther_en_gb,farther,farther,en-GB,medium,early_primary,medium,internal_authored,Next Teaching Dictionary curriculum-evidence intake,docs/implementation/seed-data/teaching-dictionary/candidates/2026-06-29-phase-5-source-intake/uk_spelling_words_age_estimates.csv,internal/project-authored,Candidate selected from the project-authored UK spelling-age evidence list; human review required before promotion.,high,approved_for_first_exposure,active
tolerate_en_gb,tolerate,tolerate,en-GB,medium,upper_primary,high,internal_authored,Next Teaching Dictionary curriculum-evidence intake,docs/implementation/seed-data/teaching-dictionary/candidates/2026-06-29-phase-5-source-intake/uk_spelling_words_age_estimates.csv,internal/project-authored,Candidate selected from the project-authored UK spelling-age evidence list; human review required before promotion.,high,approved_for_first_exposure,active
swan_en_gb,swan,swan,en-GB,medium,early_primary,low,internal_authored,Next Teaching Dictionary curriculum-evidence intake,docs/implementation/seed-data/teaching-dictionary/candidates/2026-06-29-phase-5-source-intake/uk_spelling_words_age_estimates.csv,internal/project-authored,Candidate selected from the project-authored UK spelling-age evidence list; human review required before promotion.,high,approved_for_first_exposure,active
heel_en_gb,heel,heel,en-GB,medium,early_primary,low,internal_authored,Next Teaching Dictionary curriculum-evidence intake,docs/implementation/seed-data/teaching-dictionary/candidates/2026-06-29-phase-5-source-intake/uk_spelling_words_age_estimates.csv,internal/project-authored,Candidate selected from the project-authored UK spelling-age evidence list; human review required before promotion.,high,approved_for_first_exposure,active
sincere_en_gb,sincere,sincere,en-GB,medium,early_primary,medium,internal_authored,Next Teaching Dictionary curriculum-evidence intake,docs/implementation/seed-data/teaching-dictionary/candidates/2026-06-29-phase-5-source-intake/uk_spelling_words_age_estimates.csv,internal/project-authored,Candidate selected from the project-authored UK spelling-age evidence list; human review required before promotion.,high,approved_for_first_exposure,active
slaughter_en_gb,slaughter,slaughter,en-GB,medium,early_primary,medium,internal_authored,Next Teaching Dictionary curriculum-evidence intake,docs/implementation/seed-data/teaching-dictionary/candidates/2026-06-29-phase-5-source-intake/uk_spelling_words_age_estimates.csv,internal/project-authored,Candidate selected from the project-authored UK spelling-age evidence list; human review required before promotion.,high,approved_for_first_exposure,active
superstar_en_gb,superstar,superstar,en-GB,medium,early_primary,high,internal_authored,Next Teaching Dictionary curriculum-evidence intake,docs/implementation/seed-data/teaching-dictionary/candidates/2026-06-29-phase-5-source-intake/uk_spelling_words_age_estimates.csv,internal/project-authored,Candidate selected from the project-authored UK spelling-age evidence list; human review required before promotion.,high,approved_for_first_exposure,active
wholly_en_gb,wholly,wholly,en-GB,medium,middle_primary,medium,internal_authored,Next Teaching Dictionary curriculum-evidence intake,docs/implementation/seed-data/teaching-dictionary/candidates/2026-06-29-phase-5-source-intake/uk_spelling_words_age_estimates.csv,internal/project-authored,Candidate selected from the project-authored UK spelling-age evidence list; human review required before promotion.,high,approved_for_first_exposure,active
dominance_en_gb,dominance,dominance,en-GB,medium,middle_primary,high,internal_authored,Next Teaching Dictionary curriculum-evidence intake,docs/implementation/seed-data/teaching-dictionary/candidates/2026-06-29-phase-5-source-intake/uk_spelling_words_age_estimates.csv,internal/project-authored,Candidate selected from the project-authored UK spelling-age evidence list; human review required before promotion.,high,approved_for_first_exposure,active
innocence_en_gb,innocence,innocence,en-GB,medium,early_primary,high,internal_authored,Next Teaching Dictionary curriculum-evidence intake,docs/implementation/seed-data/teaching-dictionary/candidates/2026-06-29-phase-5-source-intake/uk_spelling_words_age_estimates.csv,internal/project-authored,Candidate selected from the project-authored UK spelling-age evidence list; human review required before promotion.,high,approved_for_first_exposure,active
thoughtful_en_gb,thoughtful,thoughtful,en-GB,medium,early_primary,high,internal_authored,Next Teaching Dictionary curriculum-evidence intake,docs/implementation/seed-data/teaching-dictionary/candidates/2026-06-29-phase-5-source-intake/uk_spelling_words_age_estimates.csv,internal/project-authored,Candidate selected from the project-authored UK spelling-age evidence list; human review required before promotion.,high,approved_for_first_exposure,active
merry_en_gb,merry,merry,en-GB,medium,early_primary,medium,internal_authored,Next Teaching Dictionary curriculum-evidence intake,docs/implementation/seed-data/teaching-dictionary/candidates/2026-06-29-phase-5-source-intake/uk_spelling_words_age_estimates.csv,internal/project-authored,Candidate selected from the project-authored UK spelling-age evidence list; human review required before promotion.,high,approved_for_first_exposure,active
naughty_en_gb,naughty,naughty,en-GB,medium,early_primary,medium,internal_authored,Next Teaching Dictionary curriculum-evidence intake,docs/implementation/seed-data/teaching-dictionary/candidates/2026-06-29-phase-5-source-intake/uk_spelling_words_age_estimates.csv,internal/project-authored,Candidate selected from the project-authored UK spelling-age evidence list; human review required before promotion.,high,approved_for_first_exposure,active
obey_en_gb,obey,obey,en-GB,medium,early_primary,low,internal_authored,Next Teaching Dictionary curriculum-evidence intake,docs/implementation/seed-data/teaching-dictionary/candidates/2026-06-29-phase-5-source-intake/uk_spelling_words_age_estimates.csv,internal/project-authored,Candidate selected from the project-authored UK spelling-age evidence list; human review required before promotion.,high,approved_for_first_exposure,active
convey_en_gb,convey,convey,en-GB,medium,lower_secondary,medium,internal_authored,Next Teaching Dictionary curriculum-evidence intake,docs/implementation/seed-data/teaching-dictionary/candidates/2026-06-29-phase-5-source-intake/uk_spelling_words_age_estimates.csv,internal/project-authored,Candidate selected from the project-authored UK spelling-age evidence list; human review required before promotion.,high,approved_for_first_exposure,active
humour_en_gb,humour,humour,en-GB,medium,middle_primary,medium,internal_authored,Next Teaching Dictionary curriculum-evidence intake,docs/implementation/seed-data/teaching-dictionary/candidates/2026-06-29-phase-5-source-intake/uk_spelling_words_age_estimates.csv,internal/project-authored,Candidate selected from the project-authored UK spelling-age evidence list; human review required before promotion.,high,approved_for_first_exposure,active
borough_en_gb,borough,borough,en-GB,medium,lower_secondary,medium,internal_authored,Next Teaching Dictionary curriculum-evidence intake,docs/implementation/seed-data/teaching-dictionary/candidates/2026-06-29-phase-5-source-intake/uk_spelling_words_age_estimates.csv,internal/project-authored,Candidate selected from the project-authored UK spelling-age evidence list; human review required before promotion.,high,approved_for_first_exposure,active
dessert_en_gb,dessert,dessert,en-GB,medium,early_primary,medium,internal_authored,Next Teaching Dictionary curriculum-evidence intake,docs/implementation/seed-data/teaching-dictionary/candidates/2026-06-29-phase-5-source-intake/uk_spelling_words_age_estimates.csv,internal/project-authored,Candidate selected from the project-authored UK spelling-age evidence list; human review required before promotion.,high,approved_for_first_exposure,active
isle_en_gb,isle,isle,en-GB,medium,early_primary,low,internal_authored,Next Teaching Dictionary curriculum-evidence intake,docs/implementation/seed-data/teaching-dictionary/candidates/2026-06-29-phase-5-source-intake/uk_spelling_words_age_estimates.csv,internal/project-authored,Candidate selected from the project-authored UK spelling-age evidence list; human review required before promotion.,high,approved_for_first_exposure,active
vicious_en_gb,vicious,vicious,en-GB,medium,early_primary,medium,internal_authored,Next Teaching Dictionary curriculum-evidence intake,docs/implementation/seed-data/teaching-dictionary/candidates/2026-06-29-phase-5-source-intake/uk_spelling_words_age_estimates.csv,internal/project-authored,Candidate selected from the project-authored UK spelling-age evidence list; human review required before promotion.,high,approved_for_first_exposure,active
breakthrough_en_gb,breakthrough,breakthrough,en-GB,medium,middle_primary,high,internal_authored,Next Teaching Dictionary curriculum-evidence intake,docs/implementation/seed-data/teaching-dictionary/candidates/2026-06-29-phase-5-source-intake/uk_spelling_words_age_estimates.csv,internal/project-authored,Candidate selected from the project-authored UK spelling-age evidence list; human review required before promotion.,high,approved_for_first_exposure,active
louder_en_gb,louder,louder,en-GB,medium,early_primary,medium,internal_authored,Next Teaching Dictionary curriculum-evidence intake,docs/implementation/seed-data/teaching-dictionary/candidates/2026-06-29-phase-5-source-intake/uk_spelling_words_age_estimates.csv,internal/project-authored,Candidate selected from the project-authored UK spelling-age evidence list; human review required before promotion.,high,approved_for_first_exposure,active
vocabulary_en_gb,vocabulary,vocabulary,en-GB,medium,early_primary,high,internal_authored,Next Teaching Dictionary curriculum-evidence intake,docs/implementation/seed-data/teaching-dictionary/candidates/2026-06-29-phase-5-source-intake/uk_spelling_words_age_estimates.csv,internal/project-authored,Candidate selected from the project-authored UK spelling-age evidence list; human review required before promotion.,high,approved_for_first_exposure,active
relied_en_gb,relied,relied,en-GB,medium,early_primary,medium,internal_authored,Next Teaching Dictionary curriculum-evidence intake,docs/implementation/seed-data/teaching-dictionary/candidates/2026-06-29-phase-5-source-intake/uk_spelling_words_age_estimates.csv,internal/project-authored,Candidate selected from the project-authored UK spelling-age evidence list; human review required before promotion.,high,approved_for_first_exposure,active
persuade_en_gb,persuade,persuade,en-GB,medium,early_primary,medium,internal_authored,Next Teaching Dictionary curriculum-evidence intake,docs/implementation/seed-data/teaching-dictionary/candidates/2026-06-29-phase-5-source-intake/uk_spelling_words_age_estimates.csv,internal/project-authored,Candidate selected from the project-authored UK spelling-age evidence list; human review required before promotion.,high,approved_for_first_exposure,active
yacht_en_gb,yacht,yacht,en-GB,medium,early_primary,low,internal_authored,Next Teaching Dictionary curriculum-evidence intake,docs/implementation/seed-data/teaching-dictionary/candidates/2026-06-29-phase-5-source-intake/uk_spelling_words_age_estimates.csv,internal/project-authored,Candidate selected from the project-authored UK spelling-age evidence list; human review required before promotion.,high,approved_for_first_exposure,active
eighteen_en_gb,eighteen,eighteen,en-GB,medium,early_primary,medium,internal_authored,Next Teaching Dictionary curriculum-evidence intake,docs/implementation/seed-data/teaching-dictionary/candidates/2026-06-29-phase-5-source-intake/uk_spelling_words_age_estimates.csv,internal/project-authored,Candidate selected from the project-authored UK spelling-age evidence list; human review required before promotion.,high,approved_for_first_exposure,active
infectious_en_gb,infectious,infectious,en-GB,medium,early_primary,high,internal_authored,Next Teaching Dictionary curriculum-evidence intake,docs/implementation/seed-data/teaching-dictionary/candidates/2026-06-29-phase-5-source-intake/uk_spelling_words_age_estimates.csv,internal/project-authored,Candidate selected from the project-authored UK spelling-age evidence list; human review required before promotion.,high,approved_for_first_exposure,active
accompany_en_gb,accompany,accompany,en-GB,medium,early_primary,high,internal_authored,Next Teaching Dictionary curriculum-evidence intake,docs/implementation/seed-data/teaching-dictionary/candidates/2026-06-29-phase-5-source-intake/uk_spelling_words_age_estimates.csv,internal/project-authored,Candidate selected from the project-authored UK spelling-age evidence list; human review required before promotion.,high,approved_for_first_exposure,active
fries_en_gb,fries,fries,en-GB,medium,early_primary,low,internal_authored,Next Teaching Dictionary curriculum-evidence intake,docs/implementation/seed-data/teaching-dictionary/candidates/2026-06-29-phase-5-source-intake/uk_spelling_words_age_estimates.csv,internal/project-authored,Candidate selected from the project-authored UK spelling-age evidence list; human review required before promotion.,high,approved_for_first_exposure,active
relies_en_gb,relies,relies,en-GB,medium,early_primary,medium,internal_authored,Next Teaching Dictionary curriculum-evidence intake,docs/implementation/seed-data/teaching-dictionary/candidates/2026-06-29-phase-5-source-intake/uk_spelling_words_age_estimates.csv,internal/project-authored,Candidate selected from the project-authored UK spelling-age evidence list; human review required before promotion.,high,approved_for_first_exposure,active
archer_en_gb,archer,archer,en-GB,medium,early_primary,medium,internal_authored,Next Teaching Dictionary curriculum-evidence intake,docs/implementation/seed-data/teaching-dictionary/candidates/2026-06-29-phase-5-source-intake/uk_spelling_words_age_estimates.csv,internal/project-authored,Candidate selected from the project-authored UK spelling-age evidence list; human review required before promotion.,high,approved_for_first_exposure,active
forwards_en_gb,forwards,forwards,en-GB,medium,early_primary,medium,internal_authored,Next Teaching Dictionary curriculum-evidence intake,docs/implementation/seed-data/teaching-dictionary/candidates/2026-06-29-phase-5-source-intake/uk_spelling_words_age_estimates.csv,internal/project-authored,Candidate selected from the project-authored UK spelling-age evidence list; human review required before promotion.,high,approved_for_first_exposure,active
exhaust_en_gb,exhaust,exhaust,en-GB,medium,early_primary,medium,internal_authored,Next Teaching Dictionary curriculum-evidence intake,docs/implementation/seed-data/teaching-dictionary/candidates/2026-06-29-phase-5-source-intake/uk_spelling_words_age_estimates.csv,internal/project-authored,Candidate selected from the project-authored UK spelling-age evidence list; human review required before promotion.,high,approved_for_first_exposure,active
reluctant_en_gb,reluctant,reluctant,en-GB,medium,upper_primary,high,internal_authored,Next Teaching Dictionary curriculum-evidence intake,docs/implementation/seed-data/teaching-dictionary/candidates/2026-06-29-phase-5-source-intake/uk_spelling_words_age_estimates.csv,internal/project-authored,Candidate selected from the project-authored UK spelling-age evidence list; human review required before promotion.,high,approved_for_first_exposure,active
inheritance_en_gb,inheritance,inheritance,en-GB,medium,middle_primary,high,internal_authored,Next Teaching Dictionary curriculum-evidence intake,docs/implementation/seed-data/teaching-dictionary/candidates/2026-06-29-phase-5-source-intake/uk_spelling_words_age_estimates.csv,internal/project-authored,Candidate selected from the project-authored UK spelling-age evidence list; human review required before promotion.,high,approved_for_first_exposure,active
dad_s_en_gb,dad's,dad's,en-GB,medium,early_primary,low,internal_authored,Next Teaching Dictionary curriculum-evidence intake,docs/implementation/seed-data/teaching-dictionary/candidates/2026-06-29-phase-5-source-intake/uk_spelling_words_age_estimates.csv,internal/project-authored,Candidate selected from the project-authored UK spelling-age evidence list; human review required before promotion.,high,approved_for_first_exposure,active
admitting_en_gb,admitting,admitting,en-GB,medium,middle_primary,high,internal_authored,Next Teaching Dictionary curriculum-evidence intake,docs/implementation/seed-data/teaching-dictionary/candidates/2026-06-29-phase-5-source-intake/uk_spelling_words_age_estimates.csv,internal/project-authored,Candidate selected from the project-authored UK spelling-age evidence list; human review required before promotion.,high,approved_for_first_exposure,active
seize_en_gb,seize,seize,en-GB,medium,early_primary,low,internal_authored,Next Teaching Dictionary curriculum-evidence intake,docs/implementation/seed-data/teaching-dictionary/candidates/2026-06-29-phase-5-source-intake/uk_spelling_words_age_estimates.csv,internal/project-authored,Candidate selected from the project-authored UK spelling-age evidence list; human review required before promotion.,high,approved_for_first_exposure,active
altar_en_gb,altar,altar,en-GB,medium,early_primary,medium,internal_authored,Next Teaching Dictionary curriculum-evidence intake,docs/implementation/seed-data/teaching-dictionary/candidates/2026-06-29-phase-5-source-intake/uk_spelling_words_age_estimates.csv,internal/project-authored,Candidate selected from the project-authored UK spelling-age evidence list; human review required before promotion.,high,approved_for_first_exposure,active
probable_en_gb,probable,probable,en-GB,medium,middle_primary,high,internal_authored,Next Teaching Dictionary curriculum-evidence intake,docs/implementation/seed-data/teaching-dictionary/candidates/2026-06-29-phase-5-source-intake/uk_spelling_words_age_estimates.csv,internal/project-authored,Candidate selected from the project-authored UK spelling-age evidence list; human review required before promotion.,high,approved_for_first_exposure,active
mechanic_en_gb,mechanic,mechanic,en-GB,medium,early_primary,high,internal_authored,Next Teaching Dictionary curriculum-evidence intake,docs/implementation/seed-data/teaching-dictionary/candidates/2026-06-29-phase-5-source-intake/uk_spelling_words_age_estimates.csv,internal/project-authored,Candidate selected from the project-authored UK spelling-age evidence list; human review required before promotion.,high,approved_for_first_exposure,active
cautious_en_gb,cautious,cautious,en-GB,medium,early_primary,medium,internal_authored,Next Teaching Dictionary curriculum-evidence intake,docs/implementation/seed-data/teaching-dictionary/candidates/2026-06-29-phase-5-source-intake/uk_spelling_words_age_estimates.csv,internal/project-authored,Candidate selected from the project-authored UK spelling-age evidence list; human review required before promotion.,high,approved_for_first_exposure,active
hesitate_en_gb,hesitate,hesitate,en-GB,medium,early_primary,high,internal_authored,Next Teaching Dictionary curriculum-evidence intake,docs/implementation/seed-data/teaching-dictionary/candidates/2026-06-29-phase-5-source-intake/uk_spelling_words_age_estimates.csv,internal/project-authored,Candidate selected from the project-authored UK spelling-age evidence list; human review required before promotion.,high,approved_for_first_exposure,active
prejudice_en_gb,prejudice,prejudice,en-GB,medium,upper_primary,high,internal_authored,Next Teaching Dictionary curriculum-evidence intake,docs/implementation/seed-data/teaching-dictionary/candidates/2026-06-29-phase-5-source-intake/uk_spelling_words_age_estimates.csv,internal/project-authored,Candidate selected from the project-authored UK spelling-age evidence list; human review required before promotion.,high,approved_for_first_exposure,active
stall_en_gb,stall,stall,en-GB,medium,early_primary,low,internal_authored,Next Teaching Dictionary curriculum-evidence intake,docs/implementation/seed-data/teaching-dictionary/candidates/2026-06-29-phase-5-source-intake/uk_spelling_words_age_estimates.csv,internal/project-authored,Candidate selected from the project-authored UK spelling-age evidence list; human review required before promotion.,high,approved_for_first_exposure,active
hygiene_en_gb,hygiene,hygiene,en-GB,medium,middle_primary,medium,internal_authored,Next Teaching Dictionary curriculum-evidence intake,docs/implementation/seed-data/teaching-dictionary/candidates/2026-06-29-phase-5-source-intake/uk_spelling_words_age_estimates.csv,internal/project-authored,Candidate selected from the project-authored UK spelling-age evidence list; human review required before promotion.,high,approved_for_first_exposure,active
definite_en_gb,definite,definite,en-GB,medium,middle_primary,high,internal_authored,Next Teaching Dictionary curriculum-evidence intake,docs/implementation/seed-data/teaching-dictionary/candidates/2026-06-29-phase-5-source-intake/uk_spelling_words_age_estimates.csv,internal/project-authored,Candidate selected from the project-authored UK spelling-age evidence list; human review required before promotion.,high,approved_for_first_exposure,active
queue_en_gb,queue,queue,en-GB,medium,lower_secondary,low,internal_authored,Next Teaching Dictionary curriculum-evidence intake,docs/implementation/seed-data/teaching-dictionary/candidates/2026-06-29-phase-5-source-intake/uk_spelling_words_age_estimates.csv,internal/project-authored,Candidate selected from the project-authored UK spelling-age evidence list; human review required before promotion.,high,approved_for_first_exposure,active
credible_en_gb,credible,credible,en-GB,medium,early_primary,high,internal_authored,Next Teaching Dictionary curriculum-evidence intake,docs/implementation/seed-data/teaching-dictionary/candidates/2026-06-29-phase-5-source-intake/uk_spelling_words_age_estimates.csv,internal/project-authored,Candidate selected from the project-authored UK spelling-age evidence list; human review required before promotion.,high,approved_for_first_exposure,active
immortal_en_gb,immortal,immortal,en-GB,medium,middle_primary,high,internal_authored,Next Teaching Dictionary curriculum-evidence intake,docs/implementation/seed-data/teaching-dictionary/candidates/2026-06-29-phase-5-source-intake/uk_spelling_words_age_estimates.csv,internal/project-authored,Candidate selected from the project-authored UK spelling-age evidence list; human review required before promotion.,high,approved_for_first_exposure,active
occurrence_en_gb,occurrence,occurrence,en-GB,medium,middle_primary,high,internal_authored,Next Teaching Dictionary curriculum-evidence intake,docs/implementation/seed-data/teaching-dictionary/candidates/2026-06-29-phase-5-source-intake/uk_spelling_words_age_estimates.csv,internal/project-authored,Candidate selected from the project-authored UK spelling-age evidence list; human review required before promotion.,high,approved_for_first_exposure,active
outrageous_en_gb,outrageous,outrageous,en-GB,medium,upper_primary,high,internal_authored,Next Teaching Dictionary curriculum-evidence intake,docs/implementation/seed-data/teaching-dictionary/candidates/2026-06-29-phase-5-source-intake/uk_spelling_words_age_estimates.csv,internal/project-authored,Candidate selected from the project-authored UK spelling-age evidence list; human review required before promotion.,high,approved_for_first_exposure,active
complement_en_gb,complement,complement,en-GB,medium,upper_primary,high,internal_authored,Next Teaching Dictionary curriculum-evidence intake,docs/implementation/seed-data/teaching-dictionary/candidates/2026-06-29-phase-5-source-intake/uk_spelling_words_age_estimates.csv,internal/project-authored,Candidate selected from the project-authored UK spelling-age evidence list; human review required before promotion.,high,approved_for_first_exposure,active
remarkably_en_gb,remarkably,remarkably,en-GB,medium,upper_primary,high,internal_authored,Next Teaching Dictionary curriculum-evidence intake,docs/implementation/seed-data/teaching-dictionary/candidates/2026-06-29-phase-5-source-intake/uk_spelling_words_age_estimates.csv,internal/project-authored,Candidate selected from the project-authored UK spelling-age evidence list; human review required before promotion.,high,approved_for_first_exposure,active
crawl_en_gb,crawl,crawl,en-GB,medium,early_primary,low,internal_authored,Next Teaching Dictionary curriculum-evidence intake,docs/implementation/seed-data/teaching-dictionary/candidates/2026-06-29-phase-5-source-intake/uk_spelling_words_age_estimates.csv,internal/project-authored,Candidate selected from the project-authored UK spelling-age evidence list; human review required before promotion.,high,approved_for_first_exposure,active
dinosaur_en_gb,dinosaur,dinosaur,en-GB,medium,early_primary,high,internal_authored,Next Teaching Dictionary curriculum-evidence intake,docs/implementation/seed-data/teaching-dictionary/candidates/2026-06-29-phase-5-source-intake/uk_spelling_words_age_estimates.csv,internal/project-authored,Candidate selected from the project-authored UK spelling-age evidence list; human review required before promotion.,high,approved_for_first_exposure,active
herd_en_gb,herd,herd,en-GB,medium,early_primary,low,internal_authored,Next Teaching Dictionary curriculum-evidence intake,docs/implementation/seed-data/teaching-dictionary/candidates/2026-06-29-phase-5-source-intake/uk_spelling_words_age_estimates.csv,internal/project-authored,Candidate selected from the project-authored UK spelling-age evidence list; human review required before promotion.,high,approved_for_first_exposure,active
vein_en_gb,vein,vein,en-GB,medium,middle_primary,low,internal_authored,Next Teaching Dictionary curriculum-evidence intake,docs/implementation/seed-data/teaching-dictionary/candidates/2026-06-29-phase-5-source-intake/uk_spelling_words_age_estimates.csv,internal/project-authored,Candidate selected from the project-authored UK spelling-age evidence list; human review required before promotion.,high,approved_for_first_exposure,active
calculation_en_gb,calculation,calculation,en-GB,medium,middle_primary,high,internal_authored,Next Teaching Dictionary curriculum-evidence intake,docs/implementation/seed-data/teaching-dictionary/candidates/2026-06-29-phase-5-source-intake/uk_spelling_words_age_estimates.csv,internal/project-authored,Candidate selected from the project-authored UK spelling-age evidence list; human review required before promotion.,high,approved_for_first_exposure,active
spatial_en_gb,spatial,spatial,en-GB,medium,mid_secondary,medium,internal_authored,Next Teaching Dictionary curriculum-evidence intake,docs/implementation/seed-data/teaching-dictionary/candidates/2026-06-29-phase-5-source-intake/uk_spelling_words_age_estimates.csv,internal/project-authored,Candidate selected from the project-authored UK spelling-age evidence list; human review required before promotion.,high,approved_for_first_exposure,active
predictable_en_gb,predictable,predictable,en-GB,medium,upper_primary,high,internal_authored,Next Teaching Dictionary curriculum-evidence intake,docs/implementation/seed-data/teaching-dictionary/candidates/2026-06-29-phase-5-source-intake/uk_spelling_words_age_estimates.csv,internal/project-authored,Candidate selected from the project-authored UK spelling-age evidence list; human review required before promotion.,high,approved_for_first_exposure,active
foil_en_gb,foil,foil,en-GB,medium,upper_primary,low,internal_authored,Next Teaching Dictionary curriculum-evidence intake,docs/implementation/seed-data/teaching-dictionary/candidates/2026-06-29-phase-5-source-intake/uk_spelling_words_age_estimates.csv,internal/project-authored,Candidate selected from the project-authored UK spelling-age evidence list; human review required before promotion.,high,approved_for_first_exposure,active
dice_en_gb,dice,dice,en-GB,medium,early_primary,low,internal_authored,Next Teaching Dictionary curriculum-evidence intake,docs/implementation/seed-data/teaching-dictionary/candidates/2026-06-29-phase-5-source-intake/uk_spelling_words_age_estimates.csv,internal/project-authored,Candidate selected from the project-authored UK spelling-age evidence list; human review required before promotion.,high,approved_for_first_exposure,active
syrup_en_gb,syrup,syrup,en-GB,medium,early_primary,medium,internal_authored,Next Teaching Dictionary curriculum-evidence intake,docs/implementation/seed-data/teaching-dictionary/candidates/2026-06-29-phase-5-source-intake/uk_spelling_words_age_estimates.csv,internal/project-authored,Candidate selected from the project-authored UK spelling-age evidence list; human review required before promotion.,high,approved_for_first_exposure,active
relevance_en_gb,relevance,relevance,en-GB,medium,lower_secondary,high,internal_authored,Next Teaching Dictionary curriculum-evidence intake,docs/implementation/seed-data/teaching-dictionary/candidates/2026-06-29-phase-5-source-intake/uk_spelling_words_age_estimates.csv,internal/project-authored,Candidate selected from the project-authored UK spelling-age evidence list; human review required before promotion.,high,approved_for_first_exposure,active
noticeable_en_gb,noticeable,noticeable,en-GB,medium,early_primary,high,internal_authored,Next Teaching Dictionary curriculum-evidence intake,docs/implementation/seed-data/teaching-dictionary/candidates/2026-06-29-phase-5-source-intake/uk_spelling_words_age_estimates.csv,internal/project-authored,Candidate selected from the project-authored UK spelling-age evidence list; human review required before promotion.,high,approved_for_first_exposure,active
marrying_en_gb,marrying,marrying,en-GB,medium,early_primary,medium,internal_authored,Next Teaching Dictionary curriculum-evidence intake,docs/implementation/seed-data/teaching-dictionary/candidates/2026-06-29-phase-5-source-intake/uk_spelling_words_age_estimates.csv,internal/project-authored,Candidate selected from the project-authored UK spelling-age evidence list; human review required before promotion.,high,approved_for_first_exposure,active
butcher_en_gb,butcher,butcher,en-GB,medium,upper_primary,medium,internal_authored,Next Teaching Dictionary curriculum-evidence intake,docs/implementation/seed-data/teaching-dictionary/candidates/2026-06-29-phase-5-source-intake/uk_spelling_words_age_estimates.csv,internal/project-authored,Candidate selected from the project-authored UK spelling-age evidence list; human review required before promotion.,high,approved_for_first_exposure,active
pyramid_en_gb,pyramid,pyramid,en-GB,medium,middle_primary,medium,internal_authored,Next Teaching Dictionary curriculum-evidence intake,docs/implementation/seed-data/teaching-dictionary/candidates/2026-06-29-phase-5-source-intake/uk_spelling_words_age_estimates.csv,internal/project-authored,Candidate selected from the project-authored UK spelling-age evidence list; human review required before promotion.,high,approved_for_first_exposure,active
boxer_en_gb,boxer,boxer,en-GB,medium,early_primary,medium,internal_authored,Next Teaching Dictionary curriculum-evidence intake,docs/implementation/seed-data/teaching-dictionary/candidates/2026-06-29-phase-5-source-intake/uk_spelling_words_age_estimates.csv,internal/project-authored,Candidate selected from the project-authored UK spelling-age evidence list; human review required before promotion.,high,approved_for_first_exposure,active
comfortably_en_gb,comfortably,comfortably,en-GB,medium,middle_primary,high,internal_authored,Next Teaching Dictionary curriculum-evidence intake,docs/implementation/seed-data/teaching-dictionary/candidates/2026-06-29-phase-5-source-intake/uk_spelling_words_age_estimates.csv,internal/project-authored,Candidate selected from the project-authored UK spelling-age evidence list; human review required before promotion.,high,approved_for_first_exposure,active
understandable_en_gb,understandable,understandable,en-GB,medium,middle_primary,high,internal_authored,Next Teaching Dictionary curriculum-evidence intake,docs/implementation/seed-data/teaching-dictionary/candidates/2026-06-29-phase-5-source-intake/uk_spelling_words_age_estimates.csv,internal/project-authored,Candidate selected from the project-authored UK spelling-age evidence list; human review required before promotion.,high,approved_for_first_exposure,active
kisses_en_gb,kisses,kisses,en-GB,medium,early_primary,medium,internal_authored,Next Teaching Dictionary curriculum-evidence intake,docs/implementation/seed-data/teaching-dictionary/candidates/2026-06-29-phase-5-source-intake/uk_spelling_words_age_estimates.csv,internal/project-authored,Candidate selected from the project-authored UK spelling-age evidence list; human review required before promotion.,high,approved_for_first_exposure,active
hedge_en_gb,hedge,hedge,en-GB,medium,upper_primary,low,internal_authored,Next Teaching Dictionary curriculum-evidence intake,docs/implementation/seed-data/teaching-dictionary/candidates/2026-06-29-phase-5-source-intake/uk_spelling_words_age_estimates.csv,internal/project-authored,Candidate selected from the project-authored UK spelling-age evidence list; human review required before promotion.,high,approved_for_first_exposure,active
cereal_en_gb,cereal,cereal,en-GB,medium,early_primary,medium,internal_authored,Next Teaching Dictionary curriculum-evidence intake,docs/implementation/seed-data/teaching-dictionary/candidates/2026-06-29-phase-5-source-intake/uk_spelling_words_age_estimates.csv,internal/project-authored,Candidate selected from the project-authored UK spelling-age evidence list; human review required before promotion.,high,approved_for_first_exposure,active
transferring_en_gb,transferring,transferring,en-GB,medium,middle_primary,high,internal_authored,Next Teaching Dictionary curriculum-evidence intake,docs/implementation/seed-data/teaching-dictionary/candidates/2026-06-29-phase-5-source-intake/uk_spelling_words_age_estimates.csv,internal/project-authored,Candidate selected from the project-authored UK spelling-age evidence list; human review required before promotion.,high,approved_for_first_exposure,active
pneumonia_en_gb,pneumonia,pneumonia,en-GB,medium,early_primary,high,internal_authored,Next Teaching Dictionary curriculum-evidence intake,docs/implementation/seed-data/teaching-dictionary/candidates/2026-06-29-phase-5-source-intake/uk_spelling_words_age_estimates.csv,internal/project-authored,Candidate selected from the project-authored UK spelling-age evidence list; human review required before promotion.,high,approved_for_first_exposure,active
coil_en_gb,coil,coil,en-GB,medium,early_primary,low,internal_authored,Next Teaching Dictionary curriculum-evidence intake,docs/implementation/seed-data/teaching-dictionary/candidates/2026-06-29-phase-5-source-intake/uk_spelling_words_age_estimates.csv,internal/project-authored,Candidate selected from the project-authored UK spelling-age evidence list; human review required before promotion.,high,approved_for_first_exposure,active
confrontation_en_gb,confrontation,confrontation,en-GB,medium,upper_primary,high,internal_authored,Next Teaching Dictionary curriculum-evidence intake,docs/implementation/seed-data/teaching-dictionary/candidates/2026-06-29-phase-5-source-intake/uk_spelling_words_age_estimates.csv,internal/project-authored,Candidate selected from the project-authored UK spelling-age evidence list; human review required before promotion.,high,approved_for_first_exposure,active
temptation_en_gb,temptation,temptation,en-GB,medium,early_primary,high,internal_authored,Next Teaching Dictionary curriculum-evidence intake,docs/implementation/seed-data/teaching-dictionary/candidates/2026-06-29-phase-5-source-intake/uk_spelling_words_age_estimates.csv,internal/project-authored,Candidate selected from the project-authored UK spelling-age evidence list; human review required before promotion.,high,approved_for_first_exposure,active
perceive_en_gb,perceive,perceive,en-GB,medium,lower_secondary,medium,internal_authored,Next Teaching Dictionary curriculum-evidence intake,docs/implementation/seed-data/teaching-dictionary/candidates/2026-06-29-phase-5-source-intake/uk_spelling_words_age_estimates.csv,internal/project-authored,Candidate selected from the project-authored UK spelling-age evidence list; human review required before promotion.,high,approved_for_first_exposure,active
feasible_en_gb,feasible,feasible,en-GB,medium,lower_secondary,high,internal_authored,Next Teaching Dictionary curriculum-evidence intake,docs/implementation/seed-data/teaching-dictionary/candidates/2026-06-29-phase-5-source-intake/uk_spelling_words_age_estimates.csv,internal/project-authored,Candidate selected from the project-authored UK spelling-age evidence list; human review required before promotion.,high,approved_for_first_exposure,active
verb_en_gb,verb,verb,en-GB,medium,early_primary,low,internal_authored,Next Teaching Dictionary curriculum-evidence intake,docs/implementation/seed-data/teaching-dictionary/candidates/2026-06-29-phase-5-source-intake/uk_spelling_words_age_estimates.csv,internal/project-authored,Candidate selected from the project-authored UK spelling-age evidence list; human review required before promotion.,high,approved_for_first_exposure,active
boy_s_en_gb,boy's,boy's,en-GB,medium,early_primary,low,internal_authored,Next Teaching Dictionary curriculum-evidence intake,docs/implementation/seed-data/teaching-dictionary/candidates/2026-06-29-phase-5-source-intake/uk_spelling_words_age_estimates.csv,internal/project-authored,Candidate selected from the project-authored UK spelling-age evidence list; human review required before promotion.,high,approved_for_first_exposure,active
caption_en_gb,caption,caption,en-GB,medium,lower_secondary,medium,internal_authored,Next Teaching Dictionary curriculum-evidence intake,docs/implementation/seed-data/teaching-dictionary/candidates/2026-06-29-phase-5-source-intake/uk_spelling_words_age_estimates.csv,internal/project-authored,Candidate selected from the project-authored UK spelling-age evidence list; human review required before promotion.,high,approved_for_first_exposure,active
knot_en_gb,knot,knot,en-GB,medium,early_primary,low,internal_authored,Next Teaching Dictionary curriculum-evidence intake,docs/implementation/seed-data/teaching-dictionary/candidates/2026-06-29-phase-5-source-intake/uk_spelling_words_age_estimates.csv,internal/project-authored,Candidate selected from the project-authored UK spelling-age evidence list; human review required before promotion.,high,approved_for_first_exposure,active
aisle_en_gb,aisle,aisle,en-GB,medium,early_primary,low,internal_authored,Next Teaching Dictionary curriculum-evidence intake,docs/implementation/seed-data/teaching-dictionary/candidates/2026-06-29-phase-5-source-intake/uk_spelling_words_age_estimates.csv,internal/project-authored,Candidate selected from the project-authored UK spelling-age evidence list; human review required before promotion.,high,approved_for_first_exposure,active
guessed_en_gb,guessed,guessed,en-GB,medium,middle_primary,medium,internal_authored,Next Teaching Dictionary curriculum-evidence intake,docs/implementation/seed-data/teaching-dictionary/candidates/2026-06-29-phase-5-source-intake/uk_spelling_words_age_estimates.csv,internal/project-authored,Candidate selected from the project-authored UK spelling-age evidence list; human review required before promotion.,high,approved_for_first_exposure,active
proudly_en_gb,proudly,proudly,en-GB,medium,early_primary,medium,internal_authored,Next Teaching Dictionary curriculum-evidence intake,docs/implementation/seed-data/teaching-dictionary/candidates/2026-06-29-phase-5-source-intake/uk_spelling_words_age_estimates.csv,internal/project-authored,Candidate selected from the project-authored UK spelling-age evidence list; human review required before promotion.,high,approved_for_first_exposure,active
respectful_en_gb,respectful,respectful,en-GB,medium,early_primary,high,internal_authored,Next Teaching Dictionary curriculum-evidence intake,docs/implementation/seed-data/teaching-dictionary/candidates/2026-06-29-phase-5-source-intake/uk_spelling_words_age_estimates.csv,internal/project-authored,Candidate selected from the project-authored UK spelling-age evidence list; human review required before promotion.,high,approved_for_first_exposure,active
richer_en_gb,richer,richer,en-GB,medium,early_primary,medium,internal_authored,Next Teaching Dictionary curriculum-evidence intake,docs/implementation/seed-data/teaching-dictionary/candidates/2026-06-29-phase-5-source-intake/uk_spelling_words_age_estimates.csv,internal/project-authored,Candidate selected from the project-authored UK spelling-age evidence list; human review required before promotion.,high,approved_for_first_exposure,active
spontaneous_en_gb,spontaneous,spontaneous,en-GB,medium,upper_primary,high,internal_authored,Next Teaching Dictionary curriculum-evidence intake,docs/implementation/seed-data/teaching-dictionary/candidates/2026-06-29-phase-5-source-intake/uk_spelling_words_age_estimates.csv,internal/project-authored,Candidate selected from the project-authored UK spelling-age evidence list; human review required before promotion.,high,approved_for_first_exposure,active
respectable_en_gb,respectable,respectable,en-GB,medium,early_primary,high,internal_authored,Next Teaching Dictionary curriculum-evidence intake,docs/implementation/seed-data/teaching-dictionary/candidates/2026-06-29-phase-5-source-intake/uk_spelling_words_age_estimates.csv,internal/project-authored,Candidate selected from the project-authored UK spelling-age evidence list; human review required before promotion.,high,approved_for_first_exposure,active
descendants_en_gb,descendants,descendants,en-GB,medium,upper_primary,high,internal_authored,Next Teaching Dictionary curriculum-evidence intake,docs/implementation/seed-data/teaching-dictionary/candidates/2026-06-29-phase-5-source-intake/uk_spelling_words_age_estimates.csv,internal/project-authored,Candidate selected from the project-authored UK spelling-age evidence list; human review required before promotion.,high,approved_for_first_exposure,active
tore_en_gb,tore,tore,en-GB,medium,early_primary,low,internal_authored,Next Teaching Dictionary curriculum-evidence intake,docs/implementation/seed-data/teaching-dictionary/candidates/2026-06-29-phase-5-source-intake/uk_spelling_words_age_estimates.csv,internal/project-authored,Candidate selected from the project-authored UK spelling-age evidence list; human review required before promotion.,high,approved_for_first_exposure,active
jumper_en_gb,jumper,jumper,en-GB,medium,early_primary,medium,internal_authored,Next Teaching Dictionary curriculum-evidence intake,docs/implementation/seed-data/teaching-dictionary/candidates/2026-06-29-phase-5-source-intake/uk_spelling_words_age_estimates.csv,internal/project-authored,Candidate selected from the project-authored UK spelling-age evidence list; human review required before promotion.,high,approved_for_first_exposure,active
fracture_en_gb,fracture,fracture,en-GB,medium,early_primary,medium,internal_authored,Next Teaching Dictionary curriculum-evidence intake,docs/implementation/seed-data/teaching-dictionary/candidates/2026-06-29-phase-5-source-intake/uk_spelling_words_age_estimates.csv,internal/project-authored,Candidate selected from the project-authored UK spelling-age evidence list; human review required before promotion.,high,approved_for_first_exposure,active
comprehend_en_gb,comprehend,comprehend,en-GB,medium,upper_primary,high,internal_authored,Next Teaching Dictionary curriculum-evidence intake,docs/implementation/seed-data/teaching-dictionary/candidates/2026-06-29-phase-5-source-intake/uk_spelling_words_age_estimates.csv,internal/project-authored,Candidate selected from the project-authored UK spelling-age evidence list; human review required before promotion.,high,approved_for_first_exposure,active
technician_en_gb,technician,technician,en-GB,medium,upper_primary,high,internal_authored,Next Teaching Dictionary curriculum-evidence intake,docs/implementation/seed-data/teaching-dictionary/candidates/2026-06-29-phase-5-source-intake/uk_spelling_words_age_estimates.csv,internal/project-authored,Candidate selected from the project-authored UK spelling-age evidence list; human review required before promotion.,high,approved_for_first_exposure,active
domination_en_gb,domination,domination,en-GB,medium,upper_primary,high,internal_authored,Next Teaching Dictionary curriculum-evidence intake,docs/implementation/seed-data/teaching-dictionary/candidates/2026-06-29-phase-5-source-intake/uk_spelling_words_age_estimates.csv,internal/project-authored,Candidate selected from the project-authored UK spelling-age evidence list; human review required before promotion.,high,approved_for_first_exposure,active
psychiatrist_en_gb,psychiatrist,psychiatrist,en-GB,medium,upper_primary,high,internal_authored,Next Teaching Dictionary curriculum-evidence intake,docs/implementation/seed-data/teaching-dictionary/candidates/2026-06-29-phase-5-source-intake/uk_spelling_words_age_estimates.csv,internal/project-authored,Candidate selected from the project-authored UK spelling-age evidence list; human review required before promotion.,high,approved_for_first_exposure,active
sank_en_gb,sank,sank,en-GB,medium,early_primary,low,internal_authored,Next Teaching Dictionary curriculum-evidence intake,docs/implementation/seed-data/teaching-dictionary/candidates/2026-06-29-phase-5-source-intake/uk_spelling_words_age_estimates.csv,internal/project-authored,Candidate selected from the project-authored UK spelling-age evidence list; human review required before promotion.,high,approved_for_first_exposure,active
spear_en_gb,spear,spear,en-GB,medium,early_primary,low,internal_authored,Next Teaching Dictionary curriculum-evidence intake,docs/implementation/seed-data/teaching-dictionary/candidates/2026-06-29-phase-5-source-intake/uk_spelling_words_age_estimates.csv,internal/project-authored,Candidate selected from the project-authored UK spelling-age evidence list; human review required before promotion.,high,approved_for_first_exposure,active
quad_en_gb,quad,quad,en-GB,medium,early_primary,low,internal_authored,Next Teaching Dictionary curriculum-evidence intake,docs/implementation/seed-data/teaching-dictionary/candidates/2026-06-29-phase-5-source-intake/uk_spelling_words_age_estimates.csv,internal/project-authored,Candidate selected from the project-authored UK spelling-age evidence list; human review required before promotion.,high,approved_for_first_exposure,active
spies_en_gb,spies,spies,en-GB,medium,early_primary,low,internal_authored,Next Teaching Dictionary curriculum-evidence intake,docs/implementation/seed-data/teaching-dictionary/candidates/2026-06-29-phase-5-source-intake/uk_spelling_words_age_estimates.csv,internal/project-authored,Candidate selected from the project-authored UK spelling-age evidence list; human review required before promotion.,high,approved_for_first_exposure,active
appoint_en_gb,appoint,appoint,en-GB,medium,early_primary,medium,internal_authored,Next Teaching Dictionary curriculum-evidence intake,docs/implementation/seed-data/teaching-dictionary/candidates/2026-06-29-phase-5-source-intake/uk_spelling_words_age_estimates.csv,internal/project-authored,Candidate selected from the project-authored UK spelling-age evidence list; human review required before promotion.,high,approved_for_first_exposure,active
adore_en_gb,adore,adore,en-GB,medium,early_primary,medium,internal_authored,Next Teaching Dictionary curriculum-evidence intake,docs/implementation/seed-data/teaching-dictionary/candidates/2026-06-29-phase-5-source-intake/uk_spelling_words_age_estimates.csv,internal/project-authored,Candidate selected from the project-authored UK spelling-age evidence list; human review required before promotion.,high,approved_for_first_exposure,active
limb_en_gb,limb,limb,en-GB,medium,early_primary,low,internal_authored,Next Teaching Dictionary curriculum-evidence intake,docs/implementation/seed-data/teaching-dictionary/candidates/2026-06-29-phase-5-source-intake/uk_spelling_words_age_estimates.csv,internal/project-authored,Candidate selected from the project-authored UK spelling-age evidence list; human review required before promotion.,high,approved_for_first_exposure,active
monarch_en_gb,monarch,monarch,en-GB,medium,early_primary,medium,internal_authored,Next Teaching Dictionary curriculum-evidence intake,docs/implementation/seed-data/teaching-dictionary/candidates/2026-06-29-phase-5-source-intake/uk_spelling_words_age_estimates.csv,internal/project-authored,Candidate selected from the project-authored UK spelling-age evidence list; human review required before promotion.,high,approved_for_first_exposure,active
bullied_en_gb,bullied,bullied,en-GB,medium,early_primary,medium,internal_authored,Next Teaching Dictionary curriculum-evidence intake,docs/implementation/seed-data/teaching-dictionary/candidates/2026-06-29-phase-5-source-intake/uk_spelling_words_age_estimates.csv,internal/project-authored,Candidate selected from the project-authored UK spelling-age evidence list; human review required before promotion.,high,approved_for_first_exposure,active
chalk_en_gb,chalk,chalk,en-GB,medium,early_primary,low,internal_authored,Next Teaching Dictionary curriculum-evidence intake,docs/implementation/seed-data/teaching-dictionary/candidates/2026-06-29-phase-5-source-intake/uk_spelling_words_age_estimates.csv,internal/project-authored,Candidate selected from the project-authored UK spelling-age evidence list; human review required before promotion.,high,approved_for_first_exposure,active
plaque_en_gb,plaque,plaque,en-GB,medium,upper_primary,low,internal_authored,Next Teaching Dictionary curriculum-evidence intake,docs/implementation/seed-data/teaching-dictionary/candidates/2026-06-29-phase-5-source-intake/uk_spelling_words_age_estimates.csv,internal/project-authored,Candidate selected from the project-authored UK spelling-age evidence list; human review required before promotion.,high,approved_for_first_exposure,active
mourning_en_gb,mourning,mourning,en-GB,medium,early_primary,medium,internal_authored,Next Teaching Dictionary curriculum-evidence intake,docs/implementation/seed-data/teaching-dictionary/candidates/2026-06-29-phase-5-source-intake/uk_spelling_words_age_estimates.csv,internal/project-authored,Candidate selected from the project-authored UK spelling-age evidence list; human review required before promotion.,high,approved_for_first_exposure,active
retrieve_en_gb,retrieve,retrieve,en-GB,medium,upper_primary,medium,internal_authored,Next Teaching Dictionary curriculum-evidence intake,docs/implementation/seed-data/teaching-dictionary/candidates/2026-06-29-phase-5-source-intake/uk_spelling_words_age_estimates.csv,internal/project-authored,Candidate selected from the project-authored UK spelling-age evidence list; human review required before promotion.,high,approved_for_first_exposure,active
