word_key,syllables,phoneme_hint,grapheme_notes,stress_pattern,has_schwa,morphemes,morphology_notes,irregularity_notes,source_category,source_name,source_url,source_licence,source_use_note,confidence,review_status
either_en_gb,2,/ˈaɪðɐ/,,primary-unstressed,TRUE,{(either)},MorphoLex-en exact candidate: {(either)}; POS=minor|RB.,AI-assisted candidate metadata; verify British pronunciation and teaching relevance.,ai_assisted_draft,"British IPA, CMUdict and MorphoLex candidate enrichment",https://github.com/open-dict-data/ipa-dict; https://github.com/cmusphinx/cmudict; https://github.com/hugomailhot/MorphoLex-en,mixed open licences; see teaching_content_sources.csv,Automated candidate enrichment only; not approved teaching truth.,high,approved_for_first_exposure
belief_en_gb,2,/bɪlˈiːf/,,unstressed-primary,FALSE,{(belief)},MorphoLex-en exact candidate: {(belief)}; POS=NN.,AI-assisted candidate metadata; verify British pronunciation and teaching relevance.,ai_assisted_draft,"British IPA, CMUdict and MorphoLex candidate enrichment",https://github.com/open-dict-data/ipa-dict; https://github.com/cmusphinx/cmudict; https://github.com/hugomailhot/MorphoLex-en,mixed open licences; see teaching_content_sources.csv,Automated candidate enrichment only; not approved teaching truth.,high,approved_for_first_exposure
immigrants_en_gb,3,/ˈɪmɪɡɹənts/,,primary-unstressed-unstressed,TRUE,{<in<(migr)>ant>},MorphoLex-en exact candidate: {<in<(migr)>ant>}; POS=NN.,AI-assisted candidate metadata; verify British pronunciation and teaching relevance.,ai_assisted_draft,"British IPA, CMUdict and MorphoLex candidate enrichment",https://github.com/open-dict-data/ipa-dict; https://github.com/cmusphinx/cmudict; https://github.com/hugomailhot/MorphoLex-en,mixed open licences; see teaching_content_sources.csv,Automated candidate enrichment only; not approved teaching truth.,high,approved_for_first_exposure
summary_en_gb,3,/sˈʌməɹi/,,primary-unstressed-unstressed,TRUE,{(summar)>y>},MorphoLex-en exact candidate: {(summar)>y>}; POS=NN.,AI-assisted candidate metadata; verify British pronunciation and teaching relevance.,ai_assisted_draft,"British IPA, CMUdict and MorphoLex candidate enrichment",https://github.com/open-dict-data/ipa-dict; https://github.com/cmusphinx/cmudict; https://github.com/hugomailhot/MorphoLex-en,mixed open licences; see teaching_content_sources.csv,Automated candidate enrichment only; not approved teaching truth.,high,approved_for_first_exposure
diabetes_en_gb,4,/daɪəbˈiːtiːz/,,secondary-unstressed-primary-unstressed,TRUE,{(diabetes)},MorphoLex-en exact candidate: {(diabetes)}; POS=NN.,AI-assisted candidate metadata; verify British pronunciation and teaching relevance.,ai_assisted_draft,"British IPA, CMUdict and MorphoLex candidate enrichment",https://github.com/open-dict-data/ipa-dict; https://github.com/cmusphinx/cmudict; https://github.com/hugomailhot/MorphoLex-en,mixed open licences; see teaching_content_sources.csv,Automated candidate enrichment only; not approved teaching truth.,high,approved_for_first_exposure
brownie_en_gb,2,/bɹˈaʊni/,,primary-unstressed,FALSE,{(brown)}>y>,MorphoLex-en exact candidate: {(brown)}>y>; POS=NN.,AI-assisted candidate metadata; verify British pronunciation and teaching relevance.,ai_assisted_draft,"British IPA, CMUdict and MorphoLex candidate enrichment",https://github.com/open-dict-data/ipa-dict; https://github.com/cmusphinx/cmudict; https://github.com/hugomailhot/MorphoLex-en,mixed open licences; see teaching_content_sources.csv,Automated candidate enrichment only; not approved teaching truth.,high,approved_for_first_exposure
i_en_gb,1,/ˈaɪ/,,primary,FALSE,{(i)},MorphoLex-en exact candidate: {(i)}; POS=minor|NN.,AI-assisted candidate metadata; verify British pronunciation and teaching relevance.,ai_assisted_draft,"British IPA, CMUdict and MorphoLex candidate enrichment",https://github.com/open-dict-data/ipa-dict; https://github.com/cmusphinx/cmudict; https://github.com/hugomailhot/MorphoLex-en,mixed open licences; see teaching_content_sources.csv,Automated candidate enrichment only; not approved teaching truth.,high,approved_for_first_exposure
be_en_gb,1,/bˈiː/,,primary,FALSE,{(be)},MorphoLex-en exact candidate: {(be)}; POS=VB.,AI-assisted candidate metadata; verify British pronunciation and teaching relevance.,ai_assisted_draft,"British IPA, CMUdict and MorphoLex candidate enrichment",https://github.com/open-dict-data/ipa-dict; https://github.com/cmusphinx/cmudict; https://github.com/hugomailhot/MorphoLex-en,mixed open licences; see teaching_content_sources.csv,Automated candidate enrichment only; not approved teaching truth.,high,approved_for_first_exposure
not_en_gb,1,/nˈɒt/,,primary,FALSE,{(not)},MorphoLex-en exact candidate: {(not)}; POS=RB.,AI-assisted candidate metadata; verify British pronunciation and teaching relevance.,ai_assisted_draft,"British IPA, CMUdict and MorphoLex candidate enrichment",https://github.com/open-dict-data/ipa-dict; https://github.com/cmusphinx/cmudict; https://github.com/hugomailhot/MorphoLex-en,mixed open licences; see teaching_content_sources.csv,Automated candidate enrichment only; not approved teaching truth.,high,approved_for_first_exposure
by_en_gb,1,/bˈaɪ/,,primary,FALSE,{(by)},MorphoLex-en exact candidate: {(by)}; POS=minor|RB.,AI-assisted candidate metadata; verify British pronunciation and teaching relevance.,ai_assisted_draft,"British IPA, CMUdict and MorphoLex candidate enrichment",https://github.com/open-dict-data/ipa-dict; https://github.com/cmusphinx/cmudict; https://github.com/hugomailhot/MorphoLex-en,mixed open licences; see teaching_content_sources.csv,Automated candidate enrichment only; not approved teaching truth.,high,approved_for_first_exposure
it_s_en_gb,1,/ɪts/,,primary,FALSE,{(it)},MorphoLex-en exact candidate: {(it)}; POS=encl.,AI-assisted candidate metadata; verify British pronunciation and teaching relevance.,ai_assisted_draft,"British IPA, CMUdict and MorphoLex candidate enrichment",https://github.com/open-dict-data/ipa-dict; https://github.com/cmusphinx/cmudict; https://github.com/hugomailhot/MorphoLex-en,mixed open licences; see teaching_content_sources.csv,Automated candidate enrichment only; not approved teaching truth.,high,approved_for_first_exposure
which_en_gb,1,/wˈɪtʃ/,,primary,FALSE,{(which)},MorphoLex-en exact candidate: {(which)}; POS=minor.,AI-assisted candidate metadata; verify British pronunciation and teaching relevance.,ai_assisted_draft,"British IPA, CMUdict and MorphoLex candidate enrichment",https://github.com/open-dict-data/ipa-dict; https://github.com/cmusphinx/cmudict; https://github.com/hugomailhot/MorphoLex-en,mixed open licences; see teaching_content_sources.csv,Automated candidate enrichment only; not approved teaching truth.,high,approved_for_first_exposure
she_en_gb,1,/ʃˈiː/,,primary,FALSE,{(she)},MorphoLex-en exact candidate: {(she)}; POS=minor.,AI-assisted candidate metadata; verify British pronunciation and teaching relevance.,ai_assisted_draft,"British IPA, CMUdict and MorphoLex candidate enrichment",https://github.com/open-dict-data/ipa-dict; https://github.com/cmusphinx/cmudict; https://github.com/hugomailhot/MorphoLex-en,mixed open licences; see teaching_content_sources.csv,Automated candidate enrichment only; not approved teaching truth.,high,approved_for_first_exposure
how_en_gb,1,/hˈaʊ/,,primary,FALSE,{(how)},MorphoLex-en exact candidate: {(how)}; POS=minor.,AI-assisted candidate metadata; verify British pronunciation and teaching relevance.,ai_assisted_draft,"British IPA, CMUdict and MorphoLex candidate enrichment",https://github.com/open-dict-data/ipa-dict; https://github.com/cmusphinx/cmudict; https://github.com/hugomailhot/MorphoLex-en,mixed open licences; see teaching_content_sources.csv,Automated candidate enrichment only; not approved teaching truth.,high,approved_for_first_exposure
some_en_gb,1,/sˈʌm/,,primary,FALSE,{(some)},MorphoLex-en exact candidate: {(some)}; POS=minor|NN.,AI-assisted candidate metadata; verify British pronunciation and teaching relevance.,ai_assisted_draft,"British IPA, CMUdict and MorphoLex candidate enrichment",https://github.com/open-dict-data/ipa-dict; https://github.com/cmusphinx/cmudict; https://github.com/hugomailhot/MorphoLex-en,mixed open licences; see teaching_content_sources.csv,Automated candidate enrichment only; not approved teaching truth.,high,approved_for_first_exposure
also_en_gb,2,/ˈɒlsəʊ/,,primary-unstressed,FALSE,{(also)},MorphoLex-en exact candidate: {(also)}; POS=RB.,AI-assisted candidate metadata; verify British pronunciation and teaching relevance.,ai_assisted_draft,"British IPA, CMUdict and MorphoLex candidate enrichment",https://github.com/open-dict-data/ipa-dict; https://github.com/cmusphinx/cmudict; https://github.com/hugomailhot/MorphoLex-en,mixed open licences; see teaching_content_sources.csv,Automated candidate enrichment only; not approved teaching truth.,high,approved_for_first_exposure
other_en_gb,2,/ˈʌðɐ/,,primary-unstressed,TRUE,{(other)},MorphoLex-en exact candidate: {(other)}; POS=JJ|NN.,AI-assisted candidate metadata; verify British pronunciation and teaching relevance.,ai_assisted_draft,"British IPA, CMUdict and MorphoLex candidate enrichment",https://github.com/open-dict-data/ipa-dict; https://github.com/cmusphinx/cmudict; https://github.com/hugomailhot/MorphoLex-en,mixed open licences; see teaching_content_sources.csv,Automated candidate enrichment only; not approved teaching truth.,high,approved_for_first_exposure
our_en_gb,2,/ˈaʊə/,,primary-unstressed,TRUE,{(our)},MorphoLex-en exact candidate: {(our)}; POS=minor.,AI-assisted candidate metadata; verify British pronunciation and teaching relevance.,ai_assisted_draft,"British IPA, CMUdict and MorphoLex candidate enrichment",https://github.com/open-dict-data/ipa-dict; https://github.com/cmusphinx/cmudict; https://github.com/hugomailhot/MorphoLex-en,mixed open licences; see teaching_content_sources.csv,Automated candidate enrichment only; not approved teaching truth.,high,approved_for_first_exposure
only_en_gb,2,/ˈəʊnli/,,primary-unstressed,FALSE,{(only)},MorphoLex-en exact candidate: {(only)}; POS=RB|JJ|NN.,AI-assisted candidate metadata; verify British pronunciation and teaching relevance.,ai_assisted_draft,"British IPA, CMUdict and MorphoLex candidate enrichment",https://github.com/open-dict-data/ipa-dict; https://github.com/cmusphinx/cmudict; https://github.com/hugomailhot/MorphoLex-en,mixed open licences; see teaching_content_sources.csv,Automated candidate enrichment only; not approved teaching truth.,high,approved_for_first_exposure
into_en_gb,2,/ˈɪntʊ/,,primary-unstressed,FALSE,<in<{(to)},MorphoLex-en exact candidate: <in<{(to)}; POS=minor.,AI-assisted candidate metadata; verify British pronunciation and teaching relevance.,ai_assisted_draft,"British IPA, CMUdict and MorphoLex candidate enrichment",https://github.com/open-dict-data/ipa-dict; https://github.com/cmusphinx/cmudict; https://github.com/hugomailhot/MorphoLex-en,mixed open licences; see teaching_content_sources.csv,Automated candidate enrichment only; not approved teaching truth.,high,approved_for_first_exposure
after_en_gb,2,/ˈɑːftɐ/,,primary-unstressed,TRUE,{(after)},MorphoLex-en exact candidate: {(after)}; POS=minor.,AI-assisted candidate metadata; verify British pronunciation and teaching relevance.,ai_assisted_draft,"British IPA, CMUdict and MorphoLex candidate enrichment",https://github.com/open-dict-data/ipa-dict; https://github.com/cmusphinx/cmudict; https://github.com/hugomailhot/MorphoLex-en,mixed open licences; see teaching_content_sources.csv,Automated candidate enrichment only; not approved teaching truth.,high,approved_for_first_exposure
over_en_gb,2,/ˈəʊvɐ/,,primary-unstressed,TRUE,{(over)},MorphoLex-en exact candidate: {(over)}; POS=minor|RB|NN.,AI-assisted candidate metadata; verify British pronunciation and teaching relevance.,ai_assisted_draft,"British IPA, CMUdict and MorphoLex candidate enrichment",https://github.com/open-dict-data/ipa-dict; https://github.com/cmusphinx/cmudict; https://github.com/hugomailhot/MorphoLex-en,mixed open licences; see teaching_content_sources.csv,Automated candidate enrichment only; not approved teaching truth.,high,approved_for_first_exposure
think_en_gb,1,/θˈɪŋk/,,primary,FALSE,{(think)},MorphoLex-en exact candidate: {(think)}; POS=VB|NN.,AI-assisted candidate metadata; verify British pronunciation and teaching relevance.,ai_assisted_draft,"British IPA, CMUdict and MorphoLex candidate enrichment",https://github.com/open-dict-data/ipa-dict; https://github.com/cmusphinx/cmudict; https://github.com/hugomailhot/MorphoLex-en,mixed open licences; see teaching_content_sources.csv,Automated candidate enrichment only; not approved teaching truth.,high,approved_for_first_exposure
any_en_gb,2,/ˈɛni/,,primary-unstressed,FALSE,{(any)},MorphoLex-en exact candidate: {(any)}; POS=minor|RB.,AI-assisted candidate metadata; verify British pronunciation and teaching relevance.,ai_assisted_draft,"British IPA, CMUdict and MorphoLex candidate enrichment",https://github.com/open-dict-data/ipa-dict; https://github.com/cmusphinx/cmudict; https://github.com/hugomailhot/MorphoLex-en,mixed open licences; see teaching_content_sources.csv,Automated candidate enrichment only; not approved teaching truth.,high,approved_for_first_exposure
well_en_gb,1,/wˈɛl/,,primary,FALSE,{(well)},MorphoLex-en exact candidate: {(well)}; POS=RB|minor|JJ|NN|VB.,AI-assisted candidate metadata; verify British pronunciation and teaching relevance.,ai_assisted_draft,"British IPA, CMUdict and MorphoLex candidate enrichment",https://github.com/open-dict-data/ipa-dict; https://github.com/cmusphinx/cmudict; https://github.com/hugomailhot/MorphoLex-en,mixed open licences; see teaching_content_sources.csv,Automated candidate enrichment only; not approved teaching truth.,high,approved_for_first_exposure
very_en_gb,2,/vˈɛɹi/,,primary-unstressed,FALSE,{(very)},MorphoLex-en exact candidate: {(very)}; POS=RB|JJ.,AI-assisted candidate metadata; verify British pronunciation and teaching relevance.,ai_assisted_draft,"British IPA, CMUdict and MorphoLex candidate enrichment",https://github.com/open-dict-data/ipa-dict; https://github.com/cmusphinx/cmudict; https://github.com/hugomailhot/MorphoLex-en,mixed open licences; see teaching_content_sources.csv,Automated candidate enrichment only; not approved teaching truth.,high,approved_for_first_exposure
most_en_gb,1,/mˈəʊst/,,primary,FALSE,{(most)},MorphoLex-en exact candidate: {(most)}; POS=RB|JJ.,AI-assisted candidate metadata; verify British pronunciation and teaching relevance.,ai_assisted_draft,"British IPA, CMUdict and MorphoLex candidate enrichment",https://github.com/open-dict-data/ipa-dict; https://github.com/cmusphinx/cmudict; https://github.com/hugomailhot/MorphoLex-en,mixed open licences; see teaching_content_sources.csv,Automated candidate enrichment only; not approved teaching truth.,high,approved_for_first_exposure
here_en_gb,1,/hˈiə/,,primary,FALSE,{(here)},MorphoLex-en exact candidate: {(here)}; POS=RB|NN.,AI-assisted candidate metadata; verify British pronunciation and teaching relevance.,ai_assisted_draft,"British IPA, CMUdict and MorphoLex candidate enrichment",https://github.com/open-dict-data/ipa-dict; https://github.com/cmusphinx/cmudict; https://github.com/hugomailhot/MorphoLex-en,mixed open licences; see teaching_content_sources.csv,Automated candidate enrichment only; not approved teaching truth.,high,approved_for_first_exposure
need_en_gb,1,/nˈiːd/,,primary,FALSE,{(need)},MorphoLex-en exact candidate: {(need)}; POS=NN|VB.,AI-assisted candidate metadata; verify British pronunciation and teaching relevance.,ai_assisted_draft,"British IPA, CMUdict and MorphoLex candidate enrichment",https://github.com/open-dict-data/ipa-dict; https://github.com/cmusphinx/cmudict; https://github.com/hugomailhot/MorphoLex-en,mixed open licences; see teaching_content_sources.csv,Automated candidate enrichment only; not approved teaching truth.,high,approved_for_first_exposure
why_en_gb,1,/wˈaɪ/,,primary,FALSE,{(why)},MorphoLex-en exact candidate: {(why)}; POS=minor.,AI-assisted candidate metadata; verify British pronunciation and teaching relevance.,ai_assisted_draft,"British IPA, CMUdict and MorphoLex candidate enrichment",https://github.com/open-dict-data/ipa-dict; https://github.com/cmusphinx/cmudict; https://github.com/hugomailhot/MorphoLex-en,mixed open licences; see teaching_content_sources.csv,Automated candidate enrichment only; not approved teaching truth.,high,approved_for_first_exposure
those_en_gb,1,/ðˈəʊz/,,primary,FALSE,{(those)},MorphoLex-en exact candidate: {(those)}; POS=minor|NN.,AI-assisted candidate metadata; verify British pronunciation and teaching relevance.,ai_assisted_draft,"British IPA, CMUdict and MorphoLex candidate enrichment",https://github.com/open-dict-data/ipa-dict; https://github.com/cmusphinx/cmudict; https://github.com/hugomailhot/MorphoLex-en,mixed open licences; see teaching_content_sources.csv,Automated candidate enrichment only; not approved teaching truth.,high,approved_for_first_exposure
you_re_en_gb,1,/jɔː/,,primary,FALSE,{(you)},MorphoLex-en exact candidate: {(you)}; POS=encl.,AI-assisted candidate metadata; verify British pronunciation and teaching relevance.,ai_assisted_draft,"British IPA, CMUdict and MorphoLex candidate enrichment",https://github.com/open-dict-data/ipa-dict; https://github.com/cmusphinx/cmudict; https://github.com/hugomailhot/MorphoLex-en,mixed open licences; see teaching_content_sources.csv,Automated candidate enrichment only; not approved teaching truth.,high,approved_for_first_exposure
while_en_gb,1,/wˈaɪl/,,primary,FALSE,{(while)},MorphoLex-en exact candidate: {(while)}; POS=minor|NN|VB|JJ.,AI-assisted candidate metadata; verify British pronunciation and teaching relevance.,ai_assisted_draft,"British IPA, CMUdict and MorphoLex candidate enrichment",https://github.com/open-dict-data/ipa-dict; https://github.com/cmusphinx/cmudict; https://github.com/hugomailhot/MorphoLex-en,mixed open licences; see teaching_content_sources.csv,Automated candidate enrichment only; not approved teaching truth.,high,approved_for_first_exposure
last_en_gb,1,/lˈɑːst/,,primary,FALSE,{(last)},MorphoLex-en exact candidate: {(last)}; POS=JJ|NN|VB|RB.,AI-assisted candidate metadata; verify British pronunciation and teaching relevance.,ai_assisted_draft,"British IPA, CMUdict and MorphoLex candidate enrichment",https://github.com/open-dict-data/ipa-dict; https://github.com/cmusphinx/cmudict; https://github.com/hugomailhot/MorphoLex-en,mixed open licences; see teaching_content_sources.csv,Automated candidate enrichment only; not approved teaching truth.,high,approved_for_first_exposure
both_en_gb,1,/bˈəʊθ/,,primary,FALSE,{(both)},MorphoLex-en exact candidate: {(both)}; POS=minor.,AI-assisted candidate metadata; verify British pronunciation and teaching relevance.,ai_assisted_draft,"British IPA, CMUdict and MorphoLex candidate enrichment",https://github.com/open-dict-data/ipa-dict; https://github.com/cmusphinx/cmudict; https://github.com/hugomailhot/MorphoLex-en,mixed open licences; see teaching_content_sources.csv,Automated candidate enrichment only; not approved teaching truth.,high,approved_for_first_exposure
come_en_gb,1,/kˈʌm/,,primary,FALSE,{(come)},MorphoLex-en exact candidate: {(come)}; POS=VB|NN.,AI-assisted candidate metadata; verify British pronunciation and teaching relevance.,ai_assisted_draft,"British IPA, CMUdict and MorphoLex candidate enrichment",https://github.com/open-dict-data/ipa-dict; https://github.com/cmusphinx/cmudict; https://github.com/hugomailhot/MorphoLex-en,mixed open licences; see teaching_content_sources.csv,Automated candidate enrichment only; not approved teaching truth.,high,approved_for_first_exposure
better_en_gb,2,/bˈɛtɐ/,,primary-unstressed,TRUE,{(better)},MorphoLex-en exact candidate: {(better)}; POS=JJ|RB|NN|VB.,AI-assisted candidate metadata; verify British pronunciation and teaching relevance.,ai_assisted_draft,"British IPA, CMUdict and MorphoLex candidate enrichment",https://github.com/open-dict-data/ipa-dict; https://github.com/cmusphinx/cmudict; https://github.com/hugomailhot/MorphoLex-en,mixed open licences; see teaching_content_sources.csv,Automated candidate enrichment only; not approved teaching truth.,high,approved_for_first_exposure
always_en_gb,2,/ˈɔːlweɪz/,,primary-secondary,FALSE,{(always)},MorphoLex-en exact candidate: {(always)}; POS=RB.,AI-assisted candidate metadata; verify British pronunciation and teaching relevance.,ai_assisted_draft,"British IPA, CMUdict and MorphoLex candidate enrichment",https://github.com/open-dict-data/ipa-dict; https://github.com/cmusphinx/cmudict; https://github.com/hugomailhot/MorphoLex-en,mixed open licences; see teaching_content_sources.csv,Automated candidate enrichment only; not approved teaching truth.,high,approved_for_first_exposure
high_en_gb,1,/hˈaɪ/,,primary,FALSE,{(high)},MorphoLex-en exact candidate: {(high)}; POS=JJ|RB|NN.,AI-assisted candidate metadata; verify British pronunciation and teaching relevance.,ai_assisted_draft,"British IPA, CMUdict and MorphoLex candidate enrichment",https://github.com/open-dict-data/ipa-dict; https://github.com/cmusphinx/cmudict; https://github.com/hugomailhot/MorphoLex-en,mixed open licences; see teaching_content_sources.csv,Automated candidate enrichment only; not approved teaching truth.,high,approved_for_first_exposure
under_en_gb,2,/ˈʌndɐ/,,primary-unstressed,TRUE,{(under)},MorphoLex-en exact candidate: {(under)}; POS=minor|RB|JJ.,AI-assisted candidate metadata; verify British pronunciation and teaching relevance.,ai_assisted_draft,"British IPA, CMUdict and MorphoLex candidate enrichment",https://github.com/open-dict-data/ipa-dict; https://github.com/cmusphinx/cmudict; https://github.com/hugomailhot/MorphoLex-en,mixed open licences; see teaching_content_sources.csv,Automated candidate enrichment only; not approved teaching truth.,high,approved_for_first_exposure
mr_en_gb,2,/ˈmɪstə/,,primary-unstressed,TRUE,,No exact MorphoLex-en row; human morphology review required.,AI-assisted candidate metadata; verify British pronunciation and teaching relevance.,ai_assisted_draft,"British IPA, CMUdict and MorphoLex candidate enrichment",https://github.com/open-dict-data/ipa-dict; https://github.com/cmusphinx/cmudict; https://github.com/hugomailhot/MorphoLex-en,mixed open licences; see teaching_content_sources.csv,Automated candidate enrichment only; not approved teaching truth.,high,approved_for_first_exposure
didn_t_en_gb,2,/ˈdɪdnt/,,primary-unstressed,TRUE,{(did)},MorphoLex-en exact candidate: {(did)}; POS=encl.,AI-assisted candidate metadata; verify British pronunciation and teaching relevance.,ai_assisted_draft,"British IPA, CMUdict and MorphoLex candidate enrichment",https://github.com/open-dict-data/ipa-dict; https://github.com/cmusphinx/cmudict; https://github.com/hugomailhot/MorphoLex-en,mixed open licences; see teaching_content_sources.csv,Automated candidate enrichment only; not approved teaching truth.,high,approved_for_first_exposure
feel_en_gb,1,/fˈiːl/,,primary,FALSE,{(feel)},MorphoLex-en exact candidate: {(feel)}; POS=VB|NN.,AI-assisted candidate metadata; verify British pronunciation and teaching relevance.,ai_assisted_draft,"British IPA, CMUdict and MorphoLex candidate enrichment",https://github.com/open-dict-data/ipa-dict; https://github.com/cmusphinx/cmudict; https://github.com/hugomailhot/MorphoLex-en,mixed open licences; see teaching_content_sources.csv,Automated candidate enrichment only; not approved teaching truth.,high,approved_for_first_exposure
sure_en_gb,1,/ʃˈɔː/,,primary,FALSE,{(sure)},MorphoLex-en exact candidate: {(sure)}; POS=JJ|RB|NN.,AI-assisted candidate metadata; verify British pronunciation and teaching relevance.,ai_assisted_draft,"British IPA, CMUdict and MorphoLex candidate enrichment",https://github.com/open-dict-data/ipa-dict; https://github.com/cmusphinx/cmudict; https://github.com/hugomailhot/MorphoLex-en,mixed open licences; see teaching_content_sources.csv,Automated candidate enrichment only; not approved teaching truth.,high,approved_for_first_exposure
might_en_gb,1,/mˈaɪt/,,primary,FALSE,{(might)},MorphoLex-en exact candidate: {(might)}; POS=VB|NN.,AI-assisted candidate metadata; verify British pronunciation and teaching relevance.,ai_assisted_draft,"British IPA, CMUdict and MorphoLex candidate enrichment",https://github.com/open-dict-data/ipa-dict; https://github.com/cmusphinx/cmudict; https://github.com/hugomailhot/MorphoLex-en,mixed open licences; see teaching_content_sources.csv,Automated candidate enrichment only; not approved teaching truth.,high,approved_for_first_exposure
name_en_gb,1,/nˈeɪm/,,primary,FALSE,{(name)},MorphoLex-en exact candidate: {(name)}; POS=NN|VB.,AI-assisted candidate metadata; verify British pronunciation and teaching relevance.,ai_assisted_draft,"British IPA, CMUdict and MorphoLex candidate enrichment",https://github.com/open-dict-data/ipa-dict; https://github.com/cmusphinx/cmudict; https://github.com/hugomailhot/MorphoLex-en,mixed open licences; see teaching_content_sources.csv,Automated candidate enrichment only; not approved teaching truth.,high,approved_for_first_exposure
he_s_en_gb,1,/hiːz/,,primary,FALSE,{(he)},MorphoLex-en exact candidate: {(he)}; POS=encl.,AI-assisted candidate metadata; verify British pronunciation and teaching relevance.,ai_assisted_draft,"British IPA, CMUdict and MorphoLex candidate enrichment",https://github.com/open-dict-data/ipa-dict; https://github.com/cmusphinx/cmudict; https://github.com/hugomailhot/MorphoLex-en,mixed open licences; see teaching_content_sources.csv,Automated candidate enrichment only; not approved teaching truth.,high,approved_for_first_exposure
thought_en_gb,1,/θˈɔːt/,,primary,FALSE,{(thought)},MorphoLex-en exact candidate: {(thought)}; POS=VB|NN.,AI-assisted candidate metadata; verify British pronunciation and teaching relevance.,ai_assisted_draft,"British IPA, CMUdict and MorphoLex candidate enrichment",https://github.com/open-dict-data/ipa-dict; https://github.com/cmusphinx/cmudict; https://github.com/hugomailhot/MorphoLex-en,mixed open licences; see teaching_content_sources.csv,Automated candidate enrichment only; not approved teaching truth.,high,approved_for_first_exposure
done_en_gb,1,/dˈʌn/,,primary,FALSE,{(done)},MorphoLex-en exact candidate: {(done)}; POS=VB|NN.,AI-assisted candidate metadata; verify British pronunciation and teaching relevance.,ai_assisted_draft,"British IPA, CMUdict and MorphoLex candidate enrichment",https://github.com/open-dict-data/ipa-dict; https://github.com/cmusphinx/cmudict; https://github.com/hugomailhot/MorphoLex-en,mixed open licences; see teaching_content_sources.csv,Automated candidate enrichment only; not approved teaching truth.,high,approved_for_first_exposure
women_en_gb,2,/wˈɪmɪn/,,primary-unstressed,TRUE,{(women)},MorphoLex-en exact candidate: {(women)}; POS=NN.,AI-assisted candidate metadata; verify British pronunciation and teaching relevance.,ai_assisted_draft,"British IPA, CMUdict and MorphoLex candidate enrichment",https://github.com/open-dict-data/ipa-dict; https://github.com/cmusphinx/cmudict; https://github.com/hugomailhot/MorphoLex-en,mixed open licences; see teaching_content_sources.csv,Automated candidate enrichment only; not approved teaching truth.,high,approved_for_first_exposure
system_en_gb,2,/sˈɪstəm/,,primary-unstressed,TRUE,{(system)},MorphoLex-en exact candidate: {(system)}; POS=NN.,AI-assisted candidate metadata; verify British pronunciation and teaching relevance.,ai_assisted_draft,"British IPA, CMUdict and MorphoLex candidate enrichment",https://github.com/open-dict-data/ipa-dict; https://github.com/cmusphinx/cmudict; https://github.com/hugomailhot/MorphoLex-en,mixed open licences; see teaching_content_sources.csv,Automated candidate enrichment only; not approved teaching truth.,high,approved_for_first_exposure
case_en_gb,1,/kˈeɪs/,,primary,FALSE,{(case)},MorphoLex-en exact candidate: {(case)}; POS=NN|VB.,AI-assisted candidate metadata; verify British pronunciation and teaching relevance.,ai_assisted_draft,"British IPA, CMUdict and MorphoLex candidate enrichment",https://github.com/open-dict-data/ipa-dict; https://github.com/cmusphinx/cmudict; https://github.com/hugomailhot/MorphoLex-en,mixed open licences; see teaching_content_sources.csv,Automated candidate enrichment only; not approved teaching truth.,high,approved_for_first_exposure
today_en_gb,2,/tədˈeɪ/,,unstressed-primary,TRUE,{(to)(day)},MorphoLex-en exact candidate: {(to)(day)}; POS=NN|RB.,AI-assisted candidate metadata; verify British pronunciation and teaching relevance.,ai_assisted_draft,"British IPA, CMUdict and MorphoLex candidate enrichment",https://github.com/open-dict-data/ipa-dict; https://github.com/cmusphinx/cmudict; https://github.com/hugomailhot/MorphoLex-en,mixed open licences; see teaching_content_sources.csv,Automated candidate enrichment only; not approved teaching truth.,high,approved_for_first_exposure
already_en_gb,3,/ɔːlɹˈɛdi/,,unstressed-primary-unstressed,FALSE,{(already)},MorphoLex-en exact candidate: {(already)}; POS=RB.,AI-assisted candidate metadata; verify British pronunciation and teaching relevance.,ai_assisted_draft,"British IPA, CMUdict and MorphoLex candidate enrichment",https://github.com/open-dict-data/ipa-dict; https://github.com/cmusphinx/cmudict; https://github.com/hugomailhot/MorphoLex-en,mixed open licences; see teaching_content_sources.csv,Automated candidate enrichment only; not approved teaching truth.,high,approved_for_first_exposure
nothing_en_gb,2,/nˈʌθɪŋ/,,primary-unstressed,FALSE,{(no)(thing)},MorphoLex-en exact candidate: {(no)(thing)}; POS=NN.,AI-assisted candidate metadata; verify British pronunciation and teaching relevance.,ai_assisted_draft,"British IPA, CMUdict and MorphoLex candidate enrichment",https://github.com/open-dict-data/ipa-dict; https://github.com/cmusphinx/cmudict; https://github.com/hugomailhot/MorphoLex-en,mixed open licences; see teaching_content_sources.csv,Automated candidate enrichment only; not approved teaching truth.,high,approved_for_first_exposure
told_en_gb,1,/tˈəʊld/,,primary,FALSE,{(told)},MorphoLex-en exact candidate: {(told)}; POS=VB.,AI-assisted candidate metadata; verify British pronunciation and teaching relevance.,ai_assisted_draft,"British IPA, CMUdict and MorphoLex candidate enrichment",https://github.com/open-dict-data/ipa-dict; https://github.com/cmusphinx/cmudict; https://github.com/hugomailhot/MorphoLex-en,mixed open licences; see teaching_content_sources.csv,Automated candidate enrichment only; not approved teaching truth.,high,approved_for_first_exposure
doesn_t_en_gb,2,/ˈdʌznt/,,primary-unstressed,TRUE,{(do)},MorphoLex-en exact candidate: {(do)}; POS=encl.,AI-assisted candidate metadata; verify British pronunciation and teaching relevance.,ai_assisted_draft,"British IPA, CMUdict and MorphoLex candidate enrichment",https://github.com/open-dict-data/ipa-dict; https://github.com/cmusphinx/cmudict; https://github.com/hugomailhot/MorphoLex-en,mixed open licences; see teaching_content_sources.csv,Automated candidate enrichment only; not approved teaching truth.,high,approved_for_first_exposure
seen_en_gb,1,/sˈiːn/,,primary,FALSE,{(see)}>n>,MorphoLex-en exact candidate: {(see)}>n>; POS=VB.,AI-assisted candidate metadata; verify British pronunciation and teaching relevance.,ai_assisted_draft,"British IPA, CMUdict and MorphoLex candidate enrichment",https://github.com/open-dict-data/ipa-dict; https://github.com/cmusphinx/cmudict; https://github.com/hugomailhot/MorphoLex-en,mixed open licences; see teaching_content_sources.csv,Automated candidate enrichment only; not approved teaching truth.,high,approved_for_first_exposure
water_en_gb,2,/wˈɔːtɐ/,,primary-unstressed,TRUE,{(water)},MorphoLex-en exact candidate: {(water)}; POS=NN|VB.,AI-assisted candidate metadata; verify British pronunciation and teaching relevance.,ai_assisted_draft,"British IPA, CMUdict and MorphoLex candidate enrichment",https://github.com/open-dict-data/ipa-dict; https://github.com/cmusphinx/cmudict; https://github.com/hugomailhot/MorphoLex-en,mixed open licences; see teaching_content_sources.csv,Automated candidate enrichment only; not approved teaching truth.,high,approved_for_first_exposure
call_en_gb,1,/kˈɔːl/,,primary,FALSE,{(call)},MorphoLex-en exact candidate: {(call)}; POS=VB|NN.,AI-assisted candidate metadata; verify British pronunciation and teaching relevance.,ai_assisted_draft,"British IPA, CMUdict and MorphoLex candidate enrichment",https://github.com/open-dict-data/ipa-dict; https://github.com/cmusphinx/cmudict; https://github.com/hugomailhot/MorphoLex-en,mixed open licences; see teaching_content_sources.csv,Automated candidate enrichment only; not approved teaching truth.,high,approved_for_first_exposure
head_en_gb,1,/hˈɛd/,,primary,FALSE,{(head)},MorphoLex-en exact candidate: {(head)}; POS=NN|VB.,AI-assisted candidate metadata; verify British pronunciation and teaching relevance.,ai_assisted_draft,"British IPA, CMUdict and MorphoLex candidate enrichment",https://github.com/open-dict-data/ipa-dict; https://github.com/cmusphinx/cmudict; https://github.com/hugomailhot/MorphoLex-en,mixed open licences; see teaching_content_sources.csv,Automated candidate enrichment only; not approved teaching truth.,high,approved_for_first_exposure
took_en_gb,1,/tˈʊk/,,primary,FALSE,{(took)},MorphoLex-en exact candidate: {(took)}; POS=VB|NN.,AI-assisted candidate metadata; verify British pronunciation and teaching relevance.,ai_assisted_draft,"British IPA, CMUdict and MorphoLex candidate enrichment",https://github.com/open-dict-data/ipa-dict; https://github.com/cmusphinx/cmudict; https://github.com/hugomailhot/MorphoLex-en,mixed open licences; see teaching_content_sources.csv,Automated candidate enrichment only; not approved teaching truth.,high,approved_for_first_exposure
white_en_gb,1,/wˈaɪt/,,primary,FALSE,{(white)},MorphoLex-en exact candidate: {(white)}; POS=JJ|NN.,AI-assisted candidate metadata; verify British pronunciation and teaching relevance.,ai_assisted_draft,"British IPA, CMUdict and MorphoLex candidate enrichment",https://github.com/open-dict-data/ipa-dict; https://github.com/cmusphinx/cmudict; https://github.com/hugomailhot/MorphoLex-en,mixed open licences; see teaching_content_sources.csv,Automated candidate enrichment only; not approved teaching truth.,high,approved_for_first_exposure
believe_en_gb,2,/bɪlˈiːv/,,unstressed-primary,FALSE,{(believe)},MorphoLex-en exact candidate: {(believe)}; POS=VB.,AI-assisted candidate metadata; verify British pronunciation and teaching relevance.,ai_assisted_draft,"British IPA, CMUdict and MorphoLex candidate enrichment",https://github.com/open-dict-data/ipa-dict; https://github.com/cmusphinx/cmudict; https://github.com/hugomailhot/MorphoLex-en,mixed open licences; see teaching_content_sources.csv,Automated candidate enrichment only; not approved teaching truth.,high,approved_for_first_exposure
side_en_gb,1,/sˈaɪd/,,primary,FALSE,{(side)},MorphoLex-en exact candidate: {(side)}; POS=NN|VB|JJ.,AI-assisted candidate metadata; verify British pronunciation and teaching relevance.,ai_assisted_draft,"British IPA, CMUdict and MorphoLex candidate enrichment",https://github.com/open-dict-data/ipa-dict; https://github.com/cmusphinx/cmudict; https://github.com/hugomailhot/MorphoLex-en,mixed open licences; see teaching_content_sources.csv,Automated candidate enrichment only; not approved teaching truth.,high,approved_for_first_exposure
though_en_gb,1,/ðˈəʊ/,,primary,FALSE,{(though)},MorphoLex-en exact candidate: {(though)}; POS=minor|RB.,AI-assisted candidate metadata; verify British pronunciation and teaching relevance.,ai_assisted_draft,"British IPA, CMUdict and MorphoLex candidate enrichment",https://github.com/open-dict-data/ipa-dict; https://github.com/cmusphinx/cmudict; https://github.com/hugomailhot/MorphoLex-en,mixed open licences; see teaching_content_sources.csv,Automated candidate enrichment only; not approved teaching truth.,high,approved_for_first_exposure
actually_en_gb,4,/ˈæktʃuːəli/,,primary-secondary-unstressed-unstressed,TRUE,{(act)>al>}>y>,MorphoLex-en exact candidate: {(act)>al>}>y>; POS=RB.,AI-assisted candidate metadata; verify British pronunciation and teaching relevance.,ai_assisted_draft,"British IPA, CMUdict and MorphoLex candidate enrichment",https://github.com/open-dict-data/ipa-dict; https://github.com/cmusphinx/cmudict; https://github.com/hugomailhot/MorphoLex-en,mixed open licences; see teaching_content_sources.csv,Automated candidate enrichment only; not approved teaching truth.,high,approved_for_first_exposure
line_en_gb,1,/lˈaɪn/,,primary,FALSE,{(line)},MorphoLex-en exact candidate: {(line)}; POS=NN|VB.,AI-assisted candidate metadata; verify British pronunciation and teaching relevance.,ai_assisted_draft,"British IPA, CMUdict and MorphoLex candidate enrichment",https://github.com/open-dict-data/ipa-dict; https://github.com/cmusphinx/cmudict; https://github.com/hugomailhot/MorphoLex-en,mixed open licences; see teaching_content_sources.csv,Automated candidate enrichment only; not approved teaching truth.,high,approved_for_first_exposure
party_en_gb,2,/pˈɑːti/,,primary-unstressed,FALSE,{(party)},MorphoLex-en exact candidate: {(party)}; POS=NN|VB.,AI-assisted candidate metadata; verify British pronunciation and teaching relevance.,ai_assisted_draft,"British IPA, CMUdict and MorphoLex candidate enrichment",https://github.com/open-dict-data/ipa-dict; https://github.com/cmusphinx/cmudict; https://github.com/hugomailhot/MorphoLex-en,mixed open licences; see teaching_content_sources.csv,Automated candidate enrichment only; not approved teaching truth.,high,approved_for_first_exposure
country_en_gb,2,/kˈʌntɹi/,,primary-unstressed,FALSE,{(country)},MorphoLex-en exact candidate: {(country)}; POS=NN.,AI-assisted candidate metadata; verify British pronunciation and teaching relevance.,ai_assisted_draft,"British IPA, CMUdict and MorphoLex candidate enrichment",https://github.com/open-dict-data/ipa-dict; https://github.com/cmusphinx/cmudict; https://github.com/hugomailhot/MorphoLex-en,mixed open licences; see teaching_content_sources.csv,Automated candidate enrichment only; not approved teaching truth.,high,approved_for_first_exposure
they_re_en_gb,1,/ðeə/,,primary,FALSE,{(they)},MorphoLex-en exact candidate: {(they)}; POS=encl.,AI-assisted candidate metadata; verify British pronunciation and teaching relevance.,ai_assisted_draft,"British IPA, CMUdict and MorphoLex candidate enrichment",https://github.com/open-dict-data/ipa-dict; https://github.com/cmusphinx/cmudict; https://github.com/hugomailhot/MorphoLex-en,mixed open licences; see teaching_content_sources.csv,Automated candidate enrichment only; not approved teaching truth.,high,approved_for_first_exposure
five_en_gb,1,/fˈaɪv/,,primary,FALSE,{(five)},MorphoLex-en exact candidate: {(five)}; POS=minor|NN.,AI-assisted candidate metadata; verify British pronunciation and teaching relevance.,ai_assisted_draft,"British IPA, CMUdict and MorphoLex candidate enrichment",https://github.com/open-dict-data/ipa-dict; https://github.com/cmusphinx/cmudict; https://github.com/hugomailhot/MorphoLex-en,mixed open licences; see teaching_content_sources.csv,Automated candidate enrichment only; not approved teaching truth.,high,approved_for_first_exposure
important_en_gb,3,/ɪmpˈɔːtənt/,,secondary-primary-unstressed,TRUE,{(import)>ant>},MorphoLex-en exact candidate: {(import)>ant>}; POS=JJ|NN.,AI-assisted candidate metadata; verify British pronunciation and teaching relevance.,ai_assisted_draft,"British IPA, CMUdict and MorphoLex candidate enrichment",https://github.com/open-dict-data/ipa-dict; https://github.com/cmusphinx/cmudict; https://github.com/hugomailhot/MorphoLex-en,mixed open licences; see teaching_content_sources.csv,Automated candidate enrichment only; not approved teaching truth.,high,approved_for_first_exposure
i_ll_en_gb,1,/aɪl/,,primary,FALSE,{(i)},MorphoLex-en exact candidate: {(i)}; POS=encl.,AI-assisted candidate metadata; verify British pronunciation and teaching relevance.,ai_assisted_draft,"British IPA, CMUdict and MorphoLex candidate enrichment",https://github.com/open-dict-data/ipa-dict; https://github.com/cmusphinx/cmudict; https://github.com/hugomailhot/MorphoLex-en,mixed open licences; see teaching_content_sources.csv,Automated candidate enrichment only; not approved teaching truth.,high,approved_for_first_exposure
young_en_gb,1,/jˈʌŋ/,,primary,FALSE,{(young)},MorphoLex-en exact candidate: {(young)}; POS=JJ|NN.,AI-assisted candidate metadata; verify British pronunciation and teaching relevance.,ai_assisted_draft,"British IPA, CMUdict and MorphoLex candidate enrichment",https://github.com/open-dict-data/ipa-dict; https://github.com/cmusphinx/cmudict; https://github.com/hugomailhot/MorphoLex-en,mixed open licences; see teaching_content_sources.csv,Automated candidate enrichment only; not approved teaching truth.,high,approved_for_first_exposure
often_en_gb,2,/ˈɒfən/,,primary-unstressed,TRUE,{(often)},MorphoLex-en exact candidate: {(often)}; POS=RB.,AI-assisted candidate metadata; verify British pronunciation and teaching relevance.,ai_assisted_draft,"British IPA, CMUdict and MorphoLex candidate enrichment",https://github.com/open-dict-data/ipa-dict; https://github.com/cmusphinx/cmudict; https://github.com/hugomailhot/MorphoLex-en,mixed open licences; see teaching_content_sources.csv,Automated candidate enrichment only; not approved teaching truth.,high,approved_for_first_exposure
pay_en_gb,1,/pˈeɪ/,,primary,FALSE,{(pay)},MorphoLex-en exact candidate: {(pay)}; POS=VB|NN.,AI-assisted candidate metadata; verify British pronunciation and teaching relevance.,ai_assisted_draft,"British IPA, CMUdict and MorphoLex candidate enrichment",https://github.com/open-dict-data/ipa-dict; https://github.com/cmusphinx/cmudict; https://github.com/hugomailhot/MorphoLex-en,mixed open licences; see teaching_content_sources.csv,Automated candidate enrichment only; not approved teaching truth.,high,approved_for_first_exposure
room_en_gb,1,/ɹˈuːm/,,primary,FALSE,{(room)},MorphoLex-en exact candidate: {(room)}; POS=NN|VB.,AI-assisted candidate metadata; verify British pronunciation and teaching relevance.,ai_assisted_draft,"British IPA, CMUdict and MorphoLex candidate enrichment",https://github.com/open-dict-data/ipa-dict; https://github.com/cmusphinx/cmudict; https://github.com/hugomailhot/MorphoLex-en,mixed open licences; see teaching_content_sources.csv,Automated candidate enrichment only; not approved teaching truth.,high,approved_for_first_exposure
almost_en_gb,2,/ˈɔːlməʊst/,,primary-secondary,FALSE,{(almost)},MorphoLex-en exact candidate: {(almost)}; POS=RB.,AI-assisted candidate metadata; verify British pronunciation and teaching relevance.,ai_assisted_draft,"British IPA, CMUdict and MorphoLex candidate enrichment",https://github.com/open-dict-data/ipa-dict; https://github.com/cmusphinx/cmudict; https://github.com/hugomailhot/MorphoLex-en,mixed open licences; see teaching_content_sources.csv,Automated candidate enrichment only; not approved teaching truth.,high,approved_for_first_exposure
probably_en_gb,3,/pɹˈɒbəbli/,,primary-unstressed-secondary,TRUE,{(prob)>able>}>y>,MorphoLex-en exact candidate: {(prob)>able>}>y>; POS=RB.,AI-assisted candidate metadata; verify British pronunciation and teaching relevance.,ai_assisted_draft,"British IPA, CMUdict and MorphoLex candidate enrichment",https://github.com/open-dict-data/ipa-dict; https://github.com/cmusphinx/cmudict; https://github.com/hugomailhot/MorphoLex-en,mixed open licences; see teaching_content_sources.csv,Automated candidate enrichment only; not approved teaching truth.,high,approved_for_first_exposure
understand_en_gb,3,/ˌʌndəstˈænd/,,secondary-unstressed-primary,TRUE,{(understand)},MorphoLex-en exact candidate: {(understand)}; POS=VB.,AI-assisted candidate metadata; verify British pronunciation and teaching relevance.,ai_assisted_draft,"British IPA, CMUdict and MorphoLex candidate enrichment",https://github.com/open-dict-data/ipa-dict; https://github.com/cmusphinx/cmudict; https://github.com/hugomailhot/MorphoLex-en,mixed open licences; see teaching_content_sources.csv,Automated candidate enrichment only; not approved teaching truth.,high,approved_for_first_exposure
international_en_gb,5,/ˌɪntənˈæʃənəl/,,secondary-unstressed-primary-unstressed-unstressed,TRUE,<inter<{(nation)}>al>,MorphoLex-en exact candidate: <inter<{(nation)}>al>; POS=JJ.,AI-assisted candidate metadata; verify British pronunciation and teaching relevance.,ai_assisted_draft,"British IPA, CMUdict and MorphoLex candidate enrichment",https://github.com/open-dict-data/ipa-dict; https://github.com/cmusphinx/cmudict; https://github.com/hugomailhot/MorphoLex-en,mixed open licences; see teaching_content_sources.csv,Automated candidate enrichment only; not approved teaching truth.,high,approved_for_first_exposure
class_en_gb,1,/klˈɑːs/,,primary,FALSE,{(class)},MorphoLex-en exact candidate: {(class)}; POS=NN|VB.,AI-assisted candidate metadata; verify British pronunciation and teaching relevance.,ai_assisted_draft,"British IPA, CMUdict and MorphoLex candidate enrichment",https://github.com/open-dict-data/ipa-dict; https://github.com/cmusphinx/cmudict; https://github.com/hugomailhot/MorphoLex-en,mixed open licences; see teaching_content_sources.csv,Automated candidate enrichment only; not approved teaching truth.,high,approved_for_first_exposure
ask_en_gb,1,/ˈɑːsk/,,primary,FALSE,{(ask)},MorphoLex-en exact candidate: {(ask)}; POS=VB.,AI-assisted candidate metadata; verify British pronunciation and teaching relevance.,ai_assisted_draft,"British IPA, CMUdict and MorphoLex candidate enrichment",https://github.com/open-dict-data/ipa-dict; https://github.com/cmusphinx/cmudict; https://github.com/hugomailhot/MorphoLex-en,mixed open licences; see teaching_content_sources.csv,Automated candidate enrichment only; not approved teaching truth.,high,approved_for_first_exposure
morning_en_gb,2,/mˈɔːnɪŋ/,,primary-unstressed,FALSE,{(morning)},MorphoLex-en exact candidate: {(morning)}; POS=NN.,AI-assisted candidate metadata; verify British pronunciation and teaching relevance.,ai_assisted_draft,"British IPA, CMUdict and MorphoLex candidate enrichment",https://github.com/open-dict-data/ipa-dict; https://github.com/cmusphinx/cmudict; https://github.com/hugomailhot/MorphoLex-en,mixed open licences; see teaching_content_sources.csv,Automated candidate enrichment only; not approved teaching truth.,high,approved_for_first_exposure
soon_en_gb,1,/sˈuːn/,,primary,FALSE,{(soon)},MorphoLex-en exact candidate: {(soon)}; POS=RB.,AI-assisted candidate metadata; verify British pronunciation and teaching relevance.,ai_assisted_draft,"British IPA, CMUdict and MorphoLex candidate enrichment",https://github.com/open-dict-data/ipa-dict; https://github.com/cmusphinx/cmudict; https://github.com/hugomailhot/MorphoLex-en,mixed open licences; see teaching_content_sources.csv,Automated candidate enrichment only; not approved teaching truth.,high,approved_for_first_exposure
age_en_gb,1,/ˈeɪdʒ/,,primary,FALSE,{(age)},MorphoLex-en exact candidate: {(age)}; POS=NN|VB.,AI-assisted candidate metadata; verify British pronunciation and teaching relevance.,ai_assisted_draft,"British IPA, CMUdict and MorphoLex candidate enrichment",https://github.com/open-dict-data/ipa-dict; https://github.com/cmusphinx/cmudict; https://github.com/hugomailhot/MorphoLex-en,mixed open licences; see teaching_content_sources.csv,Automated candidate enrichment only; not approved teaching truth.,high,approved_for_first_exposure
whether_en_gb,2,/wˈɛðɐ/,,primary-unstressed,TRUE,{(whether)},MorphoLex-en exact candidate: {(whether)}; POS=minor.,AI-assisted candidate metadata; verify British pronunciation and teaching relevance.,ai_assisted_draft,"British IPA, CMUdict and MorphoLex candidate enrichment",https://github.com/open-dict-data/ipa-dict; https://github.com/cmusphinx/cmudict; https://github.com/hugomailhot/MorphoLex-en,mixed open licences; see teaching_content_sources.csv,Automated candidate enrichment only; not approved teaching truth.,high,approved_for_first_exposure
reason_en_gb,2,/ɹˈiːzən/,,primary-unstressed,TRUE,{(reason)},MorphoLex-en exact candidate: {(reason)}; POS=NN|VB.,AI-assisted candidate metadata; verify British pronunciation and teaching relevance.,ai_assisted_draft,"British IPA, CMUdict and MorphoLex candidate enrichment",https://github.com/open-dict-data/ipa-dict; https://github.com/cmusphinx/cmudict; https://github.com/hugomailhot/MorphoLex-en,mixed open licences; see teaching_content_sources.csv,Automated candidate enrichment only; not approved teaching truth.,high,approved_for_first_exposure
heart_en_gb,1,/hˈɑːt/,,primary,FALSE,{(heart)},MorphoLex-en exact candidate: {(heart)}; POS=NN|VB.,AI-assisted candidate metadata; verify British pronunciation and teaching relevance.,ai_assisted_draft,"British IPA, CMUdict and MorphoLex candidate enrichment",https://github.com/open-dict-data/ipa-dict; https://github.com/cmusphinx/cmudict; https://github.com/hugomailhot/MorphoLex-en,mixed open licences; see teaching_content_sources.csv,Automated candidate enrichment only; not approved teaching truth.,high,approved_for_first_exposure
although_en_gb,2,/ɒlðˈəʊ/,,secondary-primary,FALSE,{<al<(though)},MorphoLex-en exact candidate: {<al<(though)}; POS=minor|NN.,AI-assisted candidate metadata; verify British pronunciation and teaching relevance.,ai_assisted_draft,"British IPA, CMUdict and MorphoLex candidate enrichment",https://github.com/open-dict-data/ipa-dict; https://github.com/cmusphinx/cmudict; https://github.com/hugomailhot/MorphoLex-en,mixed open licences; see teaching_content_sources.csv,Automated candidate enrichment only; not approved teaching truth.,high,approved_for_first_exposure
easy_en_gb,2,/ˈiːzi/,,primary-unstressed,FALSE,{(ease)}>y>,MorphoLex-en exact candidate: {(ease)}>y>; POS=JJ.,AI-assisted candidate metadata; verify British pronunciation and teaching relevance.,ai_assisted_draft,"British IPA, CMUdict and MorphoLex candidate enrichment",https://github.com/open-dict-data/ipa-dict; https://github.com/cmusphinx/cmudict; https://github.com/hugomailhot/MorphoLex-en,mixed open licences; see teaching_content_sources.csv,Automated candidate enrichment only; not approved teaching truth.,high,approved_for_first_exposure
art_en_gb,1,/ˈɑːt/,,primary,FALSE,{(art)},MorphoLex-en exact candidate: {(art)}; POS=NN.,AI-assisted candidate metadata; verify British pronunciation and teaching relevance.,ai_assisted_draft,"British IPA, CMUdict and MorphoLex candidate enrichment",https://github.com/open-dict-data/ipa-dict; https://github.com/cmusphinx/cmudict; https://github.com/hugomailhot/MorphoLex-en,mixed open licences; see teaching_content_sources.csv,Automated candidate enrichment only; not approved teaching truth.,high,approved_for_first_exposure
behind_en_gb,2,/bɪhˈaɪnd/,,unstressed-primary,FALSE,{(behind)},MorphoLex-en exact candidate: {(behind)}; POS=minor|NN.,AI-assisted candidate metadata; verify British pronunciation and teaching relevance.,ai_assisted_draft,"British IPA, CMUdict and MorphoLex candidate enrichment",https://github.com/open-dict-data/ipa-dict; https://github.com/cmusphinx/cmudict; https://github.com/hugomailhot/MorphoLex-en,mixed open licences; see teaching_content_sources.csv,Automated candidate enrichment only; not approved teaching truth.,high,approved_for_first_exposure
quite_en_gb,1,/kwaɪt/,,primary,FALSE,{(quite)},MorphoLex-en exact candidate: {(quite)}; POS=RB|JJ.,AI-assisted candidate metadata; verify British pronunciation and teaching relevance.,ai_assisted_draft,"British IPA, CMUdict and MorphoLex candidate enrichment",https://github.com/open-dict-data/ipa-dict; https://github.com/cmusphinx/cmudict; https://github.com/hugomailhot/MorphoLex-en,mixed open licences; see teaching_content_sources.csv,Automated candidate enrichment only; not approved teaching truth.,high,approved_for_first_exposure
available_en_gb,4,/ɐvˈeɪləbəl/,,unstressed-primary-unstressed-unstressed,TRUE,{<a<(vail)}>able>,MorphoLex-en exact candidate: {<a<(vail)}>able>; POS=JJ.,AI-assisted candidate metadata; verify British pronunciation and teaching relevance.,ai_assisted_draft,"British IPA, CMUdict and MorphoLex candidate enrichment",https://github.com/open-dict-data/ipa-dict; https://github.com/cmusphinx/cmudict; https://github.com/hugomailhot/MorphoLex-en,mixed open licences; see teaching_content_sources.csv,Automated candidate enrichment only; not approved teaching truth.,high,approved_for_first_exposure
son_en_gb,1,/sˈʌn/,,primary,FALSE,{(sono)},MorphoLex-en exact candidate: {(sono)}; POS=NN.,AI-assisted candidate metadata; verify British pronunciation and teaching relevance.,ai_assisted_draft,"British IPA, CMUdict and MorphoLex candidate enrichment",https://github.com/open-dict-data/ipa-dict; https://github.com/cmusphinx/cmudict; https://github.com/hugomailhot/MorphoLex-en,mixed open licences; see teaching_content_sources.csv,Automated candidate enrichment only; not approved teaching truth.,high,approved_for_first_exposure
wasn_t_en_gb,2,/ˈwɒznt/,,primary-unstressed,TRUE,{(was)},MorphoLex-en exact candidate: {(was)}; POS=encl.,AI-assisted candidate metadata; verify British pronunciation and teaching relevance.,ai_assisted_draft,"British IPA, CMUdict and MorphoLex candidate enrichment",https://github.com/open-dict-data/ipa-dict; https://github.com/cmusphinx/cmudict; https://github.com/hugomailhot/MorphoLex-en,mixed open licences; see teaching_content_sources.csv,Automated candidate enrichment only; not approved teaching truth.,high,approved_for_first_exposure
according_en_gb,3,/ɐkˈɔːdɪŋ/,,unstressed-primary-unstressed,TRUE,{(accord)},MorphoLex-en exact candidate: {(accord)}; POS=VB|NN.,AI-assisted candidate metadata; verify British pronunciation and teaching relevance.,ai_assisted_draft,"British IPA, CMUdict and MorphoLex candidate enrichment",https://github.com/open-dict-data/ipa-dict; https://github.com/cmusphinx/cmudict; https://github.com/hugomailhot/MorphoLex-en,mixed open licences; see teaching_content_sources.csv,Automated candidate enrichment only; not approved teaching truth.,high,approved_for_first_exposure
meet_en_gb,1,/mˈiːt/,,primary,FALSE,{(meet)},MorphoLex-en exact candidate: {(meet)}; POS=VB|NN.,AI-assisted candidate metadata; verify British pronunciation and teaching relevance.,ai_assisted_draft,"British IPA, CMUdict and MorphoLex candidate enrichment",https://github.com/open-dict-data/ipa-dict; https://github.com/cmusphinx/cmudict; https://github.com/hugomailhot/MorphoLex-en,mixed open licences; see teaching_content_sources.csv,Automated candidate enrichment only; not approved teaching truth.,high,approved_for_first_exposure
heard_en_gb,1,/hˈɜːd/,,primary,FALSE,{(heard)},MorphoLex-en exact candidate: {(heard)}; POS=VB|NN.,AI-assisted candidate metadata; verify British pronunciation and teaching relevance.,ai_assisted_draft,"British IPA, CMUdict and MorphoLex candidate enrichment",https://github.com/open-dict-data/ipa-dict; https://github.com/cmusphinx/cmudict; https://github.com/hugomailhot/MorphoLex-en,mixed open licences; see teaching_content_sources.csv,Automated candidate enrichment only; not approved teaching truth.,high,approved_for_first_exposure
experience_en_gb,4,/ɛkspˈiəɹɪəns/,,unstressed-primary-unstressed-unstressed,TRUE,{(experience)},MorphoLex-en exact candidate: {(experience)}; POS=NN|VB.,AI-assisted candidate metadata; verify British pronunciation and teaching relevance.,ai_assisted_draft,"British IPA, CMUdict and MorphoLex candidate enrichment",https://github.com/open-dict-data/ipa-dict; https://github.com/cmusphinx/cmudict; https://github.com/hugomailhot/MorphoLex-en,mixed open licences; see teaching_content_sources.csv,Automated candidate enrichment only; not approved teaching truth.,high,approved_for_first_exposure
current_en_gb,2,/kˈʌɹənt/,,primary-unstressed,TRUE,{(current)},MorphoLex-en exact candidate: {(current)}; POS=JJ|NN.,AI-assisted candidate metadata; verify British pronunciation and teaching relevance.,ai_assisted_draft,"British IPA, CMUdict and MorphoLex candidate enrichment",https://github.com/open-dict-data/ipa-dict; https://github.com/cmusphinx/cmudict; https://github.com/hugomailhot/MorphoLex-en,mixed open licences; see teaching_content_sources.csv,Automated candidate enrichment only; not approved teaching truth.,high,approved_for_first_exposure
study_en_gb,2,/stˈʌdi/,,primary-unstressed,FALSE,{(stud)>y>},MorphoLex-en exact candidate: {(stud)>y>}; POS=NN|VB.,AI-assisted candidate metadata; verify British pronunciation and teaching relevance.,ai_assisted_draft,"British IPA, CMUdict and MorphoLex candidate enrichment",https://github.com/open-dict-data/ipa-dict; https://github.com/cmusphinx/cmudict; https://github.com/hugomailhot/MorphoLex-en,mixed open licences; see teaching_content_sources.csv,Automated candidate enrichment only; not approved teaching truth.,high,approved_for_first_exposure
father_en_gb,2,/fˈɑːðɐ/,,primary-unstressed,TRUE,{(father)},MorphoLex-en exact candidate: {(father)}; POS=NN|VB.,AI-assisted candidate metadata; verify British pronunciation and teaching relevance.,ai_assisted_draft,"British IPA, CMUdict and MorphoLex candidate enrichment",https://github.com/open-dict-data/ipa-dict; https://github.com/cmusphinx/cmudict; https://github.com/hugomailhot/MorphoLex-en,mixed open licences; see teaching_content_sources.csv,Automated candidate enrichment only; not approved teaching truth.,high,approved_for_first_exposure
march_en_gb,1,/mˈɑːtʃ/,,primary,FALSE,{(march)},MorphoLex-en exact candidate: {(march)}; POS=NN|VB.,AI-assisted candidate metadata; verify British pronunciation and teaching relevance.,ai_assisted_draft,"British IPA, CMUdict and MorphoLex candidate enrichment",https://github.com/open-dict-data/ipa-dict; https://github.com/cmusphinx/cmudict; https://github.com/hugomailhot/MorphoLex-en,mixed open licences; see teaching_content_sources.csv,Automated candidate enrichment only; not approved teaching truth.,high,approved_for_first_exposure
gave_en_gb,1,/ɡˈeɪv/,,primary,FALSE,{(gave)},MorphoLex-en exact candidate: {(gave)}; POS=VB.,AI-assisted candidate metadata; verify British pronunciation and teaching relevance.,ai_assisted_draft,"British IPA, CMUdict and MorphoLex candidate enrichment",https://github.com/open-dict-data/ipa-dict; https://github.com/cmusphinx/cmudict; https://github.com/hugomailhot/MorphoLex-en,mixed open licences; see teaching_content_sources.csv,Automated candidate enrichment only; not approved teaching truth.,high,approved_for_first_exposure
month_en_gb,1,/mˈʌnθ/,,primary,FALSE,{(month)},MorphoLex-en exact candidate: {(month)}; POS=NN.,AI-assisted candidate metadata; verify British pronunciation and teaching relevance.,ai_assisted_draft,"British IPA, CMUdict and MorphoLex candidate enrichment",https://github.com/open-dict-data/ipa-dict; https://github.com/cmusphinx/cmudict; https://github.com/hugomailhot/MorphoLex-en,mixed open licences; see teaching_content_sources.csv,Automated candidate enrichment only; not approved teaching truth.,high,approved_for_first_exposure
town_en_gb,1,/tˈaʊn/,,primary,FALSE,{(town)},MorphoLex-en exact candidate: {(town)}; POS=NN.,AI-assisted candidate metadata; verify British pronunciation and teaching relevance.,ai_assisted_draft,"British IPA, CMUdict and MorphoLex candidate enrichment",https://github.com/open-dict-data/ipa-dict; https://github.com/cmusphinx/cmudict; https://github.com/hugomailhot/MorphoLex-en,mixed open licences; see teaching_content_sources.csv,Automated candidate enrichment only; not approved teaching truth.,high,approved_for_first_exposure
main_en_gb,1,/mˈeɪn/,,primary,FALSE,{(main)},MorphoLex-en exact candidate: {(main)}; POS=JJ|NN.,AI-assisted candidate metadata; verify British pronunciation and teaching relevance.,ai_assisted_draft,"British IPA, CMUdict and MorphoLex candidate enrichment",https://github.com/open-dict-data/ipa-dict; https://github.com/cmusphinx/cmudict; https://github.com/hugomailhot/MorphoLex-en,mixed open licences; see teaching_content_sources.csv,Automated candidate enrichment only; not approved teaching truth.,high,approved_for_first_exposure
energy_en_gb,3,/ˈɛnədʒi/,,primary-unstressed-unstressed,TRUE,{(energ)>y>},MorphoLex-en exact candidate: {(energ)>y>}; POS=NN.,AI-assisted candidate metadata; verify British pronunciation and teaching relevance.,ai_assisted_draft,"British IPA, CMUdict and MorphoLex candidate enrichment",https://github.com/open-dict-data/ipa-dict; https://github.com/cmusphinx/cmudict; https://github.com/hugomailhot/MorphoLex-en,mixed open licences; see teaching_content_sources.csv,Automated candidate enrichment only; not approved teaching truth.,high,approved_for_first_exposure
you_ll_en_gb,1,/juːl/,,primary,FALSE,{(you)},MorphoLex-en exact candidate: {(you)}; POS=encl.,AI-assisted candidate metadata; verify British pronunciation and teaching relevance.,ai_assisted_draft,"British IPA, CMUdict and MorphoLex candidate enrichment",https://github.com/open-dict-data/ipa-dict; https://github.com/cmusphinx/cmudict; https://github.com/hugomailhot/MorphoLex-en,mixed open licences; see teaching_content_sources.csv,Automated candidate enrichment only; not approved teaching truth.,high,approved_for_first_exposure
site_en_gb,1,/sˈaɪt/,,primary,FALSE,{(site)},MorphoLex-en exact candidate: {(site)}; POS=NN|VB.,AI-assisted candidate metadata; verify British pronunciation and teaching relevance.,ai_assisted_draft,"British IPA, CMUdict and MorphoLex candidate enrichment",https://github.com/open-dict-data/ipa-dict; https://github.com/cmusphinx/cmudict; https://github.com/hugomailhot/MorphoLex-en,mixed open licences; see teaching_content_sources.csv,Automated candidate enrichment only; not approved teaching truth.,high,approved_for_first_exposure
position_en_gb,3,/pəzˈɪʃən/,,unstressed-primary-unstressed,TRUE,{(posit)>ion>},MorphoLex-en exact candidate: {(posit)>ion>}; POS=NN|VB.,AI-assisted candidate metadata; verify British pronunciation and teaching relevance.,ai_assisted_draft,"British IPA, CMUdict and MorphoLex candidate enrichment",https://github.com/open-dict-data/ipa-dict; https://github.com/cmusphinx/cmudict; https://github.com/hugomailhot/MorphoLex-en,mixed open licences; see teaching_content_sources.csv,Automated candidate enrichment only; not approved teaching truth.,high,approved_for_first_exposure
especially_en_gb,3,/ɪspˈɛʃəlˌi/,,unstressed-primary-unstressed,TRUE,{<e<(special)}>ly>,MorphoLex-en exact candidate: {<e<(special)}>ly>; POS=RB.,AI-assisted candidate metadata; verify British pronunciation and teaching relevance.,ai_assisted_draft,"British IPA, CMUdict and MorphoLex candidate enrichment",https://github.com/open-dict-data/ipa-dict; https://github.com/cmusphinx/cmudict; https://github.com/hugomailhot/MorphoLex-en,mixed open licences; see teaching_content_sources.csv,Automated candidate enrichment only; not approved teaching truth.,high,approved_for_first_exposure
parents_en_gb,2,/pˈeəɹənts/,,primary-unstressed,TRUE,{(parent)},MorphoLex-en exact candidate: {(parent)}; POS=NN.,AI-assisted candidate metadata; verify British pronunciation and teaching relevance.,ai_assisted_draft,"British IPA, CMUdict and MorphoLex candidate enrichment",https://github.com/open-dict-data/ipa-dict; https://github.com/cmusphinx/cmudict; https://github.com/hugomailhot/MorphoLex-en,mixed open licences; see teaching_content_sources.csv,Automated candidate enrichment only; not approved teaching truth.,high,approved_for_first_exposure
total_en_gb,2,/tˈəʊtəl/,,primary-unstressed,TRUE,{(total)},MorphoLex-en exact candidate: {(total)}; POS=JJ|NN|VB.,AI-assisted candidate metadata; verify British pronunciation and teaching relevance.,ai_assisted_draft,"British IPA, CMUdict and MorphoLex candidate enrichment",https://github.com/open-dict-data/ipa-dict; https://github.com/cmusphinx/cmudict; https://github.com/hugomailhot/MorphoLex-en,mixed open licences; see teaching_content_sources.csv,Automated candidate enrichment only; not approved teaching truth.,high,approved_for_first_exposure
june_en_gb,1,/dʒuːn/,,primary,FALSE,{(june)},MorphoLex-en exact candidate: {(june)}; POS=NN.,AI-assisted candidate metadata; verify British pronunciation and teaching relevance.,ai_assisted_draft,"British IPA, CMUdict and MorphoLex candidate enrichment",https://github.com/open-dict-data/ipa-dict; https://github.com/cmusphinx/cmudict; https://github.com/hugomailhot/MorphoLex-en,mixed open licences; see teaching_content_sources.csv,Automated candidate enrichment only; not approved teaching truth.,high,approved_for_first_exposure
knew_en_gb,1,/njˈuː/,,primary,FALSE,{(knew)},MorphoLex-en exact candidate: {(knew)}; POS=VB.,AI-assisted candidate metadata; verify British pronunciation and teaching relevance.,ai_assisted_draft,"British IPA, CMUdict and MorphoLex candidate enrichment",https://github.com/open-dict-data/ipa-dict; https://github.com/cmusphinx/cmudict; https://github.com/hugomailhot/MorphoLex-en,mixed open licences; see teaching_content_sources.csv,Automated candidate enrichment only; not approved teaching truth.,high,approved_for_first_exposure
won_en_gb,1,/wʌn/,,primary,FALSE,{(won)},MorphoLex-en exact candidate: {(won)}; POS=VB.,AI-assisted candidate metadata; verify British pronunciation and teaching relevance.,ai_assisted_draft,"British IPA, CMUdict and MorphoLex candidate enrichment",https://github.com/open-dict-data/ipa-dict; https://github.com/cmusphinx/cmudict; https://github.com/hugomailhot/MorphoLex-en,mixed open licences; see teaching_content_sources.csv,Automated candidate enrichment only; not approved teaching truth.,high,approved_for_first_exposure
happened_en_gb,2,/hˈæpənd/,,primary-unstressed,TRUE,{(happen)},MorphoLex-en exact candidate: {(happen)}; POS=VB.,AI-assisted candidate metadata; verify British pronunciation and teaching relevance.,ai_assisted_draft,"British IPA, CMUdict and MorphoLex candidate enrichment",https://github.com/open-dict-data/ipa-dict; https://github.com/cmusphinx/cmudict; https://github.com/hugomailhot/MorphoLex-en,mixed open licences; see teaching_content_sources.csv,Automated candidate enrichment only; not approved teaching truth.,high,approved_for_first_exposure
lead_en_gb,1,/liːd/,,primary,FALSE,{(lead)},MorphoLex-en exact candidate: {(lead)}; POS=VB|NN.,AI-assisted candidate metadata; verify British pronunciation and teaching relevance.,ai_assisted_draft,"British IPA, CMUdict and MorphoLex candidate enrichment",https://github.com/open-dict-data/ipa-dict; https://github.com/cmusphinx/cmudict; https://github.com/hugomailhot/MorphoLex-en,mixed open licences; see teaching_content_sources.csv,Automated candidate enrichment only; not approved teaching truth.,high,approved_for_first_exposure
dead_en_gb,1,/dˈɛd/,,primary,FALSE,{(dead)},MorphoLex-en exact candidate: {(dead)}; POS=JJ|NN|RB.,AI-assisted candidate metadata; verify British pronunciation and teaching relevance.,ai_assisted_draft,"British IPA, CMUdict and MorphoLex candidate enrichment",https://github.com/open-dict-data/ipa-dict; https://github.com/cmusphinx/cmudict; https://github.com/hugomailhot/MorphoLex-en,mixed open licences; see teaching_content_sources.csv,Automated candidate enrichment only; not approved teaching truth.,high,approved_for_first_exposure
hold_en_gb,1,/hˈəʊld/,,primary,FALSE,{(hold)},MorphoLex-en exact candidate: {(hold)}; POS=VB|NN.,AI-assisted candidate metadata; verify British pronunciation and teaching relevance.,ai_assisted_draft,"British IPA, CMUdict and MorphoLex candidate enrichment",https://github.com/open-dict-data/ipa-dict; https://github.com/cmusphinx/cmudict; https://github.com/hugomailhot/MorphoLex-en,mixed open licences; see teaching_content_sources.csv,Automated candidate enrichment only; not approved teaching truth.,high,approved_for_first_exposure
april_en_gb,2,/ˈeɪprəl/,,primary-unstressed,TRUE,{(april)},MorphoLex-en exact candidate: {(april)}; POS=NN.,AI-assisted candidate metadata; verify British pronunciation and teaching relevance.,ai_assisted_draft,"British IPA, CMUdict and MorphoLex candidate enrichment",https://github.com/open-dict-data/ipa-dict; https://github.com/cmusphinx/cmudict; https://github.com/hugomailhot/MorphoLex-en,mixed open licences; see teaching_content_sources.csv,Automated candidate enrichment only; not approved teaching truth.,high,approved_for_first_exposure
couple_en_gb,2,/kˈʌpəl/,,primary-unstressed,TRUE,{(couple)},MorphoLex-en exact candidate: {(couple)}; POS=NN|JJ|VB.,AI-assisted candidate metadata; verify British pronunciation and teaching relevance.,ai_assisted_draft,"British IPA, CMUdict and MorphoLex candidate enrichment",https://github.com/open-dict-data/ipa-dict; https://github.com/cmusphinx/cmudict; https://github.com/hugomailhot/MorphoLex-en,mixed open licences; see teaching_content_sources.csv,Automated candidate enrichment only; not approved teaching truth.,high,approved_for_first_exposure
happen_en_gb,2,/hˈæpən/,,primary-unstressed,TRUE,{(happen)},MorphoLex-en exact candidate: {(happen)}; POS=VB.,AI-assisted candidate metadata; verify British pronunciation and teaching relevance.,ai_assisted_draft,"British IPA, CMUdict and MorphoLex candidate enrichment",https://github.com/open-dict-data/ipa-dict; https://github.com/cmusphinx/cmudict; https://github.com/hugomailhot/MorphoLex-en,mixed open licences; see teaching_content_sources.csv,Automated candidate enrichment only; not approved teaching truth.,high,approved_for_first_exposure
return_en_gb,2,/rɪˈtɜːn/,,unstressed-primary,FALSE,{(return)},MorphoLex-en exact candidate: {(return)}; POS=NN|VB.,AI-assisted candidate metadata; verify British pronunciation and teaching relevance.,ai_assisted_draft,"British IPA, CMUdict and MorphoLex candidate enrichment",https://github.com/open-dict-data/ipa-dict; https://github.com/cmusphinx/cmudict; https://github.com/hugomailhot/MorphoLex-en,mixed open licences; see teaching_content_sources.csv,Automated candidate enrichment only; not approved teaching truth.,high,approved_for_first_exposure
wouldn_t_en_gb,2,/ˈwʊdnt/,,primary-unstressed,TRUE,{(would)},MorphoLex-en exact candidate: {(would)}; POS=encl.,AI-assisted candidate metadata; verify British pronunciation and teaching relevance.,ai_assisted_draft,"British IPA, CMUdict and MorphoLex candidate enrichment",https://github.com/open-dict-data/ipa-dict; https://github.com/cmusphinx/cmudict; https://github.com/hugomailhot/MorphoLex-en,mixed open licences; see teaching_content_sources.csv,Automated candidate enrichment only; not approved teaching truth.,high,approved_for_first_exposure
finally_en_gb,3,/fˈaɪnəli/,,primary-unstressed-unstressed,TRUE,{(final)}>ly>,MorphoLex-en exact candidate: {(final)}>ly>; POS=RB.,AI-assisted candidate metadata; verify British pronunciation and teaching relevance.,ai_assisted_draft,"British IPA, CMUdict and MorphoLex candidate enrichment",https://github.com/open-dict-data/ipa-dict; https://github.com/cmusphinx/cmudict; https://github.com/hugomailhot/MorphoLex-en,mixed open licences; see teaching_content_sources.csv,Automated candidate enrichment only; not approved teaching truth.,high,approved_for_first_exposure
society_en_gb,4,/səsˈaɪəti/,,unstressed-primary-unstressed-unstressed,TRUE,{(socio)>ity>},MorphoLex-en exact candidate: {(socio)>ity>}; POS=NN.,AI-assisted candidate metadata; verify British pronunciation and teaching relevance.,ai_assisted_draft,"British IPA, CMUdict and MorphoLex candidate enrichment",https://github.com/open-dict-data/ipa-dict; https://github.com/cmusphinx/cmudict; https://github.com/hugomailhot/MorphoLex-en,mixed open licences; see teaching_content_sources.csv,Automated candidate enrichment only; not approved teaching truth.,high,approved_for_first_exposure
girls_en_gb,1,/ɡˈɜːlz/,,primary,FALSE,{(girl)},MorphoLex-en exact candidate: {(girl)}; POS=NN.,AI-assisted candidate metadata; verify British pronunciation and teaching relevance.,ai_assisted_draft,"British IPA, CMUdict and MorphoLex candidate enrichment",https://github.com/open-dict-data/ipa-dict; https://github.com/cmusphinx/cmudict; https://github.com/hugomailhot/MorphoLex-en,mixed open licences; see teaching_content_sources.csv,Automated candidate enrichment only; not approved teaching truth.,high,approved_for_first_exposure
gold_en_gb,1,/ɡˈəʊld/,,primary,FALSE,{(gold)},MorphoLex-en exact candidate: {(gold)}; POS=NN|JJ.,AI-assisted candidate metadata; verify British pronunciation and teaching relevance.,ai_assisted_draft,"British IPA, CMUdict and MorphoLex candidate enrichment",https://github.com/open-dict-data/ipa-dict; https://github.com/cmusphinx/cmudict; https://github.com/hugomailhot/MorphoLex-en,mixed open licences; see teaching_content_sources.csv,Automated candidate enrichment only; not approved teaching truth.,high,approved_for_first_exposure
july_en_gb,2,/dʒuˈlaɪ/,,secondary-primary,FALSE,{(july)},MorphoLex-en exact candidate: {(july)}; POS=NN.,AI-assisted candidate metadata; verify British pronunciation and teaching relevance.,ai_assisted_draft,"British IPA, CMUdict and MorphoLex candidate enrichment",https://github.com/open-dict-data/ipa-dict; https://github.com/cmusphinx/cmudict; https://github.com/hugomailhot/MorphoLex-en,mixed open licences; see teaching_content_sources.csv,Automated candidate enrichment only; not approved teaching truth.,high,approved_for_first_exposure
interest_en_gb,2,/ˈɪntɹəst/,,primary-unstressed,TRUE,{(interest)},MorphoLex-en exact candidate: {(interest)}; POS=NN|VB.,AI-assisted candidate metadata; verify British pronunciation and teaching relevance.,ai_assisted_draft,"British IPA, CMUdict and MorphoLex candidate enrichment",https://github.com/open-dict-data/ipa-dict; https://github.com/cmusphinx/cmudict; https://github.com/hugomailhot/MorphoLex-en,mixed open licences; see teaching_content_sources.csv,Automated candidate enrichment only; not approved teaching truth.,high,approved_for_first_exposure
certain_en_gb,2,/sˈɜːtən/,,primary-unstressed,TRUE,{(certain)},MorphoLex-en exact candidate: {(certain)}; POS=JJ|RB|NN.,AI-assisted candidate metadata; verify British pronunciation and teaching relevance.,ai_assisted_draft,"British IPA, CMUdict and MorphoLex candidate enrichment",https://github.com/open-dict-data/ipa-dict; https://github.com/cmusphinx/cmudict; https://github.com/hugomailhot/MorphoLex-en,mixed open licences; see teaching_content_sources.csv,Automated candidate enrichment only; not approved teaching truth.,high,approved_for_first_exposure
average_en_gb,3,/ˈævɹɪdʒ/,,primary-unstressed-unstressed,TRUE,{(average)},MorphoLex-en exact candidate: {(average)}; POS=JJ|NN|VB.,AI-assisted candidate metadata; verify British pronunciation and teaching relevance.,ai_assisted_draft,"British IPA, CMUdict and MorphoLex candidate enrichment",https://github.com/open-dict-data/ipa-dict; https://github.com/cmusphinx/cmudict; https://github.com/hugomailhot/MorphoLex-en,mixed open licences; see teaching_content_sources.csv,Automated candidate enrichment only; not approved teaching truth.,high,approved_for_first_exposure
brought_en_gb,1,/bɹˈɔːt/,,primary,FALSE,{(brought)},MorphoLex-en exact candidate: {(brought)}; POS=VB.,AI-assisted candidate metadata; verify British pronunciation and teaching relevance.,ai_assisted_draft,"British IPA, CMUdict and MorphoLex candidate enrichment",https://github.com/open-dict-data/ipa-dict; https://github.com/cmusphinx/cmudict; https://github.com/hugomailhot/MorphoLex-en,mixed open licences; see teaching_content_sources.csv,Automated candidate enrichment only; not approved teaching truth.,high,approved_for_first_exposure
ground_en_gb,1,/ɡɹˈaʊnd/,,primary,FALSE,{(ground)},MorphoLex-en exact candidate: {(ground)}; POS=NN|VB.,AI-assisted candidate metadata; verify British pronunciation and teaching relevance.,ai_assisted_draft,"British IPA, CMUdict and MorphoLex candidate enrichment",https://github.com/open-dict-data/ipa-dict; https://github.com/cmusphinx/cmudict; https://github.com/hugomailhot/MorphoLex-en,mixed open licences; see teaching_content_sources.csv,Automated candidate enrichment only; not approved teaching truth.,high,approved_for_first_exposure
september_en_gb,3,/sepˈtembə/,,unstressed-primary-unstressed,TRUE,{(september)},MorphoLex-en exact candidate: {(september)}; POS=NN.,AI-assisted candidate metadata; verify British pronunciation and teaching relevance.,ai_assisted_draft,"British IPA, CMUdict and MorphoLex candidate enrichment",https://github.com/open-dict-data/ipa-dict; https://github.com/cmusphinx/cmudict; https://github.com/hugomailhot/MorphoLex-en,mixed open licences; see teaching_content_sources.csv,Automated candidate enrichment only; not approved teaching truth.,high,approved_for_first_exposure
round_en_gb,1,/ɹˈaʊnd/,,primary,FALSE,{(round)},MorphoLex-en exact candidate: {(round)}; POS=JJ|NN|VB.,AI-assisted candidate metadata; verify British pronunciation and teaching relevance.,ai_assisted_draft,"British IPA, CMUdict and MorphoLex candidate enrichment",https://github.com/open-dict-data/ipa-dict; https://github.com/cmusphinx/cmudict; https://github.com/hugomailhot/MorphoLex-en,mixed open licences; see teaching_content_sources.csv,Automated candidate enrichment only; not approved teaching truth.,high,approved_for_first_exposure
eat_en_gb,1,/ˈiːt/,,primary,FALSE,{(eat)},MorphoLex-en exact candidate: {(eat)}; POS=VB|NN.,AI-assisted candidate metadata; verify British pronunciation and teaching relevance.,ai_assisted_draft,"British IPA, CMUdict and MorphoLex candidate enrichment",https://github.com/open-dict-data/ipa-dict; https://github.com/cmusphinx/cmudict; https://github.com/hugomailhot/MorphoLex-en,mixed open licences; see teaching_content_sources.csv,Automated candidate enrichment only; not approved teaching truth.,high,approved_for_first_exposure
size_en_gb,1,/sˈaɪz/,,primary,FALSE,{(size)},MorphoLex-en exact candidate: {(size)}; POS=NN|VB.,AI-assisted candidate metadata; verify British pronunciation and teaching relevance.,ai_assisted_draft,"British IPA, CMUdict and MorphoLex candidate enrichment",https://github.com/open-dict-data/ipa-dict; https://github.com/cmusphinx/cmudict; https://github.com/hugomailhot/MorphoLex-en,mixed open licences; see teaching_content_sources.csv,Automated candidate enrichment only; not approved teaching truth.,high,approved_for_first_exposure
fall_en_gb,1,/fˈɔːl/,,primary,FALSE,{(fall)},MorphoLex-en exact candidate: {(fall)}; POS=NN|VB.,AI-assisted candidate metadata; verify British pronunciation and teaching relevance.,ai_assisted_draft,"British IPA, CMUdict and MorphoLex candidate enrichment",https://github.com/open-dict-data/ipa-dict; https://github.com/cmusphinx/cmudict; https://github.com/hugomailhot/MorphoLex-en,mixed open licences; see teaching_content_sources.csv,Automated candidate enrichment only; not approved teaching truth.,high,approved_for_first_exposure
you_ve_en_gb,1,/juːv/,,primary,FALSE,{(you)},MorphoLex-en exact candidate: {(you)}; POS=encl.,AI-assisted candidate metadata; verify British pronunciation and teaching relevance.,ai_assisted_draft,"British IPA, CMUdict and MorphoLex candidate enrichment",https://github.com/open-dict-data/ipa-dict; https://github.com/cmusphinx/cmudict; https://github.com/hugomailhot/MorphoLex-en,mixed open licences; see teaching_content_sources.csv,Automated candidate enrichment only; not approved teaching truth.,high,approved_for_first_exposure
league_en_gb,1,/lˈiːɡ/,,primary,FALSE,{(league)},MorphoLex-en exact candidate: {(league)}; POS=NN.,AI-assisted candidate metadata; verify British pronunciation and teaching relevance.,ai_assisted_draft,"British IPA, CMUdict and MorphoLex candidate enrichment",https://github.com/open-dict-data/ipa-dict; https://github.com/cmusphinx/cmudict; https://github.com/hugomailhot/MorphoLex-en,mixed open licences; see teaching_content_sources.csv,Automated candidate enrichment only; not approved teaching truth.,high,approved_for_first_exposure
review_en_gb,2,/rɪˈvjuː/,,secondary-primary,FALSE,{<re<(view)},MorphoLex-en exact candidate: {<re<(view)}; POS=NN|VB.,AI-assisted candidate metadata; verify British pronunciation and teaching relevance.,ai_assisted_draft,"British IPA, CMUdict and MorphoLex candidate enrichment",https://github.com/open-dict-data/ipa-dict; https://github.com/cmusphinx/cmudict; https://github.com/hugomailhot/MorphoLex-en,mixed open licences; see teaching_content_sources.csv,Automated candidate enrichment only; not approved teaching truth.,high,approved_for_first_exposure
various_en_gb,3,/vˈeəɹɪəs/,,primary-unstressed-unstressed,TRUE,{(vary)}>ious>,MorphoLex-en exact candidate: {(vary)}>ious>; POS=JJ|NN.,AI-assisted candidate metadata; verify British pronunciation and teaching relevance.,ai_assisted_draft,"British IPA, CMUdict and MorphoLex candidate enrichment",https://github.com/open-dict-data/ipa-dict; https://github.com/cmusphinx/cmudict; https://github.com/hugomailhot/MorphoLex-en,mixed open licences; see teaching_content_sources.csv,Automated candidate enrichment only; not approved teaching truth.,high,approved_for_first_exposure
paid_en_gb,1,/pˈeɪd/,,primary,FALSE,{(pay)},MorphoLex-en exact candidate: {(pay)}; POS=VB.,AI-assisted candidate metadata; verify British pronunciation and teaching relevance.,ai_assisted_draft,"British IPA, CMUdict and MorphoLex candidate enrichment",https://github.com/open-dict-data/ipa-dict; https://github.com/cmusphinx/cmudict; https://github.com/hugomailhot/MorphoLex-en,mixed open licences; see teaching_content_sources.csv,Automated candidate enrichment only; not approved teaching truth.,high,approved_for_first_exposure
forward_en_gb,2,/fˈɔːwəd/,,primary-unstressed,TRUE,{(forward)},MorphoLex-en exact candidate: {(forward)}; POS=RB|JJ|VB|NN.,AI-assisted candidate metadata; verify British pronunciation and teaching relevance.,ai_assisted_draft,"British IPA, CMUdict and MorphoLex candidate enrichment",https://github.com/open-dict-data/ipa-dict; https://github.com/cmusphinx/cmudict; https://github.com/hugomailhot/MorphoLex-en,mixed open licences; see teaching_content_sources.csv,Automated candidate enrichment only; not approved teaching truth.,high,approved_for_first_exposure
brother_en_gb,2,/bɹˈʌðɐ/,,primary-unstressed,TRUE,{(brother)},MorphoLex-en exact candidate: {(brother)}; POS=NN.,AI-assisted candidate metadata; verify British pronunciation and teaching relevance.,ai_assisted_draft,"British IPA, CMUdict and MorphoLex candidate enrichment",https://github.com/open-dict-data/ipa-dict; https://github.com/cmusphinx/cmudict; https://github.com/hugomailhot/MorphoLex-en,mixed open licences; see teaching_content_sources.csv,Automated candidate enrichment only; not approved teaching truth.,high,approved_for_first_exposure
haven_t_en_gb,2,/ˈhævnt/,,primary-unstressed,TRUE,{(have)},MorphoLex-en exact candidate: {(have)}; POS=encl.,AI-assisted candidate metadata; verify British pronunciation and teaching relevance.,ai_assisted_draft,"British IPA, CMUdict and MorphoLex candidate enrichment",https://github.com/open-dict-data/ipa-dict; https://github.com/cmusphinx/cmudict; https://github.com/hugomailhot/MorphoLex-en,mixed open licences; see teaching_content_sources.csv,Automated candidate enrichment only; not approved teaching truth.,high,approved_for_first_exposure
character_en_gb,3,/kˈæɹɪktɐ/,,primary-unstressed-unstressed,TRUE,{(character)},MorphoLex-en exact candidate: {(character)}; POS=NN.,AI-assisted candidate metadata; verify British pronunciation and teaching relevance.,ai_assisted_draft,"British IPA, CMUdict and MorphoLex candidate enrichment",https://github.com/open-dict-data/ipa-dict; https://github.com/cmusphinx/cmudict; https://github.com/hugomailhot/MorphoLex-en,mixed open licences; see teaching_content_sources.csv,Automated candidate enrichment only; not approved teaching truth.,high,approved_for_first_exposure
october_en_gb,3,/ɒkˈtəʊbə/,,unstressed-primary-unstressed,TRUE,{(october)},MorphoLex-en exact candidate: {(october)}; POS=NN.,AI-assisted candidate metadata; verify British pronunciation and teaching relevance.,ai_assisted_draft,"British IPA, CMUdict and MorphoLex candidate enrichment",https://github.com/open-dict-data/ipa-dict; https://github.com/cmusphinx/cmudict; https://github.com/hugomailhot/MorphoLex-en,mixed open licences; see teaching_content_sources.csv,Automated candidate enrichment only; not approved teaching truth.,high,approved_for_first_exposure
led_en_gb,1,/lˈɛd/,,primary,FALSE,{(led)},MorphoLex-en exact candidate: {(led)}; POS=VB.,AI-assisted candidate metadata; verify British pronunciation and teaching relevance.,ai_assisted_draft,"British IPA, CMUdict and MorphoLex candidate enrichment",https://github.com/open-dict-data/ipa-dict; https://github.com/cmusphinx/cmudict; https://github.com/hugomailhot/MorphoLex-en,mixed open licences; see teaching_content_sources.csv,Automated candidate enrichment only; not approved teaching truth.,high,approved_for_first_exposure
oil_en_gb,1,/ˈɔɪl/,,primary,FALSE,{(oil)},MorphoLex-en exact candidate: {(oil)}; POS=NN.,AI-assisted candidate metadata; verify British pronunciation and teaching relevance.,ai_assisted_draft,"British IPA, CMUdict and MorphoLex candidate enrichment",https://github.com/open-dict-data/ipa-dict; https://github.com/cmusphinx/cmudict; https://github.com/hugomailhot/MorphoLex-en,mixed open licences; see teaching_content_sources.csv,Automated candidate enrichment only; not approved teaching truth.,high,approved_for_first_exposure
august_en_gb,2,/ˈɔːɡəst/,,primary-unstressed,TRUE,{(august)},MorphoLex-en exact candidate: {(august)}; POS=NN.,AI-assisted candidate metadata; verify British pronunciation and teaching relevance.,ai_assisted_draft,"British IPA, CMUdict and MorphoLex candidate enrichment",https://github.com/open-dict-data/ipa-dict; https://github.com/cmusphinx/cmudict; https://github.com/hugomailhot/MorphoLex-en,mixed open licences; see teaching_content_sources.csv,Automated candidate enrichment only; not approved teaching truth.,high,approved_for_first_exposure
november_en_gb,3,/nəʊˈvembə/,,unstressed-primary-unstressed,TRUE,{(november)},MorphoLex-en exact candidate: {(november)}; POS=NN.,AI-assisted candidate metadata; verify British pronunciation and teaching relevance.,ai_assisted_draft,"British IPA, CMUdict and MorphoLex candidate enrichment",https://github.com/open-dict-data/ipa-dict; https://github.com/cmusphinx/cmudict; https://github.com/hugomailhot/MorphoLex-en,mixed open licences; see teaching_content_sources.csv,Automated candidate enrichment only; not approved teaching truth.,high,approved_for_first_exposure
serious_en_gb,3,/sˈiəɹɪəs/,,primary-unstressed-unstressed,TRUE,{(serious)},MorphoLex-en exact candidate: {(serious)}; POS=JJ|NN.,AI-assisted candidate metadata; verify British pronunciation and teaching relevance.,ai_assisted_draft,"British IPA, CMUdict and MorphoLex candidate enrichment",https://github.com/open-dict-data/ipa-dict; https://github.com/cmusphinx/cmudict; https://github.com/hugomailhot/MorphoLex-en,mixed open licences; see teaching_content_sources.csv,Automated candidate enrichment only; not approved teaching truth.,high,approved_for_first_exposure
co_own_en_gb,2,/ˌkəʊˈəʊn/,,secondary-primary,FALSE,,No exact MorphoLex-en row; human morphology review required.,AI-assisted candidate metadata; verify British pronunciation and teaching relevance.,internal_authored,Katie Sanderson reviewed pronunciation supplement,/private/tmp/scarlett-pr10-canonical-readiness.00pmR8/docs/implementation/seed-data/teaching-dictionary/candidates/2026-07-22-next-1000-word-batch/review/reviewed-pronunciation-supplements.json,internal,"British IPA supplied by the content owner in the PR #10 import review. Syllable, stress and schwa fields are the structured representation of the supplied IPA.",high,approved_for_first_exposure
language_en_gb,2,/lˈæŋɡwɪdʒ/,,primary-unstressed,TRUE,{(language)},MorphoLex-en exact candidate: {(language)}; POS=NN.,AI-assisted candidate metadata; verify British pronunciation and teaching relevance.,ai_assisted_draft,"British IPA, CMUdict and MorphoLex candidate enrichment",https://github.com/open-dict-data/ipa-dict; https://github.com/cmusphinx/cmudict; https://github.com/hugomailhot/MorphoLex-en,mixed open licences; see teaching_content_sources.csv,Automated candidate enrichment only; not approved teaching truth.,high,approved_for_first_exposure
situation_en_gb,4,/sˌɪtʃuːˈeɪʃən/,,secondary-unstressed-primary-unstressed,TRUE,{(situate)}>ion>,MorphoLex-en exact candidate: {(situate)}>ion>; POS=NN.,AI-assisted candidate metadata; verify British pronunciation and teaching relevance.,ai_assisted_draft,"British IPA, CMUdict and MorphoLex candidate enrichment",https://github.com/open-dict-data/ipa-dict; https://github.com/cmusphinx/cmudict; https://github.com/hugomailhot/MorphoLex-en,mixed open licences; see teaching_content_sources.csv,Automated candidate enrichment only; not approved teaching truth.,high,approved_for_first_exposure
technology_en_gb,4,/tɛknˈɒlədʒi/,,unstressed-primary-unstressed-unstressed,TRUE,{(tech)(log)>y>},MorphoLex-en exact candidate: {(tech)(log)>y>}; POS=NN.,AI-assisted candidate metadata; verify British pronunciation and teaching relevance.,ai_assisted_draft,"British IPA, CMUdict and MorphoLex candidate enrichment",https://github.com/open-dict-data/ipa-dict; https://github.com/cmusphinx/cmudict; https://github.com/hugomailhot/MorphoLex-en,mixed open licences; see teaching_content_sources.csv,Automated candidate enrichment only; not approved teaching truth.,high,approved_for_first_exposure
born_en_gb,1,/bˈɔːn/,,primary,FALSE,{(born)},MorphoLex-en exact candidate: {(born)}; POS=VB|JJ.,AI-assisted candidate metadata; verify British pronunciation and teaching relevance.,ai_assisted_draft,"British IPA, CMUdict and MorphoLex candidate enrichment",https://github.com/open-dict-data/ipa-dict; https://github.com/cmusphinx/cmudict; https://github.com/hugomailhot/MorphoLex-en,mixed open licences; see teaching_content_sources.csv,Automated candidate enrichment only; not approved teaching truth.,high,approved_for_first_exposure
poor_en_gb,1,/pˈɔː/,,primary,FALSE,{(poor)},MorphoLex-en exact candidate: {(poor)}; POS=JJ.,AI-assisted candidate metadata; verify British pronunciation and teaching relevance.,ai_assisted_draft,"British IPA, CMUdict and MorphoLex candidate enrichment",https://github.com/open-dict-data/ipa-dict; https://github.com/cmusphinx/cmudict; https://github.com/hugomailhot/MorphoLex-en,mixed open licences; see teaching_content_sources.csv,Automated candidate enrichment only; not approved teaching truth.,high,approved_for_first_exposure
january_en_gb,4,/ˈdʒænjuəri/,,primary-unstressed-secondary-unstressed,FALSE,{(january)},MorphoLex-en exact candidate: {(january)}; POS=NN.,AI-assisted candidate metadata; verify British pronunciation and teaching relevance.,ai_assisted_draft,"British IPA, CMUdict and MorphoLex candidate enrichment",https://github.com/open-dict-data/ipa-dict; https://github.com/cmusphinx/cmudict; https://github.com/hugomailhot/MorphoLex-en,mixed open licences; see teaching_content_sources.csv,Automated candidate enrichment only; not approved teaching truth.,high,approved_for_first_exposure
perhaps_en_gb,2,/pəhˈæps/,,unstressed-primary,TRUE,{(perhaps)},MorphoLex-en exact candidate: {(perhaps)}; POS=RB.,AI-assisted candidate metadata; verify British pronunciation and teaching relevance.,ai_assisted_draft,"British IPA, CMUdict and MorphoLex candidate enrichment",https://github.com/open-dict-data/ipa-dict; https://github.com/cmusphinx/cmudict; https://github.com/hugomailhot/MorphoLex-en,mixed open licences; see teaching_content_sources.csv,Automated candidate enrichment only; not approved teaching truth.,high,approved_for_first_exposure
simply_en_gb,2,/sˈɪmpli/,,primary-unstressed,FALSE,{(simple)}>y>,MorphoLex-en exact candidate: {(simple)}>y>; POS=RB|JJ.,AI-assisted candidate metadata; verify British pronunciation and teaching relevance.,ai_assisted_draft,"British IPA, CMUdict and MorphoLex candidate enrichment",https://github.com/open-dict-data/ipa-dict; https://github.com/cmusphinx/cmudict; https://github.com/hugomailhot/MorphoLex-en,mixed open licences; see teaching_content_sources.csv,Automated candidate enrichment only; not approved teaching truth.,high,approved_for_first_exposure
increase_en_gb,2,/ɪnˈkriːs/,,secondary-primary,FALSE,{<in<(crease)},MorphoLex-en exact candidate: {<in<(crease)}; POS=NN.,AI-assisted candidate metadata; verify British pronunciation and teaching relevance.,ai_assisted_draft,"British IPA, CMUdict and MorphoLex candidate enrichment",https://github.com/open-dict-data/ipa-dict; https://github.com/cmusphinx/cmudict; https://github.com/hugomailhot/MorphoLex-en,mixed open licences; see teaching_content_sources.csv,Automated candidate enrichment only; not approved teaching truth.,high,approved_for_first_exposure
financial_en_gb,3,/faɪnˈænʃəl/,,unstressed-primary-unstressed,TRUE,{(finance)}>al>,MorphoLex-en exact candidate: {(finance)}>al>; POS=JJ.,AI-assisted candidate metadata; verify British pronunciation and teaching relevance.,ai_assisted_draft,"British IPA, CMUdict and MorphoLex candidate enrichment",https://github.com/open-dict-data/ipa-dict; https://github.com/cmusphinx/cmudict; https://github.com/hugomailhot/MorphoLex-en,mixed open licences; see teaching_content_sources.csv,Automated candidate enrichment only; not approved teaching truth.,high,approved_for_first_exposure
hair_en_gb,1,/hˈeə/,,primary,FALSE,{(hair)},MorphoLex-en exact candidate: {(hair)}; POS=NN.,AI-assisted candidate metadata; verify British pronunciation and teaching relevance.,ai_assisted_draft,"British IPA, CMUdict and MorphoLex candidate enrichment",https://github.com/open-dict-data/ipa-dict; https://github.com/cmusphinx/cmudict; https://github.com/hugomailhot/MorphoLex-en,mixed open licences; see teaching_content_sources.csv,Automated candidate enrichment only; not approved teaching truth.,high,approved_for_first_exposure
door_en_gb,1,/dˈɔː/,,primary,FALSE,{(door)},MorphoLex-en exact candidate: {(door)}; POS=NN.,AI-assisted candidate metadata; verify British pronunciation and teaching relevance.,ai_assisted_draft,"British IPA, CMUdict and MorphoLex candidate enrichment",https://github.com/open-dict-data/ipa-dict; https://github.com/cmusphinx/cmudict; https://github.com/hugomailhot/MorphoLex-en,mixed open licences; see teaching_content_sources.csv,Automated candidate enrichment only; not approved teaching truth.,high,approved_for_first_exposure
race_en_gb,1,/ɹˈeɪs/,,primary,FALSE,{(race)},MorphoLex-en exact candidate: {(race)}; POS=NN|VB.,AI-assisted candidate metadata; verify British pronunciation and teaching relevance.,ai_assisted_draft,"British IPA, CMUdict and MorphoLex candidate enrichment",https://github.com/open-dict-data/ipa-dict; https://github.com/cmusphinx/cmudict; https://github.com/hugomailhot/MorphoLex-en,mixed open licences; see teaching_content_sources.csv,Automated candidate enrichment only; not approved teaching truth.,high,approved_for_first_exposure
continue_en_gb,3,/kəntˈɪnjuː/,,unstressed-primary-unstressed,TRUE,{(continue)},MorphoLex-en exact candidate: {(continue)}; POS=VB.,AI-assisted candidate metadata; verify British pronunciation and teaching relevance.,ai_assisted_draft,"British IPA, CMUdict and MorphoLex candidate enrichment",https://github.com/open-dict-data/ipa-dict; https://github.com/cmusphinx/cmudict; https://github.com/hugomailhot/MorphoLex-en,mixed open licences; see teaching_content_sources.csv,Automated candidate enrichment only; not approved teaching truth.,high,approved_for_first_exposure
legal_en_gb,2,/lˈiːɡəl/,,primary-unstressed,TRUE,{(legal)},MorphoLex-en exact candidate: {(legal)}; POS=JJ|NN.,AI-assisted candidate metadata; verify British pronunciation and teaching relevance.,ai_assisted_draft,"British IPA, CMUdict and MorphoLex candidate enrichment",https://github.com/open-dict-data/ipa-dict; https://github.com/cmusphinx/cmudict; https://github.com/hugomailhot/MorphoLex-en,mixed open licences; see teaching_content_sources.csv,Automated candidate enrichment only; not approved teaching truth.,high,approved_for_first_exposure
foreign_en_gb,2,/fˈɒɹən/,,primary-unstressed,TRUE,{(foreign)},MorphoLex-en exact candidate: {(foreign)}; POS=JJ.,AI-assisted candidate metadata; verify British pronunciation and teaching relevance.,ai_assisted_draft,"British IPA, CMUdict and MorphoLex candidate enrichment",https://github.com/open-dict-data/ipa-dict; https://github.com/cmusphinx/cmudict; https://github.com/hugomailhot/MorphoLex-en,mixed open licences; see teaching_content_sources.csv,Automated candidate enrichment only; not approved teaching truth.,high,approved_for_first_exposure
safe_en_gb,1,/sˈeɪf/,,primary,FALSE,{(safe)},MorphoLex-en exact candidate: {(safe)}; POS=JJ|NN.,AI-assisted candidate metadata; verify British pronunciation and teaching relevance.,ai_assisted_draft,"British IPA, CMUdict and MorphoLex candidate enrichment",https://github.com/open-dict-data/ipa-dict; https://github.com/cmusphinx/cmudict; https://github.com/hugomailhot/MorphoLex-en,mixed open licences; see teaching_content_sources.csv,Automated candidate enrichment only; not approved teaching truth.,high,approved_for_first_exposure
hospital_en_gb,3,/hˈɒspɪtəl/,,primary-secondary-unstressed,TRUE,{(hospital)},MorphoLex-en exact candidate: {(hospital)}; POS=NN.,AI-assisted candidate metadata; verify British pronunciation and teaching relevance.,ai_assisted_draft,"British IPA, CMUdict and MorphoLex candidate enrichment",https://github.com/open-dict-data/ipa-dict; https://github.com/cmusphinx/cmudict; https://github.com/hugomailhot/MorphoLex-en,mixed open licences; see teaching_content_sources.csv,Automated candidate enrichment only; not approved teaching truth.,high,approved_for_first_exposure
december_en_gb,3,/dɪˈsembə/,,unstressed-primary-unstressed,TRUE,{(december)},MorphoLex-en exact candidate: {(december)}; POS=NN.,AI-assisted candidate metadata; verify British pronunciation and teaching relevance.,ai_assisted_draft,"British IPA, CMUdict and MorphoLex candidate enrichment",https://github.com/open-dict-data/ipa-dict; https://github.com/cmusphinx/cmudict; https://github.com/hugomailhot/MorphoLex-en,mixed open licences; see teaching_content_sources.csv,Automated candidate enrichment only; not approved teaching truth.,high,approved_for_first_exposure
difficult_en_gb,3,/dˈɪfɪkəlt/,,primary-unstressed-unstressed,TRUE,{(difficult)},MorphoLex-en exact candidate: {(difficult)}; POS=JJ|NN.,AI-assisted candidate metadata; verify British pronunciation and teaching relevance.,ai_assisted_draft,"British IPA, CMUdict and MorphoLex candidate enrichment",https://github.com/open-dict-data/ipa-dict; https://github.com/cmusphinx/cmudict; https://github.com/hugomailhot/MorphoLex-en,mixed open licences; see teaching_content_sources.csv,Automated candidate enrichment only; not approved teaching truth.,high,approved_for_first_exposure
practice_en_gb,2,/pɹˈæktɪs/,,primary-unstressed,TRUE,{(pract)>ice>},MorphoLex-en exact candidate: {(pract)>ice>}; POS=NN|VB.,AI-assisted candidate metadata; verify British pronunciation and teaching relevance.,ai_assisted_draft,"British IPA, CMUdict and MorphoLex candidate enrichment",https://github.com/open-dict-data/ipa-dict; https://github.com/cmusphinx/cmudict; https://github.com/hugomailhot/MorphoLex-en,mixed open licences; see teaching_content_sources.csv,Automated candidate enrichment only; not approved teaching truth.,high,approved_for_first_exposure
goal_en_gb,1,/ɡˈəʊl/,,primary,FALSE,{(goal)},MorphoLex-en exact candidate: {(goal)}; POS=NN.,AI-assisted candidate metadata; verify British pronunciation and teaching relevance.,ai_assisted_draft,"British IPA, CMUdict and MorphoLex candidate enrichment",https://github.com/open-dict-data/ipa-dict; https://github.com/cmusphinx/cmudict; https://github.com/hugomailhot/MorphoLex-en,mixed open licences; see teaching_content_sources.csv,Automated candidate enrichment only; not approved teaching truth.,high,approved_for_first_exposure
sir_en_gb,1,/sˈɜː/,,primary,FALSE,{(sir)},MorphoLex-en exact candidate: {(sir)}; POS=NN|minor.,AI-assisted candidate metadata; verify British pronunciation and teaching relevance.,ai_assisted_draft,"British IPA, CMUdict and MorphoLex candidate enrichment",https://github.com/open-dict-data/ipa-dict; https://github.com/cmusphinx/cmudict; https://github.com/hugomailhot/MorphoLex-en,mixed open licences; see teaching_content_sources.csv,Automated candidate enrichment only; not approved teaching truth.,high,approved_for_first_exposure
forget_en_gb,2,/fəɡˈɛt/,,unstressed-primary,TRUE,{(forget)},MorphoLex-en exact candidate: {(forget)}; POS=VB.,AI-assisted candidate metadata; verify British pronunciation and teaching relevance.,ai_assisted_draft,"British IPA, CMUdict and MorphoLex candidate enrichment",https://github.com/open-dict-data/ipa-dict; https://github.com/cmusphinx/cmudict; https://github.com/hugomailhot/MorphoLex-en,mixed open licences; see teaching_content_sources.csv,Automated candidate enrichment only; not approved teaching truth.,high,approved_for_first_exposure
listen_en_gb,2,/lˈɪsən/,,primary-unstressed,TRUE,{(listen)},MorphoLex-en exact candidate: {(listen)}; POS=VB|NN.,AI-assisted candidate metadata; verify British pronunciation and teaching relevance.,ai_assisted_draft,"British IPA, CMUdict and MorphoLex candidate enrichment",https://github.com/open-dict-data/ipa-dict; https://github.com/cmusphinx/cmudict; https://github.com/hugomailhot/MorphoLex-en,mixed open licences; see teaching_content_sources.csv,Automated candidate enrichment only; not approved teaching truth.,high,approved_for_first_exposure
aren_t_en_gb,2,/ɑːnt/,,primary-unstressed,TRUE,{(are)},MorphoLex-en exact candidate: {(are)}; POS=encl.,AI-assisted candidate metadata; verify British pronunciation and teaching relevance.,ai_assisted_draft,"British IPA, CMUdict and MorphoLex candidate enrichment",https://github.com/open-dict-data/ipa-dict; https://github.com/cmusphinx/cmudict; https://github.com/hugomailhot/MorphoLex-en,mixed open licences; see teaching_content_sources.csv,Automated candidate enrichment only; not approved teaching truth.,high,approved_for_first_exposure
pass_en_gb,1,/pˈɑːs/,,primary,FALSE,{(pass)},MorphoLex-en exact candidate: {(pass)}; POS=VB|NN.,AI-assisted candidate metadata; verify British pronunciation and teaching relevance.,ai_assisted_draft,"British IPA, CMUdict and MorphoLex candidate enrichment",https://github.com/open-dict-data/ipa-dict; https://github.com/cmusphinx/cmudict; https://github.com/hugomailhot/MorphoLex-en,mixed open licences; see teaching_content_sources.csv,Automated candidate enrichment only; not approved teaching truth.,high,approved_for_first_exposure
offer_en_gb,2,/ˈɒfɐ/,,primary-unstressed,TRUE,{(offer)},MorphoLex-en exact candidate: {(offer)}; POS=NN|VB.,AI-assisted candidate metadata; verify British pronunciation and teaching relevance.,ai_assisted_draft,"British IPA, CMUdict and MorphoLex candidate enrichment",https://github.com/open-dict-data/ipa-dict; https://github.com/cmusphinx/cmudict; https://github.com/hugomailhot/MorphoLex-en,mixed open licences; see teaching_content_sources.csv,Automated candidate enrichment only; not approved teaching truth.,high,approved_for_first_exposure
ball_en_gb,1,/bˈɔːl/,,primary,FALSE,{(ball)},MorphoLex-en exact candidate: {(ball)}; POS=NN.,AI-assisted candidate metadata; verify British pronunciation and teaching relevance.,ai_assisted_draft,"British IPA, CMUdict and MorphoLex candidate enrichment",https://github.com/open-dict-data/ipa-dict; https://github.com/cmusphinx/cmudict; https://github.com/hugomailhot/MorphoLex-en,mixed open licences; see teaching_content_sources.csv,Automated candidate enrichment only; not approved teaching truth.,high,approved_for_first_exposure
note_en_gb,1,/nˈəʊt/,,primary,FALSE,{(note)},MorphoLex-en exact candidate: {(note)}; POS=NN|VB.,AI-assisted candidate metadata; verify British pronunciation and teaching relevance.,ai_assisted_draft,"British IPA, CMUdict and MorphoLex candidate enrichment",https://github.com/open-dict-data/ipa-dict; https://github.com/cmusphinx/cmudict; https://github.com/hugomailhot/MorphoLex-en,mixed open licences; see teaching_content_sources.csv,Automated candidate enrichment only; not approved teaching truth.,high,approved_for_first_exposure
wall_en_gb,1,/wˈɔːl/,,primary,FALSE,{(wall)},MorphoLex-en exact candidate: {(wall)}; POS=NN|VB.,AI-assisted candidate metadata; verify British pronunciation and teaching relevance.,ai_assisted_draft,"British IPA, CMUdict and MorphoLex candidate enrichment",https://github.com/open-dict-data/ipa-dict; https://github.com/cmusphinx/cmudict; https://github.com/hugomailhot/MorphoLex-en,mixed open licences; see teaching_content_sources.csv,Automated candidate enrichment only; not approved teaching truth.,high,approved_for_first_exposure
we_ve_en_gb,1,/wiːv/,,primary,FALSE,{(we)},MorphoLex-en exact candidate: {(we)}; POS=encl.,AI-assisted candidate metadata; verify British pronunciation and teaching relevance.,ai_assisted_draft,"British IPA, CMUdict and MorphoLex candidate enrichment",https://github.com/open-dict-data/ipa-dict; https://github.com/cmusphinx/cmudict; https://github.com/hugomailhot/MorphoLex-en,mixed open licences; see teaching_content_sources.csv,Automated candidate enrichment only; not approved teaching truth.,high,approved_for_first_exposure
wrote_en_gb,1,/ɹˈəʊt/,,primary,FALSE,{(wrote)},MorphoLex-en exact candidate: {(wrote)}; POS=VB.,AI-assisted candidate metadata; verify British pronunciation and teaching relevance.,ai_assisted_draft,"British IPA, CMUdict and MorphoLex candidate enrichment",https://github.com/open-dict-data/ipa-dict; https://github.com/cmusphinx/cmudict; https://github.com/hugomailhot/MorphoLex-en,mixed open licences; see teaching_content_sources.csv,Automated candidate enrichment only; not approved teaching truth.,high,approved_for_first_exposure
visit_en_gb,2,/vˈɪzɪt/,,primary-unstressed,FALSE,{(visit)},MorphoLex-en exact candidate: {(visit)}; POS=NN|VB.,AI-assisted candidate metadata; verify British pronunciation and teaching relevance.,ai_assisted_draft,"British IPA, CMUdict and MorphoLex candidate enrichment",https://github.com/open-dict-data/ipa-dict; https://github.com/cmusphinx/cmudict; https://github.com/hugomailhot/MorphoLex-en,mixed open licences; see teaching_content_sources.csv,Automated candidate enrichment only; not approved teaching truth.,high,approved_for_first_exposure
recent_en_gb,2,/ɹˈiːsənt/,,primary-unstressed,TRUE,{(recent)},MorphoLex-en exact candidate: {(recent)}; POS=JJ.,AI-assisted candidate metadata; verify British pronunciation and teaching relevance.,ai_assisted_draft,"British IPA, CMUdict and MorphoLex candidate enrichment",https://github.com/open-dict-data/ipa-dict; https://github.com/cmusphinx/cmudict; https://github.com/hugomailhot/MorphoLex-en,mixed open licences; see teaching_content_sources.csv,Automated candidate enrichment only; not approved teaching truth.,high,approved_for_first_exposure
straight_en_gb,1,/stɹˈeɪt/,,primary,FALSE,{(straight)},MorphoLex-en exact candidate: {(straight)}; POS=JJ|NN.,AI-assisted candidate metadata; verify British pronunciation and teaching relevance.,ai_assisted_draft,"British IPA, CMUdict and MorphoLex candidate enrichment",https://github.com/open-dict-data/ipa-dict; https://github.com/cmusphinx/cmudict; https://github.com/hugomailhot/MorphoLex-en,mixed open licences; see teaching_content_sources.csv,Automated candidate enrichment only; not approved teaching truth.,high,approved_for_first_exposure
boys_en_gb,1,/bˈɔɪz/,,primary,FALSE,{(boy)},MorphoLex-en exact candidate: {(boy)}; POS=NN.,AI-assisted candidate metadata; verify British pronunciation and teaching relevance.,ai_assisted_draft,"British IPA, CMUdict and MorphoLex candidate enrichment",https://github.com/open-dict-data/ipa-dict; https://github.com/cmusphinx/cmudict; https://github.com/hugomailhot/MorphoLex-en,mixed open licences; see teaching_content_sources.csv,Automated candidate enrichment only; not approved teaching truth.,high,approved_for_first_exposure
pain_en_gb,1,/pˈeɪn/,,primary,FALSE,{(pain)},MorphoLex-en exact candidate: {(pain)}; POS=NN|VB.,AI-assisted candidate metadata; verify British pronunciation and teaching relevance.,ai_assisted_draft,"British IPA, CMUdict and MorphoLex candidate enrichment",https://github.com/open-dict-data/ipa-dict; https://github.com/cmusphinx/cmudict; https://github.com/hugomailhot/MorphoLex-en,mixed open licences; see teaching_content_sources.csv,Automated candidate enrichment only; not approved teaching truth.,high,approved_for_first_exposure
married_en_gb,2,/mˈæɹɪd/,,primary-unstressed,FALSE,{(marry)},MorphoLex-en exact candidate: {(marry)}; POS=VB|JJ.,AI-assisted candidate metadata; verify British pronunciation and teaching relevance.,ai_assisted_draft,"British IPA, CMUdict and MorphoLex candidate enrichment",https://github.com/open-dict-data/ipa-dict; https://github.com/cmusphinx/cmudict; https://github.com/hugomailhot/MorphoLex-en,mixed open licences; see teaching_content_sources.csv,Automated candidate enrichment only; not approved teaching truth.,high,approved_for_first_exposure
culture_en_gb,2,/kˈʌltʃɐ/,,primary-unstressed,TRUE,{(culture)},MorphoLex-en exact candidate: {(culture)}; POS=NN.,AI-assisted candidate metadata; verify British pronunciation and teaching relevance.,ai_assisted_draft,"British IPA, CMUdict and MorphoLex candidate enrichment",https://github.com/open-dict-data/ipa-dict; https://github.com/cmusphinx/cmudict; https://github.com/hugomailhot/MorphoLex-en,mixed open licences; see teaching_content_sources.csv,Automated candidate enrichment only; not approved teaching truth.,high,approved_for_first_exposure
february_en_gb,4,/ˈfebruəri/,,primary-unstressed-secondary-unstressed,TRUE,{(february)},MorphoLex-en exact candidate: {(february)}; POS=NN.,AI-assisted candidate metadata; verify British pronunciation and teaching relevance.,ai_assisted_draft,"British IPA, CMUdict and MorphoLex candidate enrichment",https://github.com/open-dict-data/ipa-dict; https://github.com/cmusphinx/cmudict; https://github.com/hugomailhot/MorphoLex-en,mixed open licences; see teaching_content_sources.csv,Automated candidate enrichment only; not approved teaching truth.,high,approved_for_first_exposure
effect_en_gb,2,/ɪfˈɛkt/,,unstressed-primary,FALSE,{<e<(fect)},MorphoLex-en exact candidate: {<e<(fect)}; POS=NN|VB.,AI-assisted candidate metadata; verify British pronunciation and teaching relevance.,ai_assisted_draft,"British IPA, CMUdict and MorphoLex candidate enrichment",https://github.com/open-dict-data/ipa-dict; https://github.com/cmusphinx/cmudict; https://github.com/hugomailhot/MorphoLex-en,mixed open licences; see teaching_content_sources.csv,Automated candidate enrichment only; not approved teaching truth.,high,approved_for_first_exposure
except_en_gb,2,/ɛksˈɛpt/,,unstressed-primary,FALSE,{<ex<(cept)},MorphoLex-en exact candidate: {<ex<(cept)}; POS=minor|VB.,AI-assisted candidate metadata; verify British pronunciation and teaching relevance.,ai_assisted_draft,"British IPA, CMUdict and MorphoLex candidate enrichment",https://github.com/open-dict-data/ipa-dict; https://github.com/cmusphinx/cmudict; https://github.com/hugomailhot/MorphoLex-en,mixed open licences; see teaching_content_sources.csv,Automated candidate enrichment only; not approved teaching truth.,high,approved_for_first_exposure
charge_en_gb,1,/tʃɑːdʒ/,,primary,FALSE,{(charge)},MorphoLex-en exact candidate: {(charge)}; POS=NN|VB.,AI-assisted candidate metadata; verify British pronunciation and teaching relevance.,ai_assisted_draft,"British IPA, CMUdict and MorphoLex candidate enrichment",https://github.com/open-dict-data/ipa-dict; https://github.com/cmusphinx/cmudict; https://github.com/hugomailhot/MorphoLex-en,mixed open licences; see teaching_content_sources.csv,Automated candidate enrichment only; not approved teaching truth.,high,approved_for_first_exposure
limited_en_gb,3,/lˈɪmɪtɪd/,,primary-unstressed-unstressed,TRUE,{(limit)},MorphoLex-en exact candidate: {(limit)}; POS=JJ|VB.,AI-assisted candidate metadata; verify British pronunciation and teaching relevance.,ai_assisted_draft,"British IPA, CMUdict and MorphoLex candidate enrichment",https://github.com/open-dict-data/ipa-dict; https://github.com/cmusphinx/cmudict; https://github.com/hugomailhot/MorphoLex-en,mixed open licences; see teaching_content_sources.csv,Automated candidate enrichment only; not approved teaching truth.,high,approved_for_first_exposure
century_en_gb,3,/sˈɛntʃəɹi/,,primary-unstressed-unstressed,TRUE,{(century)},MorphoLex-en exact candidate: {(century)}; POS=NN.,AI-assisted candidate metadata; verify British pronunciation and teaching relevance.,ai_assisted_draft,"British IPA, CMUdict and MorphoLex candidate enrichment",https://github.com/open-dict-data/ipa-dict; https://github.com/cmusphinx/cmudict; https://github.com/hugomailhot/MorphoLex-en,mixed open licences; see teaching_content_sources.csv,Automated candidate enrichment only; not approved teaching truth.,high,approved_for_first_exposure
addition_en_gb,3,/ɐdˈɪʃən/,,unstressed-primary-unstressed,TRUE,{(add)}>ion>,MorphoLex-en exact candidate: {(add)}>ion>; POS=NN.,AI-assisted candidate metadata; verify British pronunciation and teaching relevance.,ai_assisted_draft,"British IPA, CMUdict and MorphoLex candidate enrichment",https://github.com/open-dict-data/ipa-dict; https://github.com/cmusphinx/cmudict; https://github.com/hugomailhot/MorphoLex-en,mixed open licences; see teaching_content_sources.csv,Automated candidate enrichment only; not approved teaching truth.,high,approved_for_first_exposure
capital_en_gb,3,/kˈæpɪtəl/,,primary-unstressed-unstressed,TRUE,{(capit)>al>},MorphoLex-en exact candidate: {(capit)>al>}; POS=NN.,AI-assisted candidate metadata; verify British pronunciation and teaching relevance.,ai_assisted_draft,"British IPA, CMUdict and MorphoLex candidate enrichment",https://github.com/open-dict-data/ipa-dict; https://github.com/cmusphinx/cmudict; https://github.com/hugomailhot/MorphoLex-en,mixed open licences; see teaching_content_sources.csv,Automated candidate enrichment only; not approved teaching truth.,high,approved_for_first_exposure
population_en_gb,4,/pˌɒpjʊlˈeɪʃən/,,secondary-unstressed-primary-unstressed,TRUE,{(popul)>ate>}>ion>,MorphoLex-en exact candidate: {(popul)>ate>}>ion>; POS=NN.,AI-assisted candidate metadata; verify British pronunciation and teaching relevance.,ai_assisted_draft,"British IPA, CMUdict and MorphoLex candidate enrichment",https://github.com/open-dict-data/ipa-dict; https://github.com/cmusphinx/cmudict; https://github.com/hugomailhot/MorphoLex-en,mixed open licences; see teaching_content_sources.csv,Automated candidate enrichment only; not approved teaching truth.,high,approved_for_first_exposure
pressure_en_gb,2,/pɹˈɛʃɐ/,,primary-unstressed,TRUE,{(press)>ure>},MorphoLex-en exact candidate: {(press)>ure>}; POS=NN|VB.,AI-assisted candidate metadata; verify British pronunciation and teaching relevance.,ai_assisted_draft,"British IPA, CMUdict and MorphoLex candidate enrichment",https://github.com/open-dict-data/ipa-dict; https://github.com/cmusphinx/cmudict; https://github.com/hugomailhot/MorphoLex-en,mixed open licences; see teaching_content_sources.csv,Automated candidate enrichment only; not approved teaching truth.,high,approved_for_first_exposure
conference_en_gb,3,/kˈɒnfɹəns/,,primary-unstressed-unstressed,TRUE,{(confer)}>ance>,MorphoLex-en exact candidate: {(confer)}>ance>; POS=NN.,AI-assisted candidate metadata; verify British pronunciation and teaching relevance.,ai_assisted_draft,"British IPA, CMUdict and MorphoLex candidate enrichment",https://github.com/open-dict-data/ipa-dict; https://github.com/cmusphinx/cmudict; https://github.com/hugomailhot/MorphoLex-en,mixed open licences; see teaching_content_sources.csv,Automated candidate enrichment only; not approved teaching truth.,high,approved_for_first_exposure
difference_en_gb,3,/dˈɪfɹəns/,,primary-unstressed-unstressed,TRUE,{(differ)}>ance>,MorphoLex-en exact candidate: {(differ)}>ance>; POS=NN.,AI-assisted candidate metadata; verify British pronunciation and teaching relevance.,ai_assisted_draft,"British IPA, CMUdict and MorphoLex candidate enrichment",https://github.com/open-dict-data/ipa-dict; https://github.com/cmusphinx/cmudict; https://github.com/hugomailhot/MorphoLex-en,mixed open licences; see teaching_content_sources.csv,Automated candidate enrichment only; not approved teaching truth.,high,approved_for_first_exposure
committee_en_gb,3,/kəˈmɪti/,,unstressed-primary-unstressed,TRUE,{<co<(mitt)>ee>},MorphoLex-en exact candidate: {<co<(mitt)>ee>}; POS=NN.,AI-assisted candidate metadata; verify British pronunciation and teaching relevance.,ai_assisted_draft,"British IPA, CMUdict and MorphoLex candidate enrichment",https://github.com/open-dict-data/ipa-dict; https://github.com/cmusphinx/cmudict; https://github.com/hugomailhot/MorphoLex-en,mixed open licences; see teaching_content_sources.csv,Automated candidate enrichment only; not approved teaching truth.,high,approved_for_first_exposure
double_en_gb,2,/dˈʌbəl/,,primary-unstressed,TRUE,{(double)},MorphoLex-en exact candidate: {(double)}; POS=JJ|VB|NN|RB.,AI-assisted candidate metadata; verify British pronunciation and teaching relevance.,ai_assisted_draft,"British IPA, CMUdict and MorphoLex candidate enrichment",https://github.com/open-dict-data/ipa-dict; https://github.com/cmusphinx/cmudict; https://github.com/hugomailhot/MorphoLex-en,mixed open licences; see teaching_content_sources.csv,Automated candidate enrichment only; not approved teaching truth.,high,approved_for_first_exposure
island_en_gb,2,/ˈaɪlənd/,,primary-unstressed,TRUE,{(island)},MorphoLex-en exact candidate: {(island)}; POS=NN.,AI-assisted candidate metadata; verify British pronunciation and teaching relevance.,ai_assisted_draft,"British IPA, CMUdict and MorphoLex candidate enrichment",https://github.com/open-dict-data/ipa-dict; https://github.com/cmusphinx/cmudict; https://github.com/hugomailhot/MorphoLex-en,mixed open licences; see teaching_content_sources.csv,Automated candidate enrichment only; not approved teaching truth.,high,approved_for_first_exposure
expect_en_gb,2,/ɛkspˈɛkt/,,unstressed-primary,FALSE,{(expect)},MorphoLex-en exact candidate: {(expect)}; POS=VB.,AI-assisted candidate metadata; verify British pronunciation and teaching relevance.,ai_assisted_draft,"British IPA, CMUdict and MorphoLex candidate enrichment",https://github.com/open-dict-data/ipa-dict; https://github.com/cmusphinx/cmudict; https://github.com/hugomailhot/MorphoLex-en,mixed open licences; see teaching_content_sources.csv,Automated candidate enrichment only; not approved teaching truth.,high,approved_for_first_exposure
ice_en_gb,1,/ˈaɪs/,,primary,FALSE,{(ice)},MorphoLex-en exact candidate: {(ice)}; POS=NN|VB.,AI-assisted candidate metadata; verify British pronunciation and teaching relevance.,ai_assisted_draft,"British IPA, CMUdict and MorphoLex candidate enrichment",https://github.com/open-dict-data/ipa-dict; https://github.com/cmusphinx/cmudict; https://github.com/hugomailhot/MorphoLex-en,mixed open licences; see teaching_content_sources.csv,Automated candidate enrichment only; not approved teaching truth.,high,approved_for_first_exposure
nearly_en_gb,2,/nˈiəli/,,primary-unstressed,FALSE,{(near)}>ly>,MorphoLex-en exact candidate: {(near)}>ly>; POS=RB.,AI-assisted candidate metadata; verify British pronunciation and teaching relevance.,ai_assisted_draft,"British IPA, CMUdict and MorphoLex candidate enrichment",https://github.com/open-dict-data/ipa-dict; https://github.com/cmusphinx/cmudict; https://github.com/hugomailhot/MorphoLex-en,mixed open licences; see teaching_content_sources.csv,Automated candidate enrichment only; not approved teaching truth.,high,approved_for_first_exposure
section_en_gb,2,/sˈɛkʃən/,,primary-unstressed,TRUE,{(sect)>ion>},MorphoLex-en exact candidate: {(sect)>ion>}; POS=NN|VB.,AI-assisted candidate metadata; verify British pronunciation and teaching relevance.,ai_assisted_draft,"British IPA, CMUdict and MorphoLex candidate enrichment",https://github.com/open-dict-data/ipa-dict; https://github.com/cmusphinx/cmudict; https://github.com/hugomailhot/MorphoLex-en,mixed open licences; see teaching_content_sources.csv,Automated candidate enrichment only; not approved teaching truth.,high,approved_for_first_exposure
completely_en_gb,3,/kəmplˈiːtli/,,unstressed-primary-unstressed,TRUE,{(complete)}>ly>,MorphoLex-en exact candidate: {(complete)}>ly>; POS=RB|JJ.,AI-assisted candidate metadata; verify British pronunciation and teaching relevance.,ai_assisted_draft,"British IPA, CMUdict and MorphoLex candidate enrichment",https://github.com/open-dict-data/ipa-dict; https://github.com/cmusphinx/cmudict; https://github.com/hugomailhot/MorphoLex-en,mixed open licences; see teaching_content_sources.csv,Automated candidate enrichment only; not approved teaching truth.,high,approved_for_first_exposure
particular_en_gb,4,/pətˈɪkjʊlɐ/,,unstressed-primary-unstressed-unstressed,TRUE,{(particle)>ar>},MorphoLex-en exact candidate: {(particle)>ar>}; POS=JJ|NN|RB.,AI-assisted candidate metadata; verify British pronunciation and teaching relevance.,ai_assisted_draft,"British IPA, CMUdict and MorphoLex candidate enrichment",https://github.com/open-dict-data/ipa-dict; https://github.com/cmusphinx/cmudict; https://github.com/hugomailhot/MorphoLex-en,mixed open licences; see teaching_content_sources.csv,Automated candidate enrichment only; not approved teaching truth.,high,approved_for_first_exposure
individual_en_gb,5,/ˌɪndɪvˈɪdʒuːəl/,,secondary-unstressed-primary-unstressed-unstressed,TRUE,{<im<(divide)>al>},MorphoLex-en exact candidate: {<im<(divide)>al>}; POS=JJ|NN.,AI-assisted candidate metadata; verify British pronunciation and teaching relevance.,ai_assisted_draft,"British IPA, CMUdict and MorphoLex candidate enrichment",https://github.com/open-dict-data/ipa-dict; https://github.com/cmusphinx/cmudict; https://github.com/hugomailhot/MorphoLex-en,mixed open licences; see teaching_content_sources.csv,Automated candidate enrichment only; not approved teaching truth.,high,approved_for_first_exposure
join_en_gb,1,/dʒˈɔɪn/,,primary,FALSE,{(join)},MorphoLex-en exact candidate: {(join)}; POS=VB.,AI-assisted candidate metadata; verify British pronunciation and teaching relevance.,ai_assisted_draft,"British IPA, CMUdict and MorphoLex candidate enrichment",https://github.com/open-dict-data/ipa-dict; https://github.com/cmusphinx/cmudict; https://github.com/hugomailhot/MorphoLex-en,mixed open licences; see teaching_content_sources.csv,Automated candidate enrichment only; not approved teaching truth.,high,approved_for_first_exposure
sort_en_gb,1,/sˈɔːt/,,primary,FALSE,{(sort)},MorphoLex-en exact candidate: {(sort)}; POS=NN|VB.,AI-assisted candidate metadata; verify British pronunciation and teaching relevance.,ai_assisted_draft,"British IPA, CMUdict and MorphoLex candidate enrichment",https://github.com/open-dict-data/ipa-dict; https://github.com/cmusphinx/cmudict; https://github.com/hugomailhot/MorphoLex-en,mixed open licences; see teaching_content_sources.csv,Automated candidate enrichment only; not approved teaching truth.,high,approved_for_first_exposure
travel_en_gb,2,/tɹˈævəl/,,primary-unstressed,TRUE,{(travel)},MorphoLex-en exact candidate: {(travel)}; POS=NN|VB.,AI-assisted candidate metadata; verify British pronunciation and teaching relevance.,ai_assisted_draft,"British IPA, CMUdict and MorphoLex candidate enrichment",https://github.com/open-dict-data/ipa-dict; https://github.com/cmusphinx/cmudict; https://github.com/hugomailhot/MorphoLex-en,mixed open licences; see teaching_content_sources.csv,Automated candidate enrichment only; not approved teaching truth.,high,approved_for_first_exposure
beginning_en_gb,3,/bɪɡˈɪnɪŋ/,,unstressed-primary-unstressed,FALSE,{(begin)},MorphoLex-en exact candidate: {(begin)}; POS=VB|NN.,AI-assisted candidate metadata; verify British pronunciation and teaching relevance.,ai_assisted_draft,"British IPA, CMUdict and MorphoLex candidate enrichment",https://github.com/open-dict-data/ipa-dict; https://github.com/cmusphinx/cmudict; https://github.com/hugomailhot/MorphoLex-en,mixed open licences; see teaching_content_sources.csv,Automated candidate enrichment only; not approved teaching truth.,high,approved_for_first_exposure
campaign_en_gb,2,/kæmpˈeɪn/,,unstressed-primary,FALSE,{(campaign)},MorphoLex-en exact candidate: {(campaign)}; POS=NN|VB.,AI-assisted candidate metadata; verify British pronunciation and teaching relevance.,ai_assisted_draft,"British IPA, CMUdict and MorphoLex candidate enrichment",https://github.com/open-dict-data/ipa-dict; https://github.com/cmusphinx/cmudict; https://github.com/hugomailhot/MorphoLex-en,mixed open licences; see teaching_content_sources.csv,Automated candidate enrichment only; not approved teaching truth.,high,approved_for_first_exposure
drop_en_gb,1,/dɹˈɒp/,,primary,FALSE,{(drop)},MorphoLex-en exact candidate: {(drop)}; POS=NN|VB.,AI-assisted candidate metadata; verify British pronunciation and teaching relevance.,ai_assisted_draft,"British IPA, CMUdict and MorphoLex candidate enrichment",https://github.com/open-dict-data/ipa-dict; https://github.com/cmusphinx/cmudict; https://github.com/hugomailhot/MorphoLex-en,mixed open licences; see teaching_content_sources.csv,Automated candidate enrichment only; not approved teaching truth.,high,approved_for_first_exposure
consider_en_gb,3,/kənsˈɪdɐ/,,unstressed-primary-unstressed,TRUE,{(consider)},MorphoLex-en exact candidate: {(consider)}; POS=VB.,AI-assisted candidate metadata; verify British pronunciation and teaching relevance.,ai_assisted_draft,"British IPA, CMUdict and MorphoLex candidate enrichment",https://github.com/open-dict-data/ipa-dict; https://github.com/cmusphinx/cmudict; https://github.com/hugomailhot/MorphoLex-en,mixed open licences; see teaching_content_sources.csv,Automated candidate enrichment only; not approved teaching truth.,high,approved_for_first_exposure
immediately_en_gb,5,/ɪmˈiːdɪətli/,,secondary-primary-secondary-unstressed-unstressed,TRUE,{(immediate)}>ly>,MorphoLex-en exact candidate: {(immediate)}>ly>; POS=RB.,AI-assisted candidate metadata; verify British pronunciation and teaching relevance.,ai_assisted_draft,"British IPA, CMUdict and MorphoLex candidate enrichment",https://github.com/open-dict-data/ipa-dict; https://github.com/cmusphinx/cmudict; https://github.com/hugomailhot/MorphoLex-en,mixed open licences; see teaching_content_sources.csv,Automated candidate enrichment only; not approved teaching truth.,high,approved_for_first_exposure
minute_en_gb,2,/ˈmɪnɪt/,,primary-unstressed,TRUE,{(minute)},MorphoLex-en exact candidate: {(minute)}; POS=NN.,AI-assisted candidate metadata; verify British pronunciation and teaching relevance.,ai_assisted_draft,"British IPA, CMUdict and MorphoLex candidate enrichment",https://github.com/open-dict-data/ipa-dict; https://github.com/cmusphinx/cmudict; https://github.com/hugomailhot/MorphoLex-en,mixed open licences; see teaching_content_sources.csv,Automated candidate enrichment only; not approved teaching truth.,high,approved_for_first_exposure
movement_en_gb,2,/mˈuːvmənt/,,primary-unstressed,TRUE,{(move)}>ment>,MorphoLex-en exact candidate: {(move)}>ment>; POS=NN.,AI-assisted candidate metadata; verify British pronunciation and teaching relevance.,ai_assisted_draft,"British IPA, CMUdict and MorphoLex candidate enrichment",https://github.com/open-dict-data/ipa-dict; https://github.com/cmusphinx/cmudict; https://github.com/hugomailhot/MorphoLex-en,mixed open licences; see teaching_content_sources.csv,Automated candidate enrichment only; not approved teaching truth.,high,approved_for_first_exposure
construction_en_gb,3,/kənstɹˈʌkʃən/,,unstressed-primary-unstressed,TRUE,{<co<(struct)}>ion>,MorphoLex-en exact candidate: {<co<(struct)}>ion>; POS=NN.,AI-assisted candidate metadata; verify British pronunciation and teaching relevance.,ai_assisted_draft,"British IPA, CMUdict and MorphoLex candidate enrichment",https://github.com/open-dict-data/ipa-dict; https://github.com/cmusphinx/cmudict; https://github.com/hugomailhot/MorphoLex-en,mixed open licences; see teaching_content_sources.csv,Automated candidate enrichment only; not approved teaching truth.,high,approved_for_first_exposure
agree_en_gb,2,/ɐɡɹˈiː/,,unstressed-primary,TRUE,{(agree)},MorphoLex-en exact candidate: {(agree)}; POS=VB.,AI-assisted candidate metadata; verify British pronunciation and teaching relevance.,ai_assisted_draft,"British IPA, CMUdict and MorphoLex candidate enrichment",https://github.com/open-dict-data/ipa-dict; https://github.com/cmusphinx/cmudict; https://github.com/hugomailhot/MorphoLex-en,mixed open licences; see teaching_content_sources.csv,Automated candidate enrichment only; not approved teaching truth.,high,approved_for_first_exposure
friday_en_gb,2,/ˈfraɪdeɪ/,,primary-unstressed,FALSE,{(fri)(day)},MorphoLex-en exact candidate: {(fri)(day)}; POS=NN.,AI-assisted candidate metadata; verify British pronunciation and teaching relevance.,ai_assisted_draft,"British IPA, CMUdict and MorphoLex candidate enrichment",https://github.com/open-dict-data/ipa-dict; https://github.com/cmusphinx/cmudict; https://github.com/hugomailhot/MorphoLex-en,mixed open licences; see teaching_content_sources.csv,Automated candidate enrichment only; not approved teaching truth.,high,approved_for_first_exposure
heavy_en_gb,2,/hˈɛvi/,,primary-unstressed,FALSE,{(heavy)},MorphoLex-en exact candidate: {(heavy)}; POS=JJ|NN|RB.,AI-assisted candidate metadata; verify British pronunciation and teaching relevance.,ai_assisted_draft,"British IPA, CMUdict and MorphoLex candidate enrichment",https://github.com/open-dict-data/ipa-dict; https://github.com/cmusphinx/cmudict; https://github.com/hugomailhot/MorphoLex-en,mixed open licences; see teaching_content_sources.csv,Automated candidate enrichment only; not approved teaching truth.,high,approved_for_first_exposure
knowledge_en_gb,2,/nˈɒlɪdʒ/,,primary-unstressed,TRUE,{(know)(ledge)},MorphoLex-en exact candidate: {(know)(ledge)}; POS=NN.,AI-assisted candidate metadata; verify British pronunciation and teaching relevance.,ai_assisted_draft,"British IPA, CMUdict and MorphoLex candidate enrichment",https://github.com/open-dict-data/ipa-dict; https://github.com/cmusphinx/cmudict; https://github.com/hugomailhot/MorphoLex-en,mixed open licences; see teaching_content_sources.csv,Automated candidate enrichment only; not approved teaching truth.,high,approved_for_first_exposure
regular_en_gb,3,/ɹˈɛɡjuːlɐ/,,primary-unstressed-unstressed,TRUE,{(regul)>ar>},MorphoLex-en exact candidate: {(regul)>ar>}; POS=JJ.,AI-assisted candidate metadata; verify British pronunciation and teaching relevance.,ai_assisted_draft,"British IPA, CMUdict and MorphoLex candidate enrichment",https://github.com/open-dict-data/ipa-dict; https://github.com/cmusphinx/cmudict; https://github.com/hugomailhot/MorphoLex-en,mixed open licences; see teaching_content_sources.csv,Automated candidate enrichment only; not approved teaching truth.,high,approved_for_first_exposure
opportunity_en_gb,5,/ɒpətjˈuːnɪti/,,secondary-unstressed-primary-unstressed-unstressed,TRUE,{(opportune)}>ity>,MorphoLex-en exact candidate: {(opportune)}>ity>; POS=NN.,AI-assisted candidate metadata; verify British pronunciation and teaching relevance.,ai_assisted_draft,"British IPA, CMUdict and MorphoLex candidate enrichment",https://github.com/open-dict-data/ipa-dict; https://github.com/cmusphinx/cmudict; https://github.com/hugomailhot/MorphoLex-en,mixed open licences; see teaching_content_sources.csv,Automated candidate enrichment only; not approved teaching truth.,high,approved_for_first_exposure
fear_en_gb,1,/fˈiə/,,primary,FALSE,{(fear)},MorphoLex-en exact candidate: {(fear)}; POS=NN|VB.,AI-assisted candidate metadata; verify British pronunciation and teaching relevance.,ai_assisted_draft,"British IPA, CMUdict and MorphoLex candidate enrichment",https://github.com/open-dict-data/ipa-dict; https://github.com/cmusphinx/cmudict; https://github.com/hugomailhot/MorphoLex-en,mixed open licences; see teaching_content_sources.csv,Automated candidate enrichment only; not approved teaching truth.,high,approved_for_first_exposure
sister_en_gb,2,/sˈɪstɐ/,,primary-unstressed,TRUE,{(sister)},MorphoLex-en exact candidate: {(sister)}; POS=NN.,AI-assisted candidate metadata; verify British pronunciation and teaching relevance.,ai_assisted_draft,"British IPA, CMUdict and MorphoLex candidate enrichment",https://github.com/open-dict-data/ipa-dict; https://github.com/cmusphinx/cmudict; https://github.com/hugomailhot/MorphoLex-en,mixed open licences; see teaching_content_sources.csv,Automated candidate enrichment only; not approved teaching truth.,high,approved_for_first_exposure
centre_en_gb,2,/sˈɛntɐ/,,primary-unstressed,TRUE,{(centre)},MorphoLex-en exact candidate: {(centre)}; POS=NN|VB.,AI-assisted candidate metadata; verify British pronunciation and teaching relevance.,ai_assisted_draft,"British IPA, CMUdict and MorphoLex candidate enrichment",https://github.com/open-dict-data/ipa-dict; https://github.com/cmusphinx/cmudict; https://github.com/hugomailhot/MorphoLex-en,mixed open licences; see teaching_content_sources.csv,Automated candidate enrichment only; not approved teaching truth.,high,approved_for_first_exposure
judge_en_gb,1,/dʒˈʌdʒ/,,primary,FALSE,{(judge)},MorphoLex-en exact candidate: {(judge)}; POS=NN|VB.,AI-assisted candidate metadata; verify British pronunciation and teaching relevance.,ai_assisted_draft,"British IPA, CMUdict and MorphoLex candidate enrichment",https://github.com/open-dict-data/ipa-dict; https://github.com/cmusphinx/cmudict; https://github.com/hugomailhot/MorphoLex-en,mixed open licences; see teaching_content_sources.csv,Automated candidate enrichment only; not approved teaching truth.,high,approved_for_first_exposure
material_en_gb,4,/mətˈiəɹɪəl/,,unstressed-primary-unstressed-unstressed,TRUE,{(material)},MorphoLex-en exact candidate: {(material)}; POS=NN|JJ.,AI-assisted candidate metadata; verify British pronunciation and teaching relevance.,ai_assisted_draft,"British IPA, CMUdict and MorphoLex candidate enrichment",https://github.com/open-dict-data/ipa-dict; https://github.com/cmusphinx/cmudict; https://github.com/hugomailhot/MorphoLex-en,mixed open licences; see teaching_content_sources.csv,Automated candidate enrichment only; not approved teaching truth.,high,approved_for_first_exposure
secretary_en_gb,4,/sˈɛkɹətɹˌi/,,primary-unstressed-secondary-unstressed,TRUE,{(secretary)},MorphoLex-en exact candidate: {(secretary)}; POS=NN.,AI-assisted candidate metadata; verify British pronunciation and teaching relevance.,ai_assisted_draft,"British IPA, CMUdict and MorphoLex candidate enrichment",https://github.com/open-dict-data/ipa-dict; https://github.com/cmusphinx/cmudict; https://github.com/hugomailhot/MorphoLex-en,mixed open licences; see teaching_content_sources.csv,Automated candidate enrichment only; not approved teaching truth.,high,approved_for_first_exposure
physical_en_gb,3,/fˈɪzɪkəl/,,primary-unstressed-unstressed,TRUE,{(phys)>ic>>al>},MorphoLex-en exact candidate: {(phys)>ic>>al>}; POS=JJ|NN.,AI-assisted candidate metadata; verify British pronunciation and teaching relevance.,ai_assisted_draft,"British IPA, CMUdict and MorphoLex candidate enrichment",https://github.com/open-dict-data/ipa-dict; https://github.com/cmusphinx/cmudict; https://github.com/hugomailhot/MorphoLex-en,mixed open licences; see teaching_content_sources.csv,Automated candidate enrichment only; not approved teaching truth.,high,approved_for_first_exposure
floor_en_gb,1,/flˈɔː/,,primary,FALSE,{(floor)},MorphoLex-en exact candidate: {(floor)}; POS=NN|VB.,AI-assisted candidate metadata; verify British pronunciation and teaching relevance.,ai_assisted_draft,"British IPA, CMUdict and MorphoLex candidate enrichment",https://github.com/open-dict-data/ipa-dict; https://github.com/cmusphinx/cmudict; https://github.com/hugomailhot/MorphoLex-en,mixed open licences; see teaching_content_sources.csv,Automated candidate enrichment only; not approved teaching truth.,high,approved_for_first_exposure
active_en_gb,2,/ˈæktɪv/,,primary-unstressed,FALSE,{(act)}>ive>,MorphoLex-en exact candidate: {(act)}>ive>; POS=JJ.,AI-assisted candidate metadata; verify British pronunciation and teaching relevance.,ai_assisted_draft,"British IPA, CMUdict and MorphoLex candidate enrichment",https://github.com/open-dict-data/ipa-dict; https://github.com/cmusphinx/cmudict; https://github.com/hugomailhot/MorphoLex-en,mixed open licences; see teaching_content_sources.csv,Automated candidate enrichment only; not approved teaching truth.,high,approved_for_first_exposure
direction_en_gb,3,/daɪɹˈɛkʃən/,,unstressed-primary-unstressed,TRUE,{(direct)}>ion>,MorphoLex-en exact candidate: {(direct)}>ion>; POS=NN.,AI-assisted candidate metadata; verify British pronunciation and teaching relevance.,ai_assisted_draft,"British IPA, CMUdict and MorphoLex candidate enrichment",https://github.com/open-dict-data/ipa-dict; https://github.com/cmusphinx/cmudict; https://github.com/hugomailhot/MorphoLex-en,mixed open licences; see teaching_content_sources.csv,Automated candidate enrichment only; not approved teaching truth.,high,approved_for_first_exposure
independent_en_gb,4,/ˌɪndɪpˈɛndənt/,,secondary-unstressed-primary-unstressed,TRUE,<im<{<de<(pend)}>ant>,MorphoLex-en exact candidate: <im<{<de<(pend)}>ant>; POS=JJ|NN.,AI-assisted candidate metadata; verify British pronunciation and teaching relevance.,ai_assisted_draft,"British IPA, CMUdict and MorphoLex candidate enrichment",https://github.com/open-dict-data/ipa-dict; https://github.com/cmusphinx/cmudict; https://github.com/hugomailhot/MorphoLex-en,mixed open licences; see teaching_content_sources.csv,Automated candidate enrichment only; not approved teaching truth.,high,approved_for_first_exposure
weekend_en_gb,2,/wiːkˈɛnd/,,primary-secondary,FALSE,{(week)}{(end)},MorphoLex-en exact candidate: {(week)}{(end)}; POS=NN.,AI-assisted candidate metadata; verify British pronunciation and teaching relevance.,ai_assisted_draft,"British IPA, CMUdict and MorphoLex candidate enrichment",https://github.com/open-dict-data/ipa-dict; https://github.com/cmusphinx/cmudict; https://github.com/hugomailhot/MorphoLex-en,mixed open licences; see teaching_content_sources.csv,Automated candidate enrichment only; not approved teaching truth.,high,approved_for_first_exposure
operation_en_gb,4,/ˌɒpəɹˈeɪʃən/,,secondary-unstressed-primary-unstressed,TRUE,{(oper)>ate>}>ion>,MorphoLex-en exact candidate: {(oper)>ate>}>ion>; POS=NN.,AI-assisted candidate metadata; verify British pronunciation and teaching relevance.,ai_assisted_draft,"British IPA, CMUdict and MorphoLex candidate enrichment",https://github.com/open-dict-data/ipa-dict; https://github.com/cmusphinx/cmudict; https://github.com/hugomailhot/MorphoLex-en,mixed open licences; see teaching_content_sources.csv,Automated candidate enrichment only; not approved teaching truth.,high,approved_for_first_exposure
commercial_en_gb,3,/kəmˈɜːʃəl/,,unstressed-primary-unstressed,TRUE,{(commerce)}>al>,MorphoLex-en exact candidate: {(commerce)}>al>; POS=JJ|NN.,AI-assisted candidate metadata; verify British pronunciation and teaching relevance.,ai_assisted_draft,"British IPA, CMUdict and MorphoLex candidate enrichment",https://github.com/open-dict-data/ipa-dict; https://github.com/cmusphinx/cmudict; https://github.com/hugomailhot/MorphoLex-en,mixed open licences; see teaching_content_sources.csv,Automated candidate enrichment only; not approved teaching truth.,high,approved_for_first_exposure
sunday_en_gb,2,/ˈsʌndeɪ/,,primary-secondary,FALSE,{(sun)(day)},MorphoLex-en exact candidate: {(sun)(day)}; POS=NN.,AI-assisted candidate metadata; verify British pronunciation and teaching relevance.,ai_assisted_draft,"British IPA, CMUdict and MorphoLex candidate enrichment",https://github.com/open-dict-data/ipa-dict; https://github.com/cmusphinx/cmudict; https://github.com/hugomailhot/MorphoLex-en,mixed open licences; see teaching_content_sources.csv,Automated candidate enrichment only; not approved teaching truth.,high,approved_for_first_exposure
imagine_en_gb,3,/ɪmˈædʒɪn/,,secondary-primary-unstressed,TRUE,{(imagine)},MorphoLex-en exact candidate: {(imagine)}; POS=VB.,AI-assisted candidate metadata; verify British pronunciation and teaching relevance.,ai_assisted_draft,"British IPA, CMUdict and MorphoLex candidate enrichment",https://github.com/open-dict-data/ipa-dict; https://github.com/cmusphinx/cmudict; https://github.com/hugomailhot/MorphoLex-en,mixed open licences; see teaching_content_sources.csv,Automated candidate enrichment only; not approved teaching truth.,high,approved_for_first_exposure
band_en_gb,1,/bˈænd/,,primary,FALSE,{(band)},MorphoLex-en exact candidate: {(band)}; POS=NN|VB.,AI-assisted candidate metadata; verify British pronunciation and teaching relevance.,ai_assisted_draft,"British IPA, CMUdict and MorphoLex candidate enrichment",https://github.com/open-dict-data/ipa-dict; https://github.com/cmusphinx/cmudict; https://github.com/hugomailhot/MorphoLex-en,mixed open licences; see teaching_content_sources.csv,Automated candidate enrichment only; not approved teaching truth.,high,approved_for_first_exposure
easily_en_gb,3,/ˈiːzɪli/,,primary-unstressed-unstressed,TRUE,{(ease)}>y>>ly>,MorphoLex-en exact candidate: {(ease)}>y>>ly>; POS=RB.,AI-assisted candidate metadata; verify British pronunciation and teaching relevance.,ai_assisted_draft,"British IPA, CMUdict and MorphoLex candidate enrichment",https://github.com/open-dict-data/ipa-dict; https://github.com/cmusphinx/cmudict; https://github.com/hugomailhot/MorphoLex-en,mixed open licences; see teaching_content_sources.csv,Automated candidate enrichment only; not approved teaching truth.,high,approved_for_first_exposure
competition_en_gb,4,/kˌɒmpətˈɪʃən/,,secondary-unstressed-primary-unstressed,TRUE,{(compete)}>ion>,MorphoLex-en exact candidate: {(compete)}>ion>; POS=NN.,AI-assisted candidate metadata; verify British pronunciation and teaching relevance.,ai_assisted_draft,"British IPA, CMUdict and MorphoLex candidate enrichment",https://github.com/open-dict-data/ipa-dict; https://github.com/cmusphinx/cmudict; https://github.com/hugomailhot/MorphoLex-en,mixed open licences; see teaching_content_sources.csv,Automated candidate enrichment only; not approved teaching truth.,high,approved_for_first_exposure
necessary_en_gb,4,/nˈɛsəsəɹi/,,primary-unstressed-secondary-unstressed,TRUE,{(necess)>ory>},MorphoLex-en exact candidate: {(necess)>ory>}; POS=JJ|NN.,AI-assisted candidate metadata; verify British pronunciation and teaching relevance.,ai_assisted_draft,"British IPA, CMUdict and MorphoLex candidate enrichment",https://github.com/open-dict-data/ipa-dict; https://github.com/cmusphinx/cmudict; https://github.com/hugomailhot/MorphoLex-en,mixed open licences; see teaching_content_sources.csv,Automated candidate enrichment only; not approved teaching truth.,high,approved_for_first_exposure
skin_en_gb,1,/skˈɪn/,,primary,FALSE,{(skin)},MorphoLex-en exact candidate: {(skin)}; POS=NN|VB.,AI-assisted candidate metadata; verify British pronunciation and teaching relevance.,ai_assisted_draft,"British IPA, CMUdict and MorphoLex candidate enrichment",https://github.com/open-dict-data/ipa-dict; https://github.com/cmusphinx/cmudict; https://github.com/hugomailhot/MorphoLex-en,mixed open licences; see teaching_content_sources.csv,Automated candidate enrichment only; not approved teaching truth.,high,approved_for_first_exposure
christmas_en_gb,2,/ˈkrɪsməs/,,primary-unstressed,TRUE,{(christ)(mas)},MorphoLex-en exact candidate: {(christ)(mas)}; POS=NN.,AI-assisted candidate metadata; verify British pronunciation and teaching relevance.,ai_assisted_draft,"British IPA, CMUdict and MorphoLex candidate enrichment",https://github.com/open-dict-data/ipa-dict; https://github.com/cmusphinx/cmudict; https://github.com/hugomailhot/MorphoLex-en,mixed open licences; see teaching_content_sources.csv,Automated candidate enrichment only; not approved teaching truth.,high,approved_for_first_exposure
address_en_gb,2,/əˈdres/,,primary-secondary,FALSE,{(address)},MorphoLex-en exact candidate: {(address)}; POS=NN.,AI-assisted candidate metadata; verify British pronunciation and teaching relevance.,ai_assisted_draft,"British IPA, CMUdict and MorphoLex candidate enrichment",https://github.com/open-dict-data/ipa-dict; https://github.com/cmusphinx/cmudict; https://github.com/hugomailhot/MorphoLex-en,mixed open licences; see teaching_content_sources.csv,Automated candidate enrichment only; not approved teaching truth.,high,approved_for_first_exposure
touch_en_gb,1,/tˈʌtʃ/,,primary,FALSE,{(touch)},MorphoLex-en exact candidate: {(touch)}; POS=NN|VB.,AI-assisted candidate metadata; verify British pronunciation and teaching relevance.,ai_assisted_draft,"British IPA, CMUdict and MorphoLex candidate enrichment",https://github.com/open-dict-data/ipa-dict; https://github.com/cmusphinx/cmudict; https://github.com/hugomailhot/MorphoLex-en,mixed open licences; see teaching_content_sources.csv,Automated candidate enrichment only; not approved teaching truth.,high,approved_for_first_exposure
bought_en_gb,1,/bˈɔːt/,,primary,FALSE,{(bought)},MorphoLex-en exact candidate: {(bought)}; POS=VB.,AI-assisted candidate metadata; verify British pronunciation and teaching relevance.,ai_assisted_draft,"British IPA, CMUdict and MorphoLex candidate enrichment",https://github.com/open-dict-data/ipa-dict; https://github.com/cmusphinx/cmudict; https://github.com/hugomailhot/MorphoLex-en,mixed open licences; see teaching_content_sources.csv,Automated candidate enrichment only; not approved teaching truth.,high,approved_for_first_exposure
sweet_en_gb,1,/swˈiːt/,,primary,FALSE,{(sweet)},MorphoLex-en exact candidate: {(sweet)}; POS=JJ|NN.,AI-assisted candidate metadata; verify British pronunciation and teaching relevance.,ai_assisted_draft,"British IPA, CMUdict and MorphoLex candidate enrichment",https://github.com/open-dict-data/ipa-dict; https://github.com/cmusphinx/cmudict; https://github.com/hugomailhot/MorphoLex-en,mixed open licences; see teaching_content_sources.csv,Automated candidate enrichment only; not approved teaching truth.,high,approved_for_first_exposure
planning_en_gb,2,/plˈænɪŋ/,,primary-unstressed,FALSE,{(plan)},MorphoLex-en exact candidate: {(plan)}; POS=NN|VB.,AI-assisted candidate metadata; verify British pronunciation and teaching relevance.,ai_assisted_draft,"British IPA, CMUdict and MorphoLex candidate enrichment",https://github.com/open-dict-data/ipa-dict; https://github.com/cmusphinx/cmudict; https://github.com/hugomailhot/MorphoLex-en,mixed open licences; see teaching_content_sources.csv,Automated candidate enrichment only; not approved teaching truth.,high,approved_for_first_exposure
trip_en_gb,1,/tɹˈɪp/,,primary,FALSE,{(trip)},MorphoLex-en exact candidate: {(trip)}; POS=NN|VB.,AI-assisted candidate metadata; verify British pronunciation and teaching relevance.,ai_assisted_draft,"British IPA, CMUdict and MorphoLex candidate enrichment",https://github.com/open-dict-data/ipa-dict; https://github.com/cmusphinx/cmudict; https://github.com/hugomailhot/MorphoLex-en,mixed open licences; see teaching_content_sources.csv,Automated candidate enrichment only; not approved teaching truth.,high,approved_for_first_exposure
caught_en_gb,1,/kˈɔːt/,,primary,FALSE,{(caught)},MorphoLex-en exact candidate: {(caught)}; POS=VB.,AI-assisted candidate metadata; verify British pronunciation and teaching relevance.,ai_assisted_draft,"British IPA, CMUdict and MorphoLex candidate enrichment",https://github.com/open-dict-data/ipa-dict; https://github.com/cmusphinx/cmudict; https://github.com/hugomailhot/MorphoLex-en,mixed open licences; see teaching_content_sources.csv,Automated candidate enrichment only; not approved teaching truth.,high,approved_for_first_exposure
notice_en_gb,2,/nˈəʊtɪs/,,primary-unstressed,TRUE,{(notice)},MorphoLex-en exact candidate: {(notice)}; POS=NN|VB.,AI-assisted candidate metadata; verify British pronunciation and teaching relevance.,ai_assisted_draft,"British IPA, CMUdict and MorphoLex candidate enrichment",https://github.com/open-dict-data/ipa-dict; https://github.com/cmusphinx/cmudict; https://github.com/hugomailhot/MorphoLex-en,mixed open licences; see teaching_content_sources.csv,Automated candidate enrichment only; not approved teaching truth.,high,approved_for_first_exposure
winter_en_gb,2,/wˈɪntɐ/,,primary-unstressed,TRUE,{(winter)},MorphoLex-en exact candidate: {(winter)}; POS=NN|VB.,AI-assisted candidate metadata; verify British pronunciation and teaching relevance.,ai_assisted_draft,"British IPA, CMUdict and MorphoLex candidate enrichment",https://github.com/open-dict-data/ipa-dict; https://github.com/cmusphinx/cmudict; https://github.com/hugomailhot/MorphoLex-en,mixed open licences; see teaching_content_sources.csv,Automated candidate enrichment only; not approved teaching truth.,high,approved_for_first_exposure
mrs_en_gb,2,/ˈmɪsɪz/,,primary-unstressed,FALSE,,No exact MorphoLex-en row; human morphology review required.,AI-assisted candidate metadata; verify British pronunciation and teaching relevance.,ai_assisted_draft,"British IPA, CMUdict and MorphoLex candidate enrichment",https://github.com/open-dict-data/ipa-dict; https://github.com/cmusphinx/cmudict; https://github.com/hugomailhot/MorphoLex-en,mixed open licences; see teaching_content_sources.csv,Automated candidate enrichment only; not approved teaching truth.,high,approved_for_first_exposure
plant_en_gb,1,/plˈænt/,,primary,FALSE,{(plant)},MorphoLex-en exact candidate: {(plant)}; POS=NN|VB.,AI-assisted candidate metadata; verify British pronunciation and teaching relevance.,ai_assisted_draft,"British IPA, CMUdict and MorphoLex candidate enrichment",https://github.com/open-dict-data/ipa-dict; https://github.com/cmusphinx/cmudict; https://github.com/hugomailhot/MorphoLex-en,mixed open licences; see teaching_content_sources.csv,Automated candidate enrichment only; not approved teaching truth.,high,approved_for_first_exposure
we_ll_en_gb,1,/wiːl/,,primary,FALSE,{(we)},MorphoLex-en exact candidate: {(we)}; POS=encl.,AI-assisted candidate metadata; verify British pronunciation and teaching relevance.,ai_assisted_draft,"British IPA, CMUdict and MorphoLex candidate enrichment",https://github.com/open-dict-data/ipa-dict; https://github.com/cmusphinx/cmudict; https://github.com/hugomailhot/MorphoLex-en,mixed open licences; see teaching_content_sources.csv,Automated candidate enrichment only; not approved teaching truth.,high,approved_for_first_exposure
male_en_gb,1,/mˈeɪl/,,primary,FALSE,{(male)},MorphoLex-en exact candidate: {(male)}; POS=JJ|NN.,AI-assisted candidate metadata; verify British pronunciation and teaching relevance.,ai_assisted_draft,"British IPA, CMUdict and MorphoLex candidate enrichment",https://github.com/open-dict-data/ipa-dict; https://github.com/cmusphinx/cmudict; https://github.com/hugomailhot/MorphoLex-en,mixed open licences; see teaching_content_sources.csv,Automated candidate enrichment only; not approved teaching truth.,high,approved_for_first_exposure
eventually_en_gb,5,/ɪvˈɛntʃuːəli/,,unstressed-primary-unstressed-unstressed-unstressed,TRUE,{(event)>al>}>ly>,MorphoLex-en exact candidate: {(event)>al>}>ly>; POS=RB.,AI-assisted candidate metadata; verify British pronunciation and teaching relevance.,ai_assisted_draft,"British IPA, CMUdict and MorphoLex candidate enrichment",https://github.com/open-dict-data/ipa-dict; https://github.com/cmusphinx/cmudict; https://github.com/hugomailhot/MorphoLex-en,mixed open licences; see teaching_content_sources.csv,Automated candidate enrichment only; not approved teaching truth.,high,approved_for_first_exposure
equipment_en_gb,3,/ɪkwˈɪpmənt/,,unstressed-primary-unstressed,TRUE,{(equip)}>ment>,MorphoLex-en exact candidate: {(equip)}>ment>; POS=NN.,AI-assisted candidate metadata; verify British pronunciation and teaching relevance.,ai_assisted_draft,"British IPA, CMUdict and MorphoLex candidate enrichment",https://github.com/open-dict-data/ipa-dict; https://github.com/cmusphinx/cmudict; https://github.com/hugomailhot/MorphoLex-en,mixed open licences; see teaching_content_sources.csv,Automated candidate enrichment only; not approved teaching truth.,high,approved_for_first_exposure
award_en_gb,2,/ɐwˈɔːd/,,unstressed-primary,TRUE,{(award)},MorphoLex-en exact candidate: {(award)}; POS=NN|VB.,AI-assisted candidate metadata; verify British pronunciation and teaching relevance.,ai_assisted_draft,"British IPA, CMUdict and MorphoLex candidate enrichment",https://github.com/open-dict-data/ipa-dict; https://github.com/cmusphinx/cmudict; https://github.com/hugomailhot/MorphoLex-en,mixed open licences; see teaching_content_sources.csv,Automated candidate enrichment only; not approved teaching truth.,high,approved_for_first_exposure
nation_en_gb,2,/nˈeɪʃən/,,primary-unstressed,TRUE,{(nation)},MorphoLex-en exact candidate: {(nation)}; POS=NN.,AI-assisted candidate metadata; verify British pronunciation and teaching relevance.,ai_assisted_draft,"British IPA, CMUdict and MorphoLex candidate enrichment",https://github.com/open-dict-data/ipa-dict; https://github.com/cmusphinx/cmudict; https://github.com/hugomailhot/MorphoLex-en,mixed open licences; see teaching_content_sources.csv,Automated candidate enrichment only; not approved teaching truth.,high,approved_for_first_exposure
purpose_en_gb,2,/pˈɜːpəs/,,primary-unstressed,TRUE,{(purpose)},MorphoLex-en exact candidate: {(purpose)}; POS=NN.,AI-assisted candidate metadata; verify British pronunciation and teaching relevance.,ai_assisted_draft,"British IPA, CMUdict and MorphoLex candidate enrichment",https://github.com/open-dict-data/ipa-dict; https://github.com/cmusphinx/cmudict; https://github.com/hugomailhot/MorphoLex-en,mixed open licences; see teaching_content_sources.csv,Automated candidate enrichment only; not approved teaching truth.,high,approved_for_first_exposure
responsible_en_gb,4,/ɹɪspˈɒnsəbəl/,,unstressed-primary-unstressed-unstressed,TRUE,{(responsible)},MorphoLex-en exact candidate: {(responsible)}; POS=JJ.,AI-assisted candidate metadata; verify British pronunciation and teaching relevance.,ai_assisted_draft,"British IPA, CMUdict and MorphoLex candidate enrichment",https://github.com/open-dict-data/ipa-dict; https://github.com/cmusphinx/cmudict; https://github.com/hugomailhot/MorphoLex-en,mixed open licences; see teaching_content_sources.csv,Automated candidate enrichment only; not approved teaching truth.,high,approved_for_first_exposure
advice_en_gb,2,/ɐdvˈaɪs/,,unstressed-primary,FALSE,{(advice)},MorphoLex-en exact candidate: {(advice)}; POS=NN.,AI-assisted candidate metadata; verify British pronunciation and teaching relevance.,ai_assisted_draft,"British IPA, CMUdict and MorphoLex candidate enrichment",https://github.com/open-dict-data/ipa-dict; https://github.com/cmusphinx/cmudict; https://github.com/hugomailhot/MorphoLex-en,mixed open licences; see teaching_content_sources.csv,Automated candidate enrichment only; not approved teaching truth.,high,approved_for_first_exposure
truly_en_gb,2,/tɹˈuːli/,,primary-unstressed,FALSE,{(true)}>ly>,MorphoLex-en exact candidate: {(true)}>ly>; POS=RB.,AI-assisted candidate metadata; verify British pronunciation and teaching relevance.,ai_assisted_draft,"British IPA, CMUdict and MorphoLex candidate enrichment",https://github.com/open-dict-data/ipa-dict; https://github.com/cmusphinx/cmudict; https://github.com/hugomailhot/MorphoLex-en,mixed open licences; see teaching_content_sources.csv,Automated candidate enrichment only; not approved teaching truth.,high,approved_for_first_exposure
environment_en_gb,4,/ɛnvˈaɪɹənmənt/,,unstressed-primary-unstressed-unstressed,TRUE,{(environ)}>ment>,MorphoLex-en exact candidate: {(environ)}>ment>; POS=NN.,AI-assisted candidate metadata; verify British pronunciation and teaching relevance.,ai_assisted_draft,"British IPA, CMUdict and MorphoLex candidate enrichment",https://github.com/open-dict-data/ipa-dict; https://github.com/cmusphinx/cmudict; https://github.com/hugomailhot/MorphoLex-en,mixed open licences; see teaching_content_sources.csv,Automated candidate enrichment only; not approved teaching truth.,high,approved_for_first_exposure
nine_en_gb,1,/nˈaɪn/,,primary,FALSE,{(nine)},MorphoLex-en exact candidate: {(nine)}; POS=minor|NN.,AI-assisted candidate metadata; verify British pronunciation and teaching relevance.,ai_assisted_draft,"British IPA, CMUdict and MorphoLex candidate enrichment",https://github.com/open-dict-data/ipa-dict; https://github.com/cmusphinx/cmudict; https://github.com/hugomailhot/MorphoLex-en,mixed open licences; see teaching_content_sources.csv,Automated candidate enrichment only; not approved teaching truth.,high,approved_for_first_exposure
saturday_en_gb,3,/ˈsætədeɪ/,,primary-unstressed-unstressed,TRUE,{(satur)(day)},MorphoLex-en exact candidate: {(satur)(day)}; POS=NN.,AI-assisted candidate metadata; verify British pronunciation and teaching relevance.,ai_assisted_draft,"British IPA, CMUdict and MorphoLex candidate enrichment",https://github.com/open-dict-data/ipa-dict; https://github.com/cmusphinx/cmudict; https://github.com/hugomailhot/MorphoLex-en,mixed open licences; see teaching_content_sources.csv,Automated candidate enrichment only; not approved teaching truth.,high,approved_for_first_exposure
hall_en_gb,1,/hˈɔːl/,,primary,FALSE,{(hall)},MorphoLex-en exact candidate: {(hall)}; POS=NN.,AI-assisted candidate metadata; verify British pronunciation and teaching relevance.,ai_assisted_draft,"British IPA, CMUdict and MorphoLex candidate enrichment",https://github.com/open-dict-data/ipa-dict; https://github.com/cmusphinx/cmudict; https://github.com/hugomailhot/MorphoLex-en,mixed open licences; see teaching_content_sources.csv,Automated candidate enrichment only; not approved teaching truth.,high,approved_for_first_exposure
therefore_en_gb,2,/ðˈeəfɔː/,,primary-secondary,FALSE,{(there)}{(fore)},MorphoLex-en exact candidate: {(there)}{(fore)}; POS=RB.,AI-assisted candidate metadata; verify British pronunciation and teaching relevance.,ai_assisted_draft,"British IPA, CMUdict and MorphoLex candidate enrichment",https://github.com/open-dict-data/ipa-dict; https://github.com/cmusphinx/cmudict; https://github.com/hugomailhot/MorphoLex-en,mixed open licences; see teaching_content_sources.csv,Automated candidate enrichment only; not approved teaching truth.,high,approved_for_first_exposure
weather_en_gb,2,/wˈɛðɐ/,,primary-unstressed,TRUE,{(weather)},MorphoLex-en exact candidate: {(weather)}; POS=NN|VB.,AI-assisted candidate metadata; verify British pronunciation and teaching relevance.,ai_assisted_draft,"British IPA, CMUdict and MorphoLex candidate enrichment",https://github.com/open-dict-data/ipa-dict; https://github.com/cmusphinx/cmudict; https://github.com/hugomailhot/MorphoLex-en,mixed open licences; see teaching_content_sources.csv,Automated candidate enrichment only; not approved teaching truth.,high,approved_for_first_exposure
application_en_gb,4,/ˌæplɪkˈeɪʃən/,,secondary-unstressed-primary-unstressed,TRUE,{(applicate)}>ion>,MorphoLex-en exact candidate: {(applicate)}>ion>; POS=NN.,AI-assisted candidate metadata; verify British pronunciation and teaching relevance.,ai_assisted_draft,"British IPA, CMUdict and MorphoLex candidate enrichment",https://github.com/open-dict-data/ipa-dict; https://github.com/cmusphinx/cmudict; https://github.com/hugomailhot/MorphoLex-en,mixed open licences; see teaching_content_sources.csv,Automated candidate enrichment only; not approved teaching truth.,high,approved_for_first_exposure
evening_en_gb,2,/ˈiːvnɪŋ/,,primary-unstressed,FALSE,{(evening)},MorphoLex-en exact candidate: {(evening)}; POS=NN.,AI-assisted candidate metadata; verify British pronunciation and teaching relevance.,ai_assisted_draft,"British IPA, CMUdict and MorphoLex candidate enrichment",https://github.com/open-dict-data/ipa-dict; https://github.com/cmusphinx/cmudict; https://github.com/hugomailhot/MorphoLex-en,mixed open licences; see teaching_content_sources.csv,Automated candidate enrichment only; not approved teaching truth.,high,approved_for_first_exposure
offered_en_gb,2,/ˈɒfəd/,,primary-unstressed,TRUE,{(offer)},MorphoLex-en exact candidate: {(offer)}; POS=VB.,AI-assisted candidate metadata; verify British pronunciation and teaching relevance.,ai_assisted_draft,"British IPA, CMUdict and MorphoLex candidate enrichment",https://github.com/open-dict-data/ipa-dict; https://github.com/cmusphinx/cmudict; https://github.com/hugomailhot/MorphoLex-en,mixed open licences; see teaching_content_sources.csv,Automated candidate enrichment only; not approved teaching truth.,high,approved_for_first_exposure
who_s_en_gb,1,/huːz/,,primary,FALSE,{(who)},MorphoLex-en exact candidate: {(who)}; POS=encl.,AI-assisted candidate metadata; verify British pronunciation and teaching relevance.,ai_assisted_draft,"British IPA, CMUdict and MorphoLex candidate enrichment",https://github.com/open-dict-data/ipa-dict; https://github.com/cmusphinx/cmudict; https://github.com/hugomailhot/MorphoLex-en,mixed open licences; see teaching_content_sources.csv,Automated candidate enrichment only; not approved teaching truth.,high,approved_for_first_exposure
ride_en_gb,1,/ɹˈaɪd/,,primary,FALSE,{(ride)},MorphoLex-en exact candidate: {(ride)}; POS=NN|VB.,AI-assisted candidate metadata; verify British pronunciation and teaching relevance.,ai_assisted_draft,"British IPA, CMUdict and MorphoLex candidate enrichment",https://github.com/open-dict-data/ipa-dict; https://github.com/cmusphinx/cmudict; https://github.com/hugomailhot/MorphoLex-en,mixed open licences; see teaching_content_sources.csv,Automated candidate enrichment only; not approved teaching truth.,high,approved_for_first_exposure
slow_en_gb,1,/slˈəʊ/,,primary,FALSE,{(slow)},MorphoLex-en exact candidate: {(slow)}; POS=JJ|VB|NN.,AI-assisted candidate metadata; verify British pronunciation and teaching relevance.,ai_assisted_draft,"British IPA, CMUdict and MorphoLex candidate enrichment",https://github.com/open-dict-data/ipa-dict; https://github.com/cmusphinx/cmudict; https://github.com/hugomailhot/MorphoLex-en,mixed open licences; see teaching_content_sources.csv,Automated candidate enrichment only; not approved teaching truth.,high,approved_for_first_exposure
appear_en_gb,2,/ɐpˈiə/,,unstressed-primary,TRUE,{(appear)},MorphoLex-en exact candidate: {(appear)}; POS=VB.,AI-assisted candidate metadata; verify British pronunciation and teaching relevance.,ai_assisted_draft,"British IPA, CMUdict and MorphoLex candidate enrichment",https://github.com/open-dict-data/ipa-dict; https://github.com/cmusphinx/cmudict; https://github.com/hugomailhot/MorphoLex-en,mixed open licences; see teaching_content_sources.csv,Automated candidate enrichment only; not approved teaching truth.,high,approved_for_first_exposure
accept_en_gb,2,/ɐksˈɛpt/,,unstressed-primary,FALSE,{(accept)},MorphoLex-en exact candidate: {(accept)}; POS=VB.,AI-assisted candidate metadata; verify British pronunciation and teaching relevance.,ai_assisted_draft,"British IPA, CMUdict and MorphoLex candidate enrichment",https://github.com/open-dict-data/ipa-dict; https://github.com/cmusphinx/cmudict; https://github.com/hugomailhot/MorphoLex-en,mixed open licences; see teaching_content_sources.csv,Automated candidate enrichment only; not approved teaching truth.,high,approved_for_first_exposure
distance_en_gb,2,/dˈɪstəns/,,primary-unstressed,TRUE,{(distance)},MorphoLex-en exact candidate: {(distance)}; POS=NN|VB.,AI-assisted candidate metadata; verify British pronunciation and teaching relevance.,ai_assisted_draft,"British IPA, CMUdict and MorphoLex candidate enrichment",https://github.com/open-dict-data/ipa-dict; https://github.com/cmusphinx/cmudict; https://github.com/hugomailhot/MorphoLex-en,mixed open licences; see teaching_content_sources.csv,Automated candidate enrichment only; not approved teaching truth.,high,approved_for_first_exposure
species_en_gb,2,/spˈiːsiːz/,,primary-unstressed,FALSE,{(species)},MorphoLex-en exact candidate: {(species)}; POS=NN|minor.,AI-assisted candidate metadata; verify British pronunciation and teaching relevance.,ai_assisted_draft,"British IPA, CMUdict and MorphoLex candidate enrichment",https://github.com/open-dict-data/ipa-dict; https://github.com/cmusphinx/cmudict; https://github.com/hugomailhot/MorphoLex-en,mixed open licences; see teaching_content_sources.csv,Automated candidate enrichment only; not approved teaching truth.,high,approved_for_first_exposure
engine_en_gb,2,/ˈɛndʒɪn/,,primary-unstressed,TRUE,{(engine)},MorphoLex-en exact candidate: {(engine)}; POS=NN.,AI-assisted candidate metadata; verify British pronunciation and teaching relevance.,ai_assisted_draft,"British IPA, CMUdict and MorphoLex candidate enrichment",https://github.com/open-dict-data/ipa-dict; https://github.com/cmusphinx/cmudict; https://github.com/hugomailhot/MorphoLex-en,mixed open licences; see teaching_content_sources.csv,Automated candidate enrichment only; not approved teaching truth.,high,approved_for_first_exposure
everybody_en_gb,4,/ˈɛvɹɪbˌɒdi/,,primary-unstressed-secondary-unstressed,FALSE,{(every)(body)},MorphoLex-en exact candidate: {(every)(body)}; POS=NN.,AI-assisted candidate metadata; verify British pronunciation and teaching relevance.,ai_assisted_draft,"British IPA, CMUdict and MorphoLex candidate enrichment",https://github.com/open-dict-data/ipa-dict; https://github.com/cmusphinx/cmudict; https://github.com/hugomailhot/MorphoLex-en,mixed open licences; see teaching_content_sources.csv,Automated candidate enrichment only; not approved teaching truth.,high,approved_for_first_exposure
worry_en_gb,2,/wˈʌɹi/,,primary-unstressed,FALSE,{(worry)},MorphoLex-en exact candidate: {(worry)}; POS=VB|NN.,AI-assisted candidate metadata; verify British pronunciation and teaching relevance.,ai_assisted_draft,"British IPA, CMUdict and MorphoLex candidate enrichment",https://github.com/open-dict-data/ipa-dict; https://github.com/cmusphinx/cmudict; https://github.com/hugomailhot/MorphoLex-en,mixed open licences; see teaching_content_sources.csv,Automated candidate enrichment only; not approved teaching truth.,high,approved_for_first_exposure
begin_en_gb,2,/bɪɡˈɪn/,,unstressed-primary,FALSE,{(begin)},MorphoLex-en exact candidate: {(begin)}; POS=VB|NN.,AI-assisted candidate metadata; verify British pronunciation and teaching relevance.,ai_assisted_draft,"British IPA, CMUdict and MorphoLex candidate enrichment",https://github.com/open-dict-data/ipa-dict; https://github.com/cmusphinx/cmudict; https://github.com/hugomailhot/MorphoLex-en,mixed open licences; see teaching_content_sources.csv,Automated candidate enrichment only; not approved teaching truth.,high,approved_for_first_exposure
count_en_gb,1,/kˈaʊnt/,,primary,FALSE,{(count)},MorphoLex-en exact candidate: {(count)}; POS=NN|VB.,AI-assisted candidate metadata; verify British pronunciation and teaching relevance.,ai_assisted_draft,"British IPA, CMUdict and MorphoLex candidate enrichment",https://github.com/open-dict-data/ipa-dict; https://github.com/cmusphinx/cmudict; https://github.com/hugomailhot/MorphoLex-en,mixed open licences; see teaching_content_sources.csv,Automated candidate enrichment only; not approved teaching truth.,high,approved_for_first_exposure
mouth_en_gb,1,/maʊθ/,,primary,FALSE,{(mouth)},MorphoLex-en exact candidate: {(mouth)}; POS=NN.,AI-assisted candidate metadata; verify British pronunciation and teaching relevance.,ai_assisted_draft,"British IPA, CMUdict and MorphoLex candidate enrichment",https://github.com/open-dict-data/ipa-dict; https://github.com/cmusphinx/cmudict; https://github.com/hugomailhot/MorphoLex-en,mixed open licences; see teaching_content_sources.csv,Automated candidate enrichment only; not approved teaching truth.,high,approved_for_first_exposure
covered_en_gb,2,/kˈʌvəd/,,primary-unstressed,TRUE,{(cover)},MorphoLex-en exact candidate: {(cover)}; POS=VB|JJ.,AI-assisted candidate metadata; verify British pronunciation and teaching relevance.,ai_assisted_draft,"British IPA, CMUdict and MorphoLex candidate enrichment",https://github.com/open-dict-data/ipa-dict; https://github.com/cmusphinx/cmudict; https://github.com/hugomailhot/MorphoLex-en,mixed open licences; see teaching_content_sources.csv,Automated candidate enrichment only; not approved teaching truth.,high,approved_for_first_exposure
missed_en_gb,1,/mˈɪst/,,primary,FALSE,{(miss)},MorphoLex-en exact candidate: {(miss)}; POS=VB|JJ.,AI-assisted candidate metadata; verify British pronunciation and teaching relevance.,ai_assisted_draft,"British IPA, CMUdict and MorphoLex candidate enrichment",https://github.com/open-dict-data/ipa-dict; https://github.com/cmusphinx/cmudict; https://github.com/hugomailhot/MorphoLex-en,mixed open licences; see teaching_content_sources.csv,Automated candidate enrichment only; not approved teaching truth.,high,approved_for_first_exposure
metal_en_gb,2,/mˈɛtəl/,,primary-unstressed,TRUE,{(metal)},MorphoLex-en exact candidate: {(metal)}; POS=NN.,AI-assisted candidate metadata; verify British pronunciation and teaching relevance.,ai_assisted_draft,"British IPA, CMUdict and MorphoLex candidate enrichment",https://github.com/open-dict-data/ipa-dict; https://github.com/cmusphinx/cmudict; https://github.com/hugomailhot/MorphoLex-en,mixed open licences; see teaching_content_sources.csv,Automated candidate enrichment only; not approved teaching truth.,high,approved_for_first_exposure
shouldn_t_en_gb,2,/ˈʃʊdnt/,,primary-unstressed,TRUE,{(should)},MorphoLex-en exact candidate: {(should)}; POS=encl.,AI-assisted candidate metadata; verify British pronunciation and teaching relevance.,ai_assisted_draft,"British IPA, CMUdict and MorphoLex candidate enrichment",https://github.com/open-dict-data/ipa-dict; https://github.com/cmusphinx/cmudict; https://github.com/hugomailhot/MorphoLex-en,mixed open licences; see teaching_content_sources.csv,Automated candidate enrichment only; not approved teaching truth.,high,approved_for_first_exposure
target_en_gb,2,/tˈɑːɡɪt/,,primary-unstressed,TRUE,{(target)},MorphoLex-en exact candidate: {(target)}; POS=NN|VB.,AI-assisted candidate metadata; verify British pronunciation and teaching relevance.,ai_assisted_draft,"British IPA, CMUdict and MorphoLex candidate enrichment",https://github.com/open-dict-data/ipa-dict; https://github.com/cmusphinx/cmudict; https://github.com/hugomailhot/MorphoLex-en,mixed open licences; see teaching_content_sources.csv,Automated candidate enrichment only; not approved teaching truth.,high,approved_for_first_exposure
fashion_en_gb,2,/fˈæʃən/,,primary-unstressed,TRUE,{(fashion)},MorphoLex-en exact candidate: {(fashion)}; POS=NN|VB.,AI-assisted candidate metadata; verify British pronunciation and teaching relevance.,ai_assisted_draft,"British IPA, CMUdict and MorphoLex candidate enrichment",https://github.com/open-dict-data/ipa-dict; https://github.com/cmusphinx/cmudict; https://github.com/hugomailhot/MorphoLex-en,mixed open licences; see teaching_content_sources.csv,Automated candidate enrichment only; not approved teaching truth.,high,approved_for_first_exposure
waste_en_gb,1,/wˈeɪst/,,primary,FALSE,{(waste)},MorphoLex-en exact candidate: {(waste)}; POS=NN|VB|JJ.,AI-assisted candidate metadata; verify British pronunciation and teaching relevance.,ai_assisted_draft,"British IPA, CMUdict and MorphoLex candidate enrichment",https://github.com/open-dict-data/ipa-dict; https://github.com/cmusphinx/cmudict; https://github.com/hugomailhot/MorphoLex-en,mixed open licences; see teaching_content_sources.csv,Automated candidate enrichment only; not approved teaching truth.,high,approved_for_first_exposure
apply_en_gb,2,/əˈplaɪ/,,unstressed-primary,TRUE,{(apply)},MorphoLex-en exact candidate: {(apply)}; POS=VB.,AI-assisted candidate metadata; verify British pronunciation and teaching relevance.,ai_assisted_draft,"British IPA, CMUdict and MorphoLex candidate enrichment",https://github.com/open-dict-data/ipa-dict; https://github.com/cmusphinx/cmudict; https://github.com/hugomailhot/MorphoLex-en,mixed open licences; see teaching_content_sources.csv,Automated candidate enrichment only; not approved teaching truth.,high,approved_for_first_exposure
weird_en_gb,1,/wˈiəd/,,primary,FALSE,{(weird)},MorphoLex-en exact candidate: {(weird)}; POS=JJ|NN.,AI-assisted candidate metadata; verify British pronunciation and teaching relevance.,ai_assisted_draft,"British IPA, CMUdict and MorphoLex candidate enrichment",https://github.com/open-dict-data/ipa-dict; https://github.com/cmusphinx/cmudict; https://github.com/hugomailhot/MorphoLex-en,mixed open licences; see teaching_content_sources.csv,Automated candidate enrichment only; not approved teaching truth.,high,approved_for_first_exposure
monday_en_gb,2,/ˈmʌndeɪ/,,primary-unstressed,FALSE,{(mon)(day)},MorphoLex-en exact candidate: {(mon)(day)}; POS=NN.,AI-assisted candidate metadata; verify British pronunciation and teaching relevance.,ai_assisted_draft,"British IPA, CMUdict and MorphoLex candidate enrichment",https://github.com/open-dict-data/ipa-dict; https://github.com/cmusphinx/cmudict; https://github.com/hugomailhot/MorphoLex-en,mixed open licences; see teaching_content_sources.csv,Automated candidate enrichment only; not approved teaching truth.,high,approved_for_first_exposure
happening_en_gb,3,/hˈæpənɪŋ/,,primary-unstressed-unstressed,TRUE,{(happen)},MorphoLex-en exact candidate: {(happen)}; POS=VB|NN|JJ.,AI-assisted candidate metadata; verify British pronunciation and teaching relevance.,ai_assisted_draft,"British IPA, CMUdict and MorphoLex candidate enrichment",https://github.com/open-dict-data/ipa-dict; https://github.com/cmusphinx/cmudict; https://github.com/hugomailhot/MorphoLex-en,mixed open licences; see teaching_content_sources.csv,Automated candidate enrichment only; not approved teaching truth.,high,approved_for_first_exposure
strength_en_gb,1,/stɹˈɛŋθ/,,primary,FALSE,{(strength)},MorphoLex-en exact candidate: {(strength)}; POS=NN.,AI-assisted candidate metadata; verify British pronunciation and teaching relevance.,ai_assisted_draft,"British IPA, CMUdict and MorphoLex candidate enrichment",https://github.com/open-dict-data/ipa-dict; https://github.com/cmusphinx/cmudict; https://github.com/hugomailhot/MorphoLex-en,mixed open licences; see teaching_content_sources.csv,Automated candidate enrichment only; not approved teaching truth.,high,approved_for_first_exposure
television_en_gb,4,/tˈɛlɪvˌɪʒən/,,primary-unstressed-secondary-unstressed,TRUE,{(tele)(vis)>ion>},MorphoLex-en exact candidate: {(tele)(vis)>ion>}; POS=NN.,AI-assisted candidate metadata; verify British pronunciation and teaching relevance.,ai_assisted_draft,"British IPA, CMUdict and MorphoLex candidate enrichment",https://github.com/open-dict-data/ipa-dict; https://github.com/cmusphinx/cmudict; https://github.com/hugomailhot/MorphoLex-en,mixed open licences; see teaching_content_sources.csv,Automated candidate enrichment only; not approved teaching truth.,high,approved_for_first_exposure
improve_en_gb,2,/ɪmpɹˈuːv/,,secondary-primary,FALSE,{(improve)},MorphoLex-en exact candidate: {(improve)}; POS=VB|NN.,AI-assisted candidate metadata; verify British pronunciation and teaching relevance.,ai_assisted_draft,"British IPA, CMUdict and MorphoLex candidate enrichment",https://github.com/open-dict-data/ipa-dict; https://github.com/cmusphinx/cmudict; https://github.com/hugomailhot/MorphoLex-en,mixed open licences; see teaching_content_sources.csv,Automated candidate enrichment only; not approved teaching truth.,high,approved_for_first_exposure
correct_en_gb,2,/kəɹˈɛkt/,,unstressed-primary,TRUE,{(correct)},MorphoLex-en exact candidate: {(correct)}; POS=JJ|VB|NN.,AI-assisted candidate metadata; verify British pronunciation and teaching relevance.,ai_assisted_draft,"British IPA, CMUdict and MorphoLex candidate enrichment",https://github.com/open-dict-data/ipa-dict; https://github.com/cmusphinx/cmudict; https://github.com/hugomailhot/MorphoLex-en,mixed open licences; see teaching_content_sources.csv,Automated candidate enrichment only; not approved teaching truth.,high,approved_for_first_exposure
trouble_en_gb,2,/tɹˈʌbəl/,,primary-unstressed,TRUE,{(trouble)},MorphoLex-en exact candidate: {(trouble)}; POS=NN|VB.,AI-assisted candidate metadata; verify British pronunciation and teaching relevance.,ai_assisted_draft,"British IPA, CMUdict and MorphoLex candidate enrichment",https://github.com/open-dict-data/ipa-dict; https://github.com/cmusphinx/cmudict; https://github.com/hugomailhot/MorphoLex-en,mixed open licences; see teaching_content_sources.csv,Automated candidate enrichment only; not approved teaching truth.,high,approved_for_first_exposure
wood_en_gb,1,/wˈʊd/,,primary,FALSE,{(wood)},MorphoLex-en exact candidate: {(wood)}; POS=NN.,AI-assisted candidate metadata; verify British pronunciation and teaching relevance.,ai_assisted_draft,"British IPA, CMUdict and MorphoLex candidate enrichment",https://github.com/open-dict-data/ipa-dict; https://github.com/cmusphinx/cmudict; https://github.com/hugomailhot/MorphoLex-en,mixed open licences; see teaching_content_sources.csv,Automated candidate enrichment only; not approved teaching truth.,high,approved_for_first_exposure
decide_en_gb,2,/dɪsˈaɪd/,,secondary-primary,FALSE,{(decide)},MorphoLex-en exact candidate: {(decide)}; POS=VB.,AI-assisted candidate metadata; verify British pronunciation and teaching relevance.,ai_assisted_draft,"British IPA, CMUdict and MorphoLex candidate enrichment",https://github.com/open-dict-data/ipa-dict; https://github.com/cmusphinx/cmudict; https://github.com/hugomailhot/MorphoLex-en,mixed open licences; see teaching_content_sources.csv,Automated candidate enrichment only; not approved teaching truth.,high,approved_for_first_exposure
lucky_en_gb,2,/lˈʌki/,,primary-unstressed,FALSE,{(luck)}>y>,MorphoLex-en exact candidate: {(luck)}>y>; POS=JJ|NN.,AI-assisted candidate metadata; verify British pronunciation and teaching relevance.,ai_assisted_draft,"British IPA, CMUdict and MorphoLex candidate enrichment",https://github.com/open-dict-data/ipa-dict; https://github.com/cmusphinx/cmudict; https://github.com/hugomailhot/MorphoLex-en,mixed open licences; see teaching_content_sources.csv,Automated candidate enrichment only; not approved teaching truth.,high,approved_for_first_exposure
possibly_en_gb,3,/pˈɒsəbli/,,primary-unstressed-unstressed,TRUE,{(possible)}>y>,MorphoLex-en exact candidate: {(possible)}>y>; POS=RB.,AI-assisted candidate metadata; verify British pronunciation and teaching relevance.,ai_assisted_draft,"British IPA, CMUdict and MorphoLex candidate enrichment",https://github.com/open-dict-data/ipa-dict; https://github.com/cmusphinx/cmudict; https://github.com/hugomailhot/MorphoLex-en,mixed open licences; see teaching_content_sources.csv,Automated candidate enrichment only; not approved teaching truth.,high,approved_for_first_exposure
dear_en_gb,1,/dˈiə/,,primary,FALSE,{(dear)},MorphoLex-en exact candidate: {(dear)}; POS=JJ|NN|minor.,AI-assisted candidate metadata; verify British pronunciation and teaching relevance.,ai_assisted_draft,"British IPA, CMUdict and MorphoLex candidate enrichment",https://github.com/open-dict-data/ipa-dict; https://github.com/cmusphinx/cmudict; https://github.com/hugomailhot/MorphoLex-en,mixed open licences; see teaching_content_sources.csv,Automated candidate enrichment only; not approved teaching truth.,high,approved_for_first_exposure
length_en_gb,1,/lˈɛŋθ/,,primary,FALSE,{(length)},MorphoLex-en exact candidate: {(length)}; POS=NN.,AI-assisted candidate metadata; verify British pronunciation and teaching relevance.,ai_assisted_draft,"British IPA, CMUdict and MorphoLex candidate enrichment",https://github.com/open-dict-data/ipa-dict; https://github.com/cmusphinx/cmudict; https://github.com/hugomailhot/MorphoLex-en,mixed open licences; see teaching_content_sources.csv,Automated candidate enrichment only; not approved teaching truth.,high,approved_for_first_exposure
patient_en_gb,2,/pˈeɪʃənt/,,primary-unstressed,TRUE,{(patient)},MorphoLex-en exact candidate: {(patient)}; POS=JJ.,AI-assisted candidate metadata; verify British pronunciation and teaching relevance.,ai_assisted_draft,"British IPA, CMUdict and MorphoLex candidate enrichment",https://github.com/open-dict-data/ipa-dict; https://github.com/cmusphinx/cmudict; https://github.com/hugomailhot/MorphoLex-en,mixed open licences; see teaching_content_sources.csv,Automated candidate enrichment only; not approved teaching truth.,high,approved_for_first_exposure
they_ve_en_gb,1,/ðeɪv/,,primary,FALSE,{(they)},MorphoLex-en exact candidate: {(they)}; POS=encl.,AI-assisted candidate metadata; verify British pronunciation and teaching relevance.,ai_assisted_draft,"British IPA, CMUdict and MorphoLex candidate enrichment",https://github.com/open-dict-data/ipa-dict; https://github.com/cmusphinx/cmudict; https://github.com/hugomailhot/MorphoLex-en,mixed open licences; see teaching_content_sources.csv,Automated candidate enrichment only; not approved teaching truth.,high,approved_for_first_exposure
co_author_en_gb,3,/ˌkəʊˈɔːθə/,,secondary-primary-unstressed,TRUE,,No exact MorphoLex-en row; human morphology review required.,AI-assisted candidate metadata; verify British pronunciation and teaching relevance.,internal_authored,Katie Sanderson reviewed pronunciation supplement,/private/tmp/scarlett-pr10-canonical-readiness.00pmR8/docs/implementation/seed-data/teaching-dictionary/candidates/2026-07-22-next-1000-word-batch/review/reviewed-pronunciation-supplements.json,internal,"British IPA supplied by the content owner in the PR #10 import review. Syllable, stress and schwa fields are the structured representation of the supplied IPA.",high,approved_for_first_exposure
vehicle_en_gb,3,/vˈiəkəl/,,primary-unstressed-unstressed,TRUE,{(vehicle)},MorphoLex-en exact candidate: {(vehicle)}; POS=NN.,AI-assisted candidate metadata; verify British pronunciation and teaching relevance.,ai_assisted_draft,"British IPA, CMUdict and MorphoLex candidate enrichment",https://github.com/open-dict-data/ipa-dict; https://github.com/cmusphinx/cmudict; https://github.com/hugomailhot/MorphoLex-en,mixed open licences; see teaching_content_sources.csv,Automated candidate enrichment only; not approved teaching truth.,high,approved_for_first_exposure
conversation_en_gb,4,/kɒnvəsˈeɪʃən/,,secondary-unstressed-primary-unstressed,TRUE,{(converse)}>ion>,MorphoLex-en exact candidate: {(converse)}>ion>; POS=NN.,AI-assisted candidate metadata; verify British pronunciation and teaching relevance.,ai_assisted_draft,"British IPA, CMUdict and MorphoLex candidate enrichment",https://github.com/open-dict-data/ipa-dict; https://github.com/cmusphinx/cmudict; https://github.com/hugomailhot/MorphoLex-en,mixed open licences; see teaching_content_sources.csv,Automated candidate enrichment only; not approved teaching truth.,high,approved_for_first_exposure
variety_en_gb,4,/vəɹˈaɪəti/,,unstressed-primary-unstressed-unstressed,TRUE,{(vary)}>ity>,MorphoLex-en exact candidate: {(vary)}>ity>; POS=NN.,AI-assisted candidate metadata; verify British pronunciation and teaching relevance.,ai_assisted_draft,"British IPA, CMUdict and MorphoLex candidate enrichment",https://github.com/open-dict-data/ipa-dict; https://github.com/cmusphinx/cmudict; https://github.com/hugomailhot/MorphoLex-en,mixed open licences; see teaching_content_sources.csv,Automated candidate enrichment only; not approved teaching truth.,high,approved_for_first_exposure
violence_en_gb,3,/vˈaɪələns/,,primary-unstressed-unstressed,TRUE,{(viol)>ance>},MorphoLex-en exact candidate: {(viol)>ance>}; POS=NN.,AI-assisted candidate metadata; verify British pronunciation and teaching relevance.,ai_assisted_draft,"British IPA, CMUdict and MorphoLex candidate enrichment",https://github.com/open-dict-data/ipa-dict; https://github.com/cmusphinx/cmudict; https://github.com/hugomailhot/MorphoLex-en,mixed open licences; see teaching_content_sources.csv,Automated candidate enrichment only; not approved teaching truth.,high,approved_for_first_exposure
farm_en_gb,1,/fˈɑːm/,,primary,FALSE,{(farm)},MorphoLex-en exact candidate: {(farm)}; POS=NN|VB.,AI-assisted candidate metadata; verify British pronunciation and teaching relevance.,ai_assisted_draft,"British IPA, CMUdict and MorphoLex candidate enrichment",https://github.com/open-dict-data/ipa-dict; https://github.com/cmusphinx/cmudict; https://github.com/hugomailhot/MorphoLex-en,mixed open licences; see teaching_content_sources.csv,Automated candidate enrichment only; not approved teaching truth.,high,approved_for_first_exposure
surprise_en_gb,2,/səpɹˈaɪz/,,unstressed-primary,TRUE,{(surprise)},MorphoLex-en exact candidate: {(surprise)}; POS=NN|VB.,AI-assisted candidate metadata; verify British pronunciation and teaching relevance.,ai_assisted_draft,"British IPA, CMUdict and MorphoLex candidate enrichment",https://github.com/open-dict-data/ipa-dict; https://github.com/cmusphinx/cmudict; https://github.com/hugomailhot/MorphoLex-en,mixed open licences; see teaching_content_sources.csv,Automated candidate enrichment only; not approved teaching truth.,high,approved_for_first_exposure
beauty_en_gb,2,/bjˈuːti/,,primary-unstressed,FALSE,{(beauty)},MorphoLex-en exact candidate: {(beauty)}; POS=NN.,AI-assisted candidate metadata; verify British pronunciation and teaching relevance.,ai_assisted_draft,"British IPA, CMUdict and MorphoLex candidate enrichment",https://github.com/open-dict-data/ipa-dict; https://github.com/cmusphinx/cmudict; https://github.com/hugomailhot/MorphoLex-en,mixed open licences; see teaching_content_sources.csv,Automated candidate enrichment only; not approved teaching truth.,high,approved_for_first_exposure
guide_en_gb,1,/ɡˈaɪd/,,primary,FALSE,{(guide)},MorphoLex-en exact candidate: {(guide)}; POS=NN|VB.,AI-assisted candidate metadata; verify British pronunciation and teaching relevance.,ai_assisted_draft,"British IPA, CMUdict and MorphoLex candidate enrichment",https://github.com/open-dict-data/ipa-dict; https://github.com/cmusphinx/cmudict; https://github.com/hugomailhot/MorphoLex-en,mixed open licences; see teaching_content_sources.csv,Automated candidate enrichment only; not approved teaching truth.,high,approved_for_first_exposure
develop_en_gb,3,/dɪvˈɛləp/,,unstressed-primary-unstressed,TRUE,{(develop)},MorphoLex-en exact candidate: {(develop)}; POS=VB.,AI-assisted candidate metadata; verify British pronunciation and teaching relevance.,ai_assisted_draft,"British IPA, CMUdict and MorphoLex candidate enrichment",https://github.com/open-dict-data/ipa-dict; https://github.com/cmusphinx/cmudict; https://github.com/hugomailhot/MorphoLex-en,mixed open licences; see teaching_content_sources.csv,Automated candidate enrichment only; not approved teaching truth.,high,approved_for_first_exposure
suggest_en_gb,2,/sədʒˈɛst/,,unstressed-primary,TRUE,{(suggest)},MorphoLex-en exact candidate: {(suggest)}; POS=VB.,AI-assisted candidate metadata; verify British pronunciation and teaching relevance.,ai_assisted_draft,"British IPA, CMUdict and MorphoLex candidate enrichment",https://github.com/open-dict-data/ipa-dict; https://github.com/cmusphinx/cmudict; https://github.com/hugomailhot/MorphoLex-en,mixed open licences; see teaching_content_sources.csv,Automated candidate enrichment only; not approved teaching truth.,high,approved_for_first_exposure
lovely_en_gb,2,/lˈʌvli/,,primary-unstressed,FALSE,{(love)}>ly>,MorphoLex-en exact candidate: {(love)}>ly>; POS=JJ|NN.,AI-assisted candidate metadata; verify British pronunciation and teaching relevance.,ai_assisted_draft,"British IPA, CMUdict and MorphoLex candidate enrichment",https://github.com/open-dict-data/ipa-dict; https://github.com/cmusphinx/cmudict; https://github.com/hugomailhot/MorphoLex-en,mixed open licences; see teaching_content_sources.csv,Automated candidate enrichment only; not approved teaching truth.,high,approved_for_first_exposure
reference_en_gb,3,/ɹˈɛfɹəns/,,primary-unstressed-unstressed,TRUE,{(refer)}>ance>,MorphoLex-en exact candidate: {(refer)}>ance>; POS=NN.,AI-assisted candidate metadata; verify British pronunciation and teaching relevance.,ai_assisted_draft,"British IPA, CMUdict and MorphoLex candidate enrichment",https://github.com/open-dict-data/ipa-dict; https://github.com/cmusphinx/cmudict; https://github.com/hugomailhot/MorphoLex-en,mixed open licences; see teaching_content_sources.csv,Automated candidate enrichment only; not approved teaching truth.,high,approved_for_first_exposure
appreciate_en_gb,4,/ɐpɹˈiːʃɪˌeɪt/,,unstressed-primary-unstressed-secondary,TRUE,{<a<(preci)>ate>},MorphoLex-en exact candidate: {<a<(preci)>ate>}; POS=VB.,AI-assisted candidate metadata; verify British pronunciation and teaching relevance.,ai_assisted_draft,"British IPA, CMUdict and MorphoLex candidate enrichment",https://github.com/open-dict-data/ipa-dict; https://github.com/cmusphinx/cmudict; https://github.com/hugomailhot/MorphoLex-en,mixed open licences; see teaching_content_sources.csv,Automated candidate enrichment only; not approved teaching truth.,high,approved_for_first_exposure
dry_en_gb,1,/dɹˈaɪ/,,primary,FALSE,{(dry)},MorphoLex-en exact candidate: {(dry)}; POS=JJ|VB|RB|NN.,AI-assisted candidate metadata; verify British pronunciation and teaching relevance.,ai_assisted_draft,"British IPA, CMUdict and MorphoLex candidate enrichment",https://github.com/open-dict-data/ipa-dict; https://github.com/cmusphinx/cmudict; https://github.com/hugomailhot/MorphoLex-en,mixed open licences; see teaching_content_sources.csv,Automated candidate enrichment only; not approved teaching truth.,high,approved_for_first_exposure
evil_en_gb,2,/ˈiːvəl/,,primary-unstressed,TRUE,{(evil)},MorphoLex-en exact candidate: {(evil)}; POS=JJ|NN.,AI-assisted candidate metadata; verify British pronunciation and teaching relevance.,ai_assisted_draft,"British IPA, CMUdict and MorphoLex candidate enrichment",https://github.com/open-dict-data/ipa-dict; https://github.com/cmusphinx/cmudict; https://github.com/hugomailhot/MorphoLex-en,mixed open licences; see teaching_content_sources.csv,Automated candidate enrichment only; not approved teaching truth.,high,approved_for_first_exposure
parliament_en_gb,3,/pˈɑːləmənt/,,primary-unstressed-unstressed,TRUE,{(parliament)},MorphoLex-en exact candidate: {(parliament)}; POS=NN.,AI-assisted candidate metadata; verify British pronunciation and teaching relevance.,ai_assisted_draft,"British IPA, CMUdict and MorphoLex candidate enrichment",https://github.com/open-dict-data/ipa-dict; https://github.com/cmusphinx/cmudict; https://github.com/hugomailhot/MorphoLex-en,mixed open licences; see teaching_content_sources.csv,Automated candidate enrichment only; not approved teaching truth.,high,approved_for_first_exposure
closer_en_gb,2,/ˈkləʊsə/,,primary-unstressed,TRUE,{(close)}>er>,MorphoLex-en exact candidate: {(close)}>er>; POS=JJ|RB.,AI-assisted candidate metadata; verify British pronunciation and teaching relevance.,ai_assisted_draft,"British IPA, CMUdict and MorphoLex candidate enrichment",https://github.com/open-dict-data/ipa-dict; https://github.com/cmusphinx/cmudict; https://github.com/hugomailhot/MorphoLex-en,mixed open licences; see teaching_content_sources.csv,Automated candidate enrichment only; not approved teaching truth.,high,approved_for_first_exposure
reaction_en_gb,3,/ɹɪˈækʃən/,,unstressed-primary-unstressed,TRUE,{<re<(act)}>ion>,MorphoLex-en exact candidate: {<re<(act)}>ion>; POS=NN.,AI-assisted candidate metadata; verify British pronunciation and teaching relevance.,ai_assisted_draft,"British IPA, CMUdict and MorphoLex candidate enrichment",https://github.com/open-dict-data/ipa-dict; https://github.com/cmusphinx/cmudict; https://github.com/hugomailhot/MorphoLex-en,mixed open licences; see teaching_content_sources.csv,Automated candidate enrichment only; not approved teaching truth.,high,approved_for_first_exposure
excellent_en_gb,3,/ˈɛksələnt/,,primary-unstressed-unstressed,TRUE,{(excel)}>ant>,MorphoLex-en exact candidate: {(excel)}>ant>; POS=JJ|NN.,AI-assisted candidate metadata; verify British pronunciation and teaching relevance.,ai_assisted_draft,"British IPA, CMUdict and MorphoLex candidate enrichment",https://github.com/open-dict-data/ipa-dict; https://github.com/cmusphinx/cmudict; https://github.com/hugomailhot/MorphoLex-en,mixed open licences; see teaching_content_sources.csv,Automated candidate enrichment only; not approved teaching truth.,high,approved_for_first_exposure
arm_en_gb,1,/ˈɑːm/,,primary,FALSE,{(arm)},MorphoLex-en exact candidate: {(arm)}; POS=NN|VB.,AI-assisted candidate metadata; verify British pronunciation and teaching relevance.,ai_assisted_draft,"British IPA, CMUdict and MorphoLex candidate enrichment",https://github.com/open-dict-data/ipa-dict; https://github.com/cmusphinx/cmudict; https://github.com/hugomailhot/MorphoLex-en,mixed open licences; see teaching_content_sources.csv,Automated candidate enrichment only; not approved teaching truth.,high,approved_for_first_exposure
sport_en_gb,1,/spˈɔːt/,,primary,FALSE,{(sport)},MorphoLex-en exact candidate: {(sport)}; POS=NN|VB.,AI-assisted candidate metadata; verify British pronunciation and teaching relevance.,ai_assisted_draft,"British IPA, CMUdict and MorphoLex candidate enrichment",https://github.com/open-dict-data/ipa-dict; https://github.com/cmusphinx/cmudict; https://github.com/hugomailhot/MorphoLex-en,mixed open licences; see teaching_content_sources.csv,Automated candidate enrichment only; not approved teaching truth.,high,approved_for_first_exposure
tea_en_gb,1,/tˈiː/,,primary,FALSE,{(tea)},MorphoLex-en exact candidate: {(tea)}; POS=NN.,AI-assisted candidate metadata; verify British pronunciation and teaching relevance.,ai_assisted_draft,"British IPA, CMUdict and MorphoLex candidate enrichment",https://github.com/open-dict-data/ipa-dict; https://github.com/cmusphinx/cmudict; https://github.com/hugomailhot/MorphoLex-en,mixed open licences; see teaching_content_sources.csv,Automated candidate enrichment only; not approved teaching truth.,high,approved_for_first_exposure
dropped_en_gb,1,/dɹˈɒpt/,,primary,FALSE,{(drop)},MorphoLex-en exact candidate: {(drop)}; POS=VB.,AI-assisted candidate metadata; verify British pronunciation and teaching relevance.,ai_assisted_draft,"British IPA, CMUdict and MorphoLex candidate enrichment",https://github.com/open-dict-data/ipa-dict; https://github.com/cmusphinx/cmudict; https://github.com/hugomailhot/MorphoLex-en,mixed open licences; see teaching_content_sources.csv,Automated candidate enrichment only; not approved teaching truth.,high,approved_for_first_exposure
guard_en_gb,1,/ɡˈɑːd/,,primary,FALSE,{(guard)},MorphoLex-en exact candidate: {(guard)}; POS=NN|VB.,AI-assisted candidate metadata; verify British pronunciation and teaching relevance.,ai_assisted_draft,"British IPA, CMUdict and MorphoLex candidate enrichment",https://github.com/open-dict-data/ipa-dict; https://github.com/cmusphinx/cmudict; https://github.com/hugomailhot/MorphoLex-en,mixed open licences; see teaching_content_sources.csv,Automated candidate enrichment only; not approved teaching truth.,high,approved_for_first_exposure
medicine_en_gb,3,/mˈɛdsən/,,primary-unstressed-unstressed,TRUE,{(medicine)},MorphoLex-en exact candidate: {(medicine)}; POS=NN.,AI-assisted candidate metadata; verify British pronunciation and teaching relevance.,ai_assisted_draft,"British IPA, CMUdict and MorphoLex candidate enrichment",https://github.com/open-dict-data/ipa-dict; https://github.com/cmusphinx/cmudict; https://github.com/hugomailhot/MorphoLex-en,mixed open licences; see teaching_content_sources.csv,Automated candidate enrichment only; not approved teaching truth.,high,approved_for_first_exposure
assistant_en_gb,3,/ɐsˈɪstənt/,,unstressed-primary-unstressed,TRUE,{(assist)}>ant>,MorphoLex-en exact candidate: {(assist)}>ant>; POS=NN.,AI-assisted candidate metadata; verify British pronunciation and teaching relevance.,ai_assisted_draft,"British IPA, CMUdict and MorphoLex candidate enrichment",https://github.com/open-dict-data/ipa-dict; https://github.com/cmusphinx/cmudict; https://github.com/hugomailhot/MorphoLex-en,mixed open licences; see teaching_content_sources.csv,Automated candidate enrichment only; not approved teaching truth.,high,approved_for_first_exposure
pair_en_gb,1,/pˈeə/,,primary,FALSE,{(pair)},MorphoLex-en exact candidate: {(pair)}; POS=NN|VB|JJ.,AI-assisted candidate metadata; verify British pronunciation and teaching relevance.,ai_assisted_draft,"British IPA, CMUdict and MorphoLex candidate enrichment",https://github.com/open-dict-data/ipa-dict; https://github.com/cmusphinx/cmudict; https://github.com/hugomailhot/MorphoLex-en,mixed open licences; see teaching_content_sources.csv,Automated candidate enrichment only; not approved teaching truth.,high,approved_for_first_exposure
clothes_en_gb,1,/klˈəʊðz/,,primary,FALSE,{(cloth)},MorphoLex-en exact candidate: {(cloth)}; POS=NN.,AI-assisted candidate metadata; verify British pronunciation and teaching relevance.,ai_assisted_draft,"British IPA, CMUdict and MorphoLex candidate enrichment",https://github.com/open-dict-data/ipa-dict; https://github.com/cmusphinx/cmudict; https://github.com/hugomailhot/MorphoLex-en,mixed open licences; see teaching_content_sources.csv,Automated candidate enrichment only; not approved teaching truth.,high,approved_for_first_exposure
prince_en_gb,1,/pɹˈɪns/,,primary,FALSE,{(prince)},MorphoLex-en exact candidate: {(prince)}; POS=NN.,AI-assisted candidate metadata; verify British pronunciation and teaching relevance.,ai_assisted_draft,"British IPA, CMUdict and MorphoLex candidate enrichment",https://github.com/open-dict-data/ipa-dict; https://github.com/cmusphinx/cmudict; https://github.com/hugomailhot/MorphoLex-en,mixed open licences; see teaching_content_sources.csv,Automated candidate enrichment only; not approved teaching truth.,high,approved_for_first_exposure
session_en_gb,2,/sˈɛʃən/,,primary-unstressed,TRUE,{(session)},MorphoLex-en exact candidate: {(session)}; POS=NN.,AI-assisted candidate metadata; verify British pronunciation and teaching relevance.,ai_assisted_draft,"British IPA, CMUdict and MorphoLex candidate enrichment",https://github.com/open-dict-data/ipa-dict; https://github.com/cmusphinx/cmudict; https://github.com/hugomailhot/MorphoLex-en,mixed open licences; see teaching_content_sources.csv,Automated candidate enrichment only; not approved teaching truth.,high,approved_for_first_exposure
mail_en_gb,1,/mˈeɪl/,,primary,FALSE,{(mail)},MorphoLex-en exact candidate: {(mail)}; POS=NN|VB.,AI-assisted candidate metadata; verify British pronunciation and teaching relevance.,ai_assisted_draft,"British IPA, CMUdict and MorphoLex candidate enrichment",https://github.com/open-dict-data/ipa-dict; https://github.com/cmusphinx/cmudict; https://github.com/hugomailhot/MorphoLex-en,mixed open licences; see teaching_content_sources.csv,Automated candidate enrichment only; not approved teaching truth.,high,approved_for_first_exposure
transfer_en_gb,2,/trænsˈfɜː/,,unstressed-primary,FALSE,{(transfer)},MorphoLex-en exact candidate: {(transfer)}; POS=NN.,AI-assisted candidate metadata; verify British pronunciation and teaching relevance.,ai_assisted_draft,"British IPA, CMUdict and MorphoLex candidate enrichment",https://github.com/open-dict-data/ipa-dict; https://github.com/cmusphinx/cmudict; https://github.com/hugomailhot/MorphoLex-en,mixed open licences; see teaching_content_sources.csv,Automated candidate enrichment only; not approved teaching truth.,high,approved_for_first_exposure
discussion_en_gb,3,/dɪskˈʌʃən/,,unstressed-primary-unstressed,TRUE,{(discus)}>ion>,MorphoLex-en exact candidate: {(discus)}>ion>; POS=NN.,AI-assisted candidate metadata; verify British pronunciation and teaching relevance.,ai_assisted_draft,"British IPA, CMUdict and MorphoLex candidate enrichment",https://github.com/open-dict-data/ipa-dict; https://github.com/cmusphinx/cmudict; https://github.com/hugomailhot/MorphoLex-en,mixed open licences; see teaching_content_sources.csv,Automated candidate enrichment only; not approved teaching truth.,high,approved_for_first_exposure
terrible_en_gb,3,/tˈɛɹəbəl/,,primary-unstressed-unstressed,TRUE,{(terr)>able>},MorphoLex-en exact candidate: {(terr)>able>}; POS=JJ.,AI-assisted candidate metadata; verify British pronunciation and teaching relevance.,ai_assisted_draft,"British IPA, CMUdict and MorphoLex candidate enrichment",https://github.com/open-dict-data/ipa-dict; https://github.com/cmusphinx/cmudict; https://github.com/hugomailhot/MorphoLex-en,mixed open licences; see teaching_content_sources.csv,Automated candidate enrichment only; not approved teaching truth.,high,approved_for_first_exposure
bear_en_gb,1,/bˈeə/,,primary,FALSE,{(bear)},MorphoLex-en exact candidate: {(bear)}; POS=VB|NN.,AI-assisted candidate metadata; verify British pronunciation and teaching relevance.,ai_assisted_draft,"British IPA, CMUdict and MorphoLex candidate enrichment",https://github.com/open-dict-data/ipa-dict; https://github.com/cmusphinx/cmudict; https://github.com/hugomailhot/MorphoLex-en,mixed open licences; see teaching_content_sources.csv,Automated candidate enrichment only; not approved teaching truth.,high,approved_for_first_exposure
hasn_t_en_gb,2,/ˈhæznt/,,primary-unstressed,TRUE,{(has)},MorphoLex-en exact candidate: {(has)}; POS=encl.,AI-assisted candidate metadata; verify British pronunciation and teaching relevance.,ai_assisted_draft,"British IPA, CMUdict and MorphoLex candidate enrichment",https://github.com/open-dict-data/ipa-dict; https://github.com/cmusphinx/cmudict; https://github.com/hugomailhot/MorphoLex-en,mixed open licences; see teaching_content_sources.csv,Automated candidate enrichment only; not approved teaching truth.,high,approved_for_first_exposure
accident_en_gb,3,/ˈæksɪdənt/,,primary-unstressed-unstressed,TRUE,{(accident)},MorphoLex-en exact candidate: {(accident)}; POS=NN.,AI-assisted candidate metadata; verify British pronunciation and teaching relevance.,ai_assisted_draft,"British IPA, CMUdict and MorphoLex candidate enrichment",https://github.com/open-dict-data/ipa-dict; https://github.com/cmusphinx/cmudict; https://github.com/hugomailhot/MorphoLex-en,mixed open licences; see teaching_content_sources.csv,Automated candidate enrichment only; not approved teaching truth.,high,approved_for_first_exposure
steel_en_gb,1,/stˈiːl/,,primary,FALSE,{(steel)},MorphoLex-en exact candidate: {(steel)}; POS=NN|VB.,AI-assisted candidate metadata; verify British pronunciation and teaching relevance.,ai_assisted_draft,"British IPA, CMUdict and MorphoLex candidate enrichment",https://github.com/open-dict-data/ipa-dict; https://github.com/cmusphinx/cmudict; https://github.com/hugomailhot/MorphoLex-en,mixed open licences; see teaching_content_sources.csv,Automated candidate enrichment only; not approved teaching truth.,high,approved_for_first_exposure
intelligence_en_gb,4,/ɪntˈɛlɪdʒəns/,,secondary-primary-unstressed-unstressed,TRUE,{(intellig)>ance>},MorphoLex-en exact candidate: {(intellig)>ance>}; POS=NN.,AI-assisted candidate metadata; verify British pronunciation and teaching relevance.,ai_assisted_draft,"British IPA, CMUdict and MorphoLex candidate enrichment",https://github.com/open-dict-data/ipa-dict; https://github.com/cmusphinx/cmudict; https://github.com/hugomailhot/MorphoLex-en,mixed open licences; see teaching_content_sources.csv,Automated candidate enrichment only; not approved teaching truth.,high,approved_for_first_exposure
crew_en_gb,1,/kɹˈuː/,,primary,FALSE,{(crew)},MorphoLex-en exact candidate: {(crew)}; POS=NN|VB.,AI-assisted candidate metadata; verify British pronunciation and teaching relevance.,ai_assisted_draft,"British IPA, CMUdict and MorphoLex candidate enrichment",https://github.com/open-dict-data/ipa-dict; https://github.com/cmusphinx/cmudict; https://github.com/hugomailhot/MorphoLex-en,mixed open licences; see teaching_content_sources.csv,Automated candidate enrichment only; not approved teaching truth.,high,approved_for_first_exposure
limit_en_gb,2,/lˈɪmɪt/,,primary-unstressed,TRUE,{(limit)},MorphoLex-en exact candidate: {(limit)}; POS=NN|VB.,AI-assisted candidate metadata; verify British pronunciation and teaching relevance.,ai_assisted_draft,"British IPA, CMUdict and MorphoLex candidate enrichment",https://github.com/open-dict-data/ipa-dict; https://github.com/cmusphinx/cmudict; https://github.com/hugomailhot/MorphoLex-en,mixed open licences; see teaching_content_sources.csv,Automated candidate enrichment only; not approved teaching truth.,high,approved_for_first_exposure
profit_en_gb,2,/pɹˈɒfɪt/,,primary-unstressed,TRUE,{(profit)},MorphoLex-en exact candidate: {(profit)}; POS=NN|VB.,AI-assisted candidate metadata; verify British pronunciation and teaching relevance.,ai_assisted_draft,"British IPA, CMUdict and MorphoLex candidate enrichment",https://github.com/open-dict-data/ipa-dict; https://github.com/cmusphinx/cmudict; https://github.com/hugomailhot/MorphoLex-en,mixed open licences; see teaching_content_sources.csv,Automated candidate enrichment only; not approved teaching truth.,high,approved_for_first_exposure
survey_en_gb,2,/ˈsɜːveɪ/,,unstressed-primary,TRUE,{<sur<(vey)},MorphoLex-en exact candidate: {<sur<(vey)}; POS=NN.,AI-assisted candidate metadata; verify British pronunciation and teaching relevance.,ai_assisted_draft,"British IPA, CMUdict and MorphoLex candidate enrichment",https://github.com/open-dict-data/ipa-dict; https://github.com/cmusphinx/cmudict; https://github.com/hugomailhot/MorphoLex-en,mixed open licences; see teaching_content_sources.csv,Automated candidate enrichment only; not approved teaching truth.,high,approved_for_first_exposure
chair_en_gb,1,/tʃˈeə/,,primary,FALSE,{(chair)},MorphoLex-en exact candidate: {(chair)}; POS=NN|VB.,AI-assisted candidate metadata; verify British pronunciation and teaching relevance.,ai_assisted_draft,"British IPA, CMUdict and MorphoLex candidate enrichment",https://github.com/open-dict-data/ipa-dict; https://github.com/cmusphinx/cmudict; https://github.com/hugomailhot/MorphoLex-en,mixed open licences; see teaching_content_sources.csv,Automated candidate enrichment only; not approved teaching truth.,high,approved_for_first_exposure
grew_en_gb,1,/ɡɹˈuː/,,primary,FALSE,{(grew)},MorphoLex-en exact candidate: {(grew)}; POS=VB.,AI-assisted candidate metadata; verify British pronunciation and teaching relevance.,ai_assisted_draft,"British IPA, CMUdict and MorphoLex candidate enrichment",https://github.com/open-dict-data/ipa-dict; https://github.com/cmusphinx/cmudict; https://github.com/hugomailhot/MorphoLex-en,mixed open licences; see teaching_content_sources.csv,Automated candidate enrichment only; not approved teaching truth.,high,approved_for_first_exposure
launch_en_gb,1,/lˈɔːntʃ/,,primary,FALSE,{(launch)},MorphoLex-en exact candidate: {(launch)}; POS=NN|VB.,AI-assisted candidate metadata; verify British pronunciation and teaching relevance.,ai_assisted_draft,"British IPA, CMUdict and MorphoLex candidate enrichment",https://github.com/open-dict-data/ipa-dict; https://github.com/cmusphinx/cmudict; https://github.com/hugomailhot/MorphoLex-en,mixed open licences; see teaching_content_sources.csv,Automated candidate enrichment only; not approved teaching truth.,high,approved_for_first_exposure
shopping_en_gb,2,/ʃˈɒpɪŋ/,,primary-unstressed,FALSE,{(shop)},MorphoLex-en exact candidate: {(shop)}; POS=NN|VB.,AI-assisted candidate metadata; verify British pronunciation and teaching relevance.,ai_assisted_draft,"British IPA, CMUdict and MorphoLex candidate enrichment",https://github.com/open-dict-data/ipa-dict; https://github.com/cmusphinx/cmudict; https://github.com/hugomailhot/MorphoLex-en,mixed open licences; see teaching_content_sources.csv,Automated candidate enrichment only; not approved teaching truth.,high,approved_for_first_exposure
sugar_en_gb,2,/ʃˈʊɡɐ/,,primary-unstressed,TRUE,{(sugar)},MorphoLex-en exact candidate: {(sugar)}; POS=NN|VB.,AI-assisted candidate metadata; verify British pronunciation and teaching relevance.,ai_assisted_draft,"British IPA, CMUdict and MorphoLex candidate enrichment",https://github.com/open-dict-data/ipa-dict; https://github.com/cmusphinx/cmudict; https://github.com/hugomailhot/MorphoLex-en,mixed open licences; see teaching_content_sources.csv,Automated candidate enrichment only; not approved teaching truth.,high,approved_for_first_exposure
weren_t_en_gb,2,/wɜːnt/,,primary-unstressed,TRUE,{(were)},MorphoLex-en exact candidate: {(were)}; POS=encl.,AI-assisted candidate metadata; verify British pronunciation and teaching relevance.,ai_assisted_draft,"British IPA, CMUdict and MorphoLex candidate enrichment",https://github.com/open-dict-data/ipa-dict; https://github.com/cmusphinx/cmudict; https://github.com/hugomailhot/MorphoLex-en,mixed open licences; see teaching_content_sources.csv,Automated candidate enrichment only; not approved teaching truth.,high,approved_for_first_exposure
ending_en_gb,2,/ˈɛndɪŋ/,,primary-unstressed,FALSE,{(end)},MorphoLex-en exact candidate: {(end)}; POS=VB|NN.,AI-assisted candidate metadata; verify British pronunciation and teaching relevance.,ai_assisted_draft,"British IPA, CMUdict and MorphoLex candidate enrichment",https://github.com/open-dict-data/ipa-dict; https://github.com/cmusphinx/cmudict; https://github.com/hugomailhot/MorphoLex-en,mixed open licences; see teaching_content_sources.csv,Automated candidate enrichment only; not approved teaching truth.,high,approved_for_first_exposure
exercise_en_gb,3,/ˈɛksəsˌaɪz/,,primary-unstressed-secondary,TRUE,{(exercise)},MorphoLex-en exact candidate: {(exercise)}; POS=NN|VB.,AI-assisted candidate metadata; verify British pronunciation and teaching relevance.,ai_assisted_draft,"British IPA, CMUdict and MorphoLex candidate enrichment",https://github.com/open-dict-data/ipa-dict; https://github.com/cmusphinx/cmudict; https://github.com/hugomailhot/MorphoLex-en,mixed open licences; see teaching_content_sources.csv,Automated candidate enrichment only; not approved teaching truth.,high,approved_for_first_exposure
ancient_en_gb,2,/ˈeɪnʃənt/,,primary-unstressed,TRUE,{(ancient)},MorphoLex-en exact candidate: {(ancient)}; POS=JJ|NN.,AI-assisted candidate metadata; verify British pronunciation and teaching relevance.,ai_assisted_draft,"British IPA, CMUdict and MorphoLex candidate enrichment",https://github.com/open-dict-data/ipa-dict; https://github.com/cmusphinx/cmudict; https://github.com/hugomailhot/MorphoLex-en,mixed open licences; see teaching_content_sources.csv,Automated candidate enrichment only; not approved teaching truth.,high,approved_for_first_exposure
restaurant_en_gb,3,/ɹˈɛstɹɒnt/,,primary-unstressed-secondary,TRUE,{(restaurant)},MorphoLex-en exact candidate: {(restaurant)}; POS=NN.,AI-assisted candidate metadata; verify British pronunciation and teaching relevance.,ai_assisted_draft,"British IPA, CMUdict and MorphoLex candidate enrichment",https://github.com/open-dict-data/ipa-dict; https://github.com/cmusphinx/cmudict; https://github.com/hugomailhot/MorphoLex-en,mixed open licences; see teaching_content_sources.csv,Automated candidate enrichment only; not approved teaching truth.,high,approved_for_first_exposure
re_enter_en_gb,3,/ˌriːˈentə/,,secondary-primary-unstressed,TRUE,,No exact MorphoLex-en row; human morphology review required.,AI-assisted candidate metadata; verify British pronunciation and teaching relevance.,internal_authored,Katie Sanderson reviewed pronunciation supplement,/private/tmp/scarlett-pr10-canonical-readiness.00pmR8/docs/implementation/seed-data/teaching-dictionary/candidates/2026-07-22-next-1000-word-batch/review/reviewed-pronunciation-supplements.json,internal,"British IPA supplied by the content owner in the PR #10 import review. Syllable, stress and schwa fields are the structured representation of the supplied IPA.",high,approved_for_first_exposure
device_en_gb,2,/dɪvˈaɪs/,,unstressed-primary,FALSE,{(device)},MorphoLex-en exact candidate: {(device)}; POS=NN.,AI-assisted candidate metadata; verify British pronunciation and teaching relevance.,ai_assisted_draft,"British IPA, CMUdict and MorphoLex candidate enrichment",https://github.com/open-dict-data/ipa-dict; https://github.com/cmusphinx/cmudict; https://github.com/hugomailhot/MorphoLex-en,mixed open licences; see teaching_content_sources.csv,Automated candidate enrichment only; not approved teaching truth.,high,approved_for_first_exposure
comfortable_en_gb,4,/kˈʌmftəbəl/,,primary-unstressed-unstressed-unstressed,TRUE,{(comfort)}>able>,MorphoLex-en exact candidate: {(comfort)}>able>; POS=JJ.,AI-assisted candidate metadata; verify British pronunciation and teaching relevance.,ai_assisted_draft,"British IPA, CMUdict and MorphoLex candidate enrichment",https://github.com/open-dict-data/ipa-dict; https://github.com/cmusphinx/cmudict; https://github.com/hugomailhot/MorphoLex-en,mixed open licences; see teaching_content_sources.csv,Automated candidate enrichment only; not approved teaching truth.,high,approved_for_first_exposure
hole_en_gb,1,/hˈəʊl/,,primary,FALSE,{(hole)},MorphoLex-en exact candidate: {(hole)}; POS=NN|VB.,AI-assisted candidate metadata; verify British pronunciation and teaching relevance.,ai_assisted_draft,"British IPA, CMUdict and MorphoLex candidate enrichment",https://github.com/open-dict-data/ipa-dict; https://github.com/cmusphinx/cmudict; https://github.com/hugomailhot/MorphoLex-en,mixed open licences; see teaching_content_sources.csv,Automated candidate enrichment only; not approved teaching truth.,high,approved_for_first_exposure
angry_en_gb,2,/ˈæŋɡɹi/,,primary-unstressed,FALSE,{(angry)},MorphoLex-en exact candidate: {(angry)}; POS=JJ.,AI-assisted candidate metadata; verify British pronunciation and teaching relevance.,ai_assisted_draft,"British IPA, CMUdict and MorphoLex candidate enrichment",https://github.com/open-dict-data/ipa-dict; https://github.com/cmusphinx/cmudict; https://github.com/hugomailhot/MorphoLex-en,mixed open licences; see teaching_content_sources.csv,Automated candidate enrichment only; not approved teaching truth.,high,approved_for_first_exposure
listening_en_gb,3,/lˈɪsənɪŋ/,,primary-unstressed-unstressed,TRUE,{(listen)},MorphoLex-en exact candidate: {(listen)}; POS=VB|NN.,AI-assisted candidate metadata; verify British pronunciation and teaching relevance.,ai_assisted_draft,"British IPA, CMUdict and MorphoLex candidate enrichment",https://github.com/open-dict-data/ipa-dict; https://github.com/cmusphinx/cmudict; https://github.com/hugomailhot/MorphoLex-en,mixed open licences; see teaching_content_sources.csv,Automated candidate enrichment only; not approved teaching truth.,high,approved_for_first_exposure
numerous_en_gb,3,/njˈuːməɹəs/,,primary-unstressed-unstressed,TRUE,{(numer)>ious>},MorphoLex-en exact candidate: {(numer)>ious>}; POS=JJ.,AI-assisted candidate metadata; verify British pronunciation and teaching relevance.,ai_assisted_draft,"British IPA, CMUdict and MorphoLex candidate enrichment",https://github.com/open-dict-data/ipa-dict; https://github.com/cmusphinx/cmudict; https://github.com/hugomailhot/MorphoLex-en,mixed open licences; see teaching_content_sources.csv,Automated candidate enrichment only; not approved teaching truth.,high,approved_for_first_exposure
focused_en_gb,2,/fˈəʊkəsd/,,primary-unstressed,TRUE,{(foc)>us>},MorphoLex-en exact candidate: {(foc)>us>}; POS=VB.,AI-assisted candidate metadata; verify British pronunciation and teaching relevance.,ai_assisted_draft,"British IPA, CMUdict and MorphoLex candidate enrichment",https://github.com/open-dict-data/ipa-dict; https://github.com/cmusphinx/cmudict; https://github.com/hugomailhot/MorphoLex-en,mixed open licences; see teaching_content_sources.csv,Automated candidate enrichment only; not approved teaching truth.,high,approved_for_first_exposure
confidence_en_gb,3,/kˈɒnfɪdəns/,,primary-unstressed-unstressed,TRUE,{(confide)}>ance>,MorphoLex-en exact candidate: {(confide)}>ance>; POS=NN.,AI-assisted candidate metadata; verify British pronunciation and teaching relevance.,ai_assisted_draft,"British IPA, CMUdict and MorphoLex candidate enrichment",https://github.com/open-dict-data/ipa-dict; https://github.com/cmusphinx/cmudict; https://github.com/hugomailhot/MorphoLex-en,mixed open licences; see teaching_content_sources.csv,Automated candidate enrichment only; not approved teaching truth.,high,approved_for_first_exposure
identity_en_gb,4,/aɪdˈɛntɪti/,,unstressed-primary-unstressed-secondary,FALSE,{(ident)>ity>},MorphoLex-en exact candidate: {(ident)>ity>}; POS=NN.,AI-assisted candidate metadata; verify British pronunciation and teaching relevance.,ai_assisted_draft,"British IPA, CMUdict and MorphoLex candidate enrichment",https://github.com/open-dict-data/ipa-dict; https://github.com/cmusphinx/cmudict; https://github.com/hugomailhot/MorphoLex-en,mixed open licences; see teaching_content_sources.csv,Automated candidate enrichment only; not approved teaching truth.,high,approved_for_first_exposure
cook_en_gb,1,/kˈʊk/,,primary,FALSE,{(cook)},MorphoLex-en exact candidate: {(cook)}; POS=NN|VB.,AI-assisted candidate metadata; verify British pronunciation and teaching relevance.,ai_assisted_draft,"British IPA, CMUdict and MorphoLex candidate enrichment",https://github.com/open-dict-data/ipa-dict; https://github.com/cmusphinx/cmudict; https://github.com/hugomailhot/MorphoLex-en,mixed open licences; see teaching_content_sources.csv,Automated candidate enrichment only; not approved teaching truth.,high,approved_for_first_exposure
kitchen_en_gb,2,/kˈɪtʃən/,,primary-unstressed,TRUE,{(kitchen)},MorphoLex-en exact candidate: {(kitchen)}; POS=NN.,AI-assisted candidate metadata; verify British pronunciation and teaching relevance.,ai_assisted_draft,"British IPA, CMUdict and MorphoLex candidate enrichment",https://github.com/open-dict-data/ipa-dict; https://github.com/cmusphinx/cmudict; https://github.com/hugomailhot/MorphoLex-en,mixed open licences; see teaching_content_sources.csv,Automated candidate enrichment only; not approved teaching truth.,high,approved_for_first_exposure
measure_en_gb,2,/mˈɛʒɐ/,,primary-unstressed,TRUE,{(measure)},MorphoLex-en exact candidate: {(measure)}; POS=NN|VB.,AI-assisted candidate metadata; verify British pronunciation and teaching relevance.,ai_assisted_draft,"British IPA, CMUdict and MorphoLex candidate enrichment",https://github.com/open-dict-data/ipa-dict; https://github.com/cmusphinx/cmudict; https://github.com/hugomailhot/MorphoLex-en,mixed open licences; see teaching_content_sources.csv,Automated candidate enrichment only; not approved teaching truth.,high,approved_for_first_exposure
quiet_en_gb,2,/kwˈaɪət/,,primary-unstressed,TRUE,{(quiet)},MorphoLex-en exact candidate: {(quiet)}; POS=JJ|VB|NN.,AI-assisted candidate metadata; verify British pronunciation and teaching relevance.,ai_assisted_draft,"British IPA, CMUdict and MorphoLex candidate enrichment",https://github.com/open-dict-data/ipa-dict; https://github.com/cmusphinx/cmudict; https://github.com/hugomailhot/MorphoLex-en,mixed open licences; see teaching_content_sources.csv,Automated candidate enrichment only; not approved teaching truth.,high,approved_for_first_exposure
committed_en_gb,3,/kəmˈɪtɪd/,,unstressed-primary-unstressed,TRUE,{(commit)},MorphoLex-en exact candidate: {(commit)}; POS=VB.,AI-assisted candidate metadata; verify British pronunciation and teaching relevance.,ai_assisted_draft,"British IPA, CMUdict and MorphoLex candidate enrichment",https://github.com/open-dict-data/ipa-dict; https://github.com/cmusphinx/cmudict; https://github.com/hugomailhot/MorphoLex-en,mixed open licences; see teaching_content_sources.csv,Automated candidate enrichment only; not approved teaching truth.,high,approved_for_first_exposure
temperature_en_gb,3,/tˈɛmpɹɪtʃɐ/,,primary-unstressed-unstressed,TRUE,{(temper)>at>>ure>},MorphoLex-en exact candidate: {(temper)>at>>ure>}; POS=NN.,AI-assisted candidate metadata; verify British pronunciation and teaching relevance.,ai_assisted_draft,"British IPA, CMUdict and MorphoLex candidate enrichment",https://github.com/open-dict-data/ipa-dict; https://github.com/cmusphinx/cmudict; https://github.com/hugomailhot/MorphoLex-en,mixed open licences; see teaching_content_sources.csv,Automated candidate enrichment only; not approved teaching truth.,high,approved_for_first_exposure
lay_en_gb,1,/lˈeɪ/,,primary,FALSE,{(lay)},MorphoLex-en exact candidate: {(lay)}; POS=VB.,AI-assisted candidate metadata; verify British pronunciation and teaching relevance.,ai_assisted_draft,"British IPA, CMUdict and MorphoLex candidate enrichment",https://github.com/open-dict-data/ipa-dict; https://github.com/cmusphinx/cmudict; https://github.com/hugomailhot/MorphoLex-en,mixed open licences; see teaching_content_sources.csv,Automated candidate enrichment only; not approved teaching truth.,high,approved_for_first_exposure
mixed_en_gb,1,/mˈɪkst/,,primary,FALSE,{(mix)},MorphoLex-en exact candidate: {(mix)}; POS=VB|JJ.,AI-assisted candidate metadata; verify British pronunciation and teaching relevance.,ai_assisted_draft,"British IPA, CMUdict and MorphoLex candidate enrichment",https://github.com/open-dict-data/ipa-dict; https://github.com/cmusphinx/cmudict; https://github.com/hugomailhot/MorphoLex-en,mixed open licences; see teaching_content_sources.csv,Automated candidate enrichment only; not approved teaching truth.,high,approved_for_first_exposure
determined_en_gb,3,/dɪtˈɜːmɪnd/,,unstressed-primary-unstressed,TRUE,{(determine)},MorphoLex-en exact candidate: {(determine)}; POS=VB|JJ.,AI-assisted candidate metadata; verify British pronunciation and teaching relevance.,ai_assisted_draft,"British IPA, CMUdict and MorphoLex candidate enrichment",https://github.com/open-dict-data/ipa-dict; https://github.com/cmusphinx/cmudict; https://github.com/hugomailhot/MorphoLex-en,mixed open licences; see teaching_content_sources.csv,Automated candidate enrichment only; not approved teaching truth.,high,approved_for_first_exposure
slowly_en_gb,2,/slˈəʊli/,,primary-unstressed,FALSE,{(slow)}>ly>,MorphoLex-en exact candidate: {(slow)}>ly>; POS=RB.,AI-assisted candidate metadata; verify British pronunciation and teaching relevance.,ai_assisted_draft,"British IPA, CMUdict and MorphoLex candidate enrichment",https://github.com/open-dict-data/ipa-dict; https://github.com/cmusphinx/cmudict; https://github.com/hugomailhot/MorphoLex-en,mixed open licences; see teaching_content_sources.csv,Automated candidate enrichment only; not approved teaching truth.,high,approved_for_first_exposure
incredible_en_gb,4,/ɪnkɹˈɛdɪbəl/,,secondary-primary-unstressed-unstressed,TRUE,<im<{(cred)>able>},MorphoLex-en exact candidate: <im<{(cred)>able>}; POS=JJ.,AI-assisted candidate metadata; verify British pronunciation and teaching relevance.,ai_assisted_draft,"British IPA, CMUdict and MorphoLex candidate enrichment",https://github.com/open-dict-data/ipa-dict; https://github.com/cmusphinx/cmudict; https://github.com/hugomailhot/MorphoLex-en,mixed open licences; see teaching_content_sources.csv,Automated candidate enrichment only; not approved teaching truth.,high,approved_for_first_exposure
basically_en_gb,3,/bˈeɪsɪkli/,,primary-unstressed-unstressed,FALSE,{(base)}>ic>>ly>,MorphoLex-en exact candidate: {(base)}>ic>>ly>; POS=RB.,AI-assisted candidate metadata; verify British pronunciation and teaching relevance.,ai_assisted_draft,"British IPA, CMUdict and MorphoLex candidate enrichment",https://github.com/open-dict-data/ipa-dict; https://github.com/cmusphinx/cmudict; https://github.com/hugomailhot/MorphoLex-en,mixed open licences; see teaching_content_sources.csv,Automated candidate enrichment only; not approved teaching truth.,high,approved_for_first_exposure
meat_en_gb,1,/mˈiːt/,,primary,FALSE,{(meat)},MorphoLex-en exact candidate: {(meat)}; POS=NN.,AI-assisted candidate metadata; verify British pronunciation and teaching relevance.,ai_assisted_draft,"British IPA, CMUdict and MorphoLex candidate enrichment",https://github.com/open-dict-data/ipa-dict; https://github.com/cmusphinx/cmudict; https://github.com/hugomailhot/MorphoLex-en,mixed open licences; see teaching_content_sources.csv,Automated candidate enrichment only; not approved teaching truth.,high,approved_for_first_exposure
tuesday_en_gb,2,/ˈtjuːzdeɪ/,,primary-unstressed,FALSE,{(tues)(day)},MorphoLex-en exact candidate: {(tues)(day)}; POS=NN.,AI-assisted candidate metadata; verify British pronunciation and teaching relevance.,ai_assisted_draft,"British IPA, CMUdict and MorphoLex candidate enrichment",https://github.com/open-dict-data/ipa-dict; https://github.com/cmusphinx/cmudict; https://github.com/hugomailhot/MorphoLex-en,mixed open licences; see teaching_content_sources.csv,Automated candidate enrichment only; not approved teaching truth.,high,approved_for_first_exposure
worried_en_gb,2,/wˈʌɹɪd/,,primary-unstressed,FALSE,{(worry)},MorphoLex-en exact candidate: {(worry)}; POS=VB|JJ.,AI-assisted candidate metadata; verify British pronunciation and teaching relevance.,ai_assisted_draft,"British IPA, CMUdict and MorphoLex candidate enrichment",https://github.com/open-dict-data/ipa-dict; https://github.com/cmusphinx/cmudict; https://github.com/hugomailhot/MorphoLex-en,mixed open licences; see teaching_content_sources.csv,Automated candidate enrichment only; not approved teaching truth.,high,approved_for_first_exposure
obvious_en_gb,3,/ˈɒbvɪəs/,,primary-unstressed-unstressed,TRUE,{(obvious)},MorphoLex-en exact candidate: {(obvious)}; POS=JJ.,AI-assisted candidate metadata; verify British pronunciation and teaching relevance.,ai_assisted_draft,"British IPA, CMUdict and MorphoLex candidate enrichment",https://github.com/open-dict-data/ipa-dict; https://github.com/cmusphinx/cmudict; https://github.com/hugomailhot/MorphoLex-en,mixed open licences; see teaching_content_sources.csv,Automated candidate enrichment only; not approved teaching truth.,high,approved_for_first_exposure
unfortunately_en_gb,5,/ʌnfˈɔːtʃənətli/,,unstressed-primary-unstressed-unstressed-unstressed,TRUE,<un<{(fortune)}>ate>>ly>,MorphoLex-en exact candidate: <un<{(fortune)}>ate>>ly>; POS=RB.,AI-assisted candidate metadata; verify British pronunciation and teaching relevance.,ai_assisted_draft,"British IPA, CMUdict and MorphoLex candidate enrichment",https://github.com/open-dict-data/ipa-dict; https://github.com/cmusphinx/cmudict; https://github.com/hugomailhot/MorphoLex-en,mixed open licences; see teaching_content_sources.csv,Automated candidate enrichment only; not approved teaching truth.,high,approved_for_first_exposure
opposite_en_gb,3,/ˈɒpəsˌɪt/,,primary-unstressed-unstressed,TRUE,{<o<(pose)}>ite>,MorphoLex-en exact candidate: {<o<(pose)}>ite>; POS=JJ|NN|minor.,AI-assisted candidate metadata; verify British pronunciation and teaching relevance.,ai_assisted_draft,"British IPA, CMUdict and MorphoLex candidate enrichment",https://github.com/open-dict-data/ipa-dict; https://github.com/cmusphinx/cmudict; https://github.com/hugomailhot/MorphoLex-en,mixed open licences; see teaching_content_sources.csv,Automated candidate enrichment only; not approved teaching truth.,high,approved_for_first_exposure
thursday_en_gb,2,/ˈθɜːzdeɪ/,,primary-secondary,FALSE,{(thurs)(day)},MorphoLex-en exact candidate: {(thurs)(day)}; POS=NN.,AI-assisted candidate metadata; verify British pronunciation and teaching relevance.,ai_assisted_draft,"British IPA, CMUdict and MorphoLex candidate enrichment",https://github.com/open-dict-data/ipa-dict; https://github.com/cmusphinx/cmudict; https://github.com/hugomailhot/MorphoLex-en,mixed open licences; see teaching_content_sources.csv,Automated candidate enrichment only; not approved teaching truth.,high,approved_for_first_exposure
usual_en_gb,3,/jˈuːʒuːəl/,,primary-unstressed-unstressed,TRUE,{(usual)},MorphoLex-en exact candidate: {(usual)}; POS=JJ|NN.,AI-assisted candidate metadata; verify British pronunciation and teaching relevance.,ai_assisted_draft,"British IPA, CMUdict and MorphoLex candidate enrichment",https://github.com/open-dict-data/ipa-dict; https://github.com/cmusphinx/cmudict; https://github.com/hugomailhot/MorphoLex-en,mixed open licences; see teaching_content_sources.csv,Automated candidate enrichment only; not approved teaching truth.,high,approved_for_first_exposure
relevant_en_gb,3,/ɹˈɛlɪvənt/,,primary-unstressed-unstressed,TRUE,{(relev)>ant>},MorphoLex-en exact candidate: {(relev)>ant>}; POS=JJ.,AI-assisted candidate metadata; verify British pronunciation and teaching relevance.,ai_assisted_draft,"British IPA, CMUdict and MorphoLex candidate enrichment",https://github.com/open-dict-data/ipa-dict; https://github.com/cmusphinx/cmudict; https://github.com/hugomailhot/MorphoLex-en,mixed open licences; see teaching_content_sources.csv,Automated candidate enrichment only; not approved teaching truth.,high,approved_for_first_exposure
familiar_en_gb,3,/fəmˈɪliə/,,unstressed-primary-unstressed,TRUE,{(family)}>ar>,MorphoLex-en exact candidate: {(family)}>ar>; POS=JJ|NN.,AI-assisted candidate metadata; verify British pronunciation and teaching relevance.,ai_assisted_draft,"British IPA, CMUdict and MorphoLex candidate enrichment",https://github.com/open-dict-data/ipa-dict; https://github.com/cmusphinx/cmudict; https://github.com/hugomailhot/MorphoLex-en,mixed open licences; see teaching_content_sources.csv,Automated candidate enrichment only; not approved teaching truth.,high,approved_for_first_exposure
carrying_en_gb,3,/kˈæɹɪɪŋ/,,primary-unstressed-unstressed,FALSE,{(carry)},MorphoLex-en exact candidate: {(carry)}; POS=VB|NN.,AI-assisted candidate metadata; verify British pronunciation and teaching relevance.,ai_assisted_draft,"British IPA, CMUdict and MorphoLex candidate enrichment",https://github.com/open-dict-data/ipa-dict; https://github.com/cmusphinx/cmudict; https://github.com/hugomailhot/MorphoLex-en,mixed open licences; see teaching_content_sources.csv,Automated candidate enrichment only; not approved teaching truth.,high,approved_for_first_exposure
referred_en_gb,2,/ɹɪfˈɜːd/,,unstressed-primary,TRUE,{(refer)},MorphoLex-en exact candidate: {(refer)}; POS=VB.,AI-assisted candidate metadata; verify British pronunciation and teaching relevance.,ai_assisted_draft,"British IPA, CMUdict and MorphoLex candidate enrichment",https://github.com/open-dict-data/ipa-dict; https://github.com/cmusphinx/cmudict; https://github.com/hugomailhot/MorphoLex-en,mixed open licences; see teaching_content_sources.csv,Automated candidate enrichment only; not approved teaching truth.,high,approved_for_first_exposure
draft_en_gb,1,/dɹˈɑːft/,,primary,FALSE,{(draft)},MorphoLex-en exact candidate: {(draft)}; POS=NN|VB.,AI-assisted candidate metadata; verify British pronunciation and teaching relevance.,ai_assisted_draft,"British IPA, CMUdict and MorphoLex candidate enrichment",https://github.com/open-dict-data/ipa-dict; https://github.com/cmusphinx/cmudict; https://github.com/hugomailhot/MorphoLex-en,mixed open licences; see teaching_content_sources.csv,Automated candidate enrichment only; not approved teaching truth.,high,approved_for_first_exposure
desire_en_gb,3,/dɪzˈaɪə/,,unstressed-primary-unstressed,TRUE,{(desire)},MorphoLex-en exact candidate: {(desire)}; POS=NN|VB.,AI-assisted candidate metadata; verify British pronunciation and teaching relevance.,ai_assisted_draft,"British IPA, CMUdict and MorphoLex candidate enrichment",https://github.com/open-dict-data/ipa-dict; https://github.com/cmusphinx/cmudict; https://github.com/hugomailhot/MorphoLex-en,mixed open licences; see teaching_content_sources.csv,Automated candidate enrichment only; not approved teaching truth.,high,approved_for_first_exposure
recommend_en_gb,3,/ɹˌɛkəmˈɛnd/,,secondary-unstressed-primary,TRUE,{(recommend)},MorphoLex-en exact candidate: {(recommend)}; POS=VB.,AI-assisted candidate metadata; verify British pronunciation and teaching relevance.,ai_assisted_draft,"British IPA, CMUdict and MorphoLex candidate enrichment",https://github.com/open-dict-data/ipa-dict; https://github.com/cmusphinx/cmudict; https://github.com/hugomailhot/MorphoLex-en,mixed open licences; see teaching_content_sources.csv,Automated candidate enrichment only; not approved teaching truth.,high,approved_for_first_exposure
offering_en_gb,3,/ˈɒfəɹɪŋ/,,primary-unstressed-unstressed,TRUE,{(offer)},MorphoLex-en exact candidate: {(offer)}; POS=NN|VB.,AI-assisted candidate metadata; verify British pronunciation and teaching relevance.,ai_assisted_draft,"British IPA, CMUdict and MorphoLex candidate enrichment",https://github.com/open-dict-data/ipa-dict; https://github.com/cmusphinx/cmudict; https://github.com/hugomailhot/MorphoLex-en,mixed open licences; see teaching_content_sources.csv,Automated candidate enrichment only; not approved teaching truth.,high,approved_for_first_exposure
typical_en_gb,3,/tˈɪpɪkəl/,,primary-unstressed-unstressed,TRUE,{(typo)}>al>,MorphoLex-en exact candidate: {(typo)}>al>; POS=JJ.,AI-assisted candidate metadata; verify British pronunciation and teaching relevance.,ai_assisted_draft,"British IPA, CMUdict and MorphoLex candidate enrichment",https://github.com/open-dict-data/ipa-dict; https://github.com/cmusphinx/cmudict; https://github.com/hugomailhot/MorphoLex-en,mixed open licences; see teaching_content_sources.csv,Automated candidate enrichment only; not approved teaching truth.,high,approved_for_first_exposure
affect_en_gb,2,/əˈfekt/,,unstressed-primary,TRUE,{<a<(fect)},MorphoLex-en exact candidate: {<a<(fect)}; POS=VB.,AI-assisted candidate metadata; verify British pronunciation and teaching relevance.,ai_assisted_draft,"British IPA, CMUdict and MorphoLex candidate enrichment",https://github.com/open-dict-data/ipa-dict; https://github.com/cmusphinx/cmudict; https://github.com/hugomailhot/MorphoLex-en,mixed open licences; see teaching_content_sources.csv,Automated candidate enrichment only; not approved teaching truth.,high,approved_for_first_exposure
reasonable_en_gb,4,/ɹˈiːzənəbəl/,,primary-unstressed-unstressed-unstressed,TRUE,{(reason)}>able>,MorphoLex-en exact candidate: {(reason)}>able>; POS=JJ.,AI-assisted candidate metadata; verify British pronunciation and teaching relevance.,ai_assisted_draft,"British IPA, CMUdict and MorphoLex candidate enrichment",https://github.com/open-dict-data/ipa-dict; https://github.com/cmusphinx/cmudict; https://github.com/hugomailhot/MorphoLex-en,mixed open licences; see teaching_content_sources.csv,Automated candidate enrichment only; not approved teaching truth.,high,approved_for_first_exposure
assistance_en_gb,3,/ɐsˈɪstəns/,,unstressed-primary-unstressed,TRUE,{(assist)}>ance>,MorphoLex-en exact candidate: {(assist)}>ance>; POS=NN.,AI-assisted candidate metadata; verify British pronunciation and teaching relevance.,ai_assisted_draft,"British IPA, CMUdict and MorphoLex candidate enrichment",https://github.com/open-dict-data/ipa-dict; https://github.com/cmusphinx/cmudict; https://github.com/hugomailhot/MorphoLex-en,mixed open licences; see teaching_content_sources.csv,Automated candidate enrichment only; not approved teaching truth.,high,approved_for_first_exposure
bell_en_gb,1,/bˈɛl/,,primary,FALSE,{(bell)},MorphoLex-en exact candidate: {(bell)}; POS=NN.,AI-assisted candidate metadata; verify British pronunciation and teaching relevance.,ai_assisted_draft,"British IPA, CMUdict and MorphoLex candidate enrichment",https://github.com/open-dict-data/ipa-dict; https://github.com/cmusphinx/cmudict; https://github.com/hugomailhot/MorphoLex-en,mixed open licences; see teaching_content_sources.csv,Automated candidate enrichment only; not approved teaching truth.,high,approved_for_first_exposure
blow_en_gb,1,/blˈəʊ/,,primary,FALSE,{(blow)},MorphoLex-en exact candidate: {(blow)}; POS=NN|VB.,AI-assisted candidate metadata; verify British pronunciation and teaching relevance.,ai_assisted_draft,"British IPA, CMUdict and MorphoLex candidate enrichment",https://github.com/open-dict-data/ipa-dict; https://github.com/cmusphinx/cmudict; https://github.com/hugomailhot/MorphoLex-en,mixed open licences; see teaching_content_sources.csv,Automated candidate enrichment only; not approved teaching truth.,high,approved_for_first_exposure
wednesday_en_gb,2,/ˈwenzdeɪ/,,primary-unstressed,FALSE,{(wednes)(day)},MorphoLex-en exact candidate: {(wednes)(day)}; POS=NN.,AI-assisted candidate metadata; verify British pronunciation and teaching relevance.,ai_assisted_draft,"British IPA, CMUdict and MorphoLex candidate enrichment",https://github.com/open-dict-data/ipa-dict; https://github.com/cmusphinx/cmudict; https://github.com/hugomailhot/MorphoLex-en,mixed open licences; see teaching_content_sources.csv,Automated candidate enrichment only; not approved teaching truth.,high,approved_for_first_exposure
motion_en_gb,2,/mˈəʊʃən/,,primary-unstressed,TRUE,{(motion)},MorphoLex-en exact candidate: {(motion)}; POS=NN|VB.,AI-assisted candidate metadata; verify British pronunciation and teaching relevance.,ai_assisted_draft,"British IPA, CMUdict and MorphoLex candidate enrichment",https://github.com/open-dict-data/ipa-dict; https://github.com/cmusphinx/cmudict; https://github.com/hugomailhot/MorphoLex-en,mixed open licences; see teaching_content_sources.csv,Automated candidate enrichment only; not approved teaching truth.,high,approved_for_first_exposure
independence_en_gb,4,/ˌɪndɪpˈɛndəns/,,secondary-unstressed-primary-unstressed,TRUE,<im<{<de<(pend)}>ance>,MorphoLex-en exact candidate: <im<{<de<(pend)}>ance>; POS=NN.,AI-assisted candidate metadata; verify British pronunciation and teaching relevance.,ai_assisted_draft,"British IPA, CMUdict and MorphoLex candidate enrichment",https://github.com/open-dict-data/ipa-dict; https://github.com/cmusphinx/cmudict; https://github.com/hugomailhot/MorphoLex-en,mixed open licences; see teaching_content_sources.csv,Automated candidate enrichment only; not approved teaching truth.,high,approved_for_first_exposure
it_ll_en_gb,2,/ˈɪtl/,,primary-unstressed,TRUE,{(it)},MorphoLex-en exact candidate: {(it)}; POS=encl.,AI-assisted candidate metadata; verify British pronunciation and teaching relevance.,ai_assisted_draft,"British IPA, CMUdict and MorphoLex candidate enrichment",https://github.com/open-dict-data/ipa-dict; https://github.com/cmusphinx/cmudict; https://github.com/hugomailhot/MorphoLex-en,mixed open licences; see teaching_content_sources.csv,Automated candidate enrichment only; not approved teaching truth.,high,approved_for_first_exposure
sentence_en_gb,2,/sˈɛntəns/,,primary-unstressed,TRUE,{(sentence)},MorphoLex-en exact candidate: {(sentence)}; POS=NN|VB.,AI-assisted candidate metadata; verify British pronunciation and teaching relevance.,ai_assisted_draft,"British IPA, CMUdict and MorphoLex candidate enrichment",https://github.com/open-dict-data/ipa-dict; https://github.com/cmusphinx/cmudict; https://github.com/hugomailhot/MorphoLex-en,mixed open licences; see teaching_content_sources.csv,Automated candidate enrichment only; not approved teaching truth.,high,approved_for_first_exposure
admit_en_gb,2,/ɐdmˈɪt/,,unstressed-primary,TRUE,{(admit)},MorphoLex-en exact candidate: {(admit)}; POS=VB.,AI-assisted candidate metadata; verify British pronunciation and teaching relevance.,ai_assisted_draft,"British IPA, CMUdict and MorphoLex candidate enrichment",https://github.com/open-dict-data/ipa-dict; https://github.com/cmusphinx/cmudict; https://github.com/hugomailhot/MorphoLex-en,mixed open licences; see teaching_content_sources.csv,Automated candidate enrichment only; not approved teaching truth.,high,approved_for_first_exposure
guest_en_gb,1,/ɡˈɛst/,,primary,FALSE,{(guest)},MorphoLex-en exact candidate: {(guest)}; POS=NN.,AI-assisted candidate metadata; verify British pronunciation and teaching relevance.,ai_assisted_draft,"British IPA, CMUdict and MorphoLex candidate enrichment",https://github.com/open-dict-data/ipa-dict; https://github.com/cmusphinx/cmudict; https://github.com/hugomailhot/MorphoLex-en,mixed open licences; see teaching_content_sources.csv,Automated candidate enrichment only; not approved teaching truth.,high,approved_for_first_exposure
pleasure_en_gb,2,/plˈɛʒɐ/,,primary-unstressed,TRUE,{(please)>ure>},MorphoLex-en exact candidate: {(please)>ure>}; POS=NN|VB.,AI-assisted candidate metadata; verify British pronunciation and teaching relevance.,ai_assisted_draft,"British IPA, CMUdict and MorphoLex candidate enrichment",https://github.com/open-dict-data/ipa-dict; https://github.com/cmusphinx/cmudict; https://github.com/hugomailhot/MorphoLex-en,mixed open licences; see teaching_content_sources.csv,Automated candidate enrichment only; not approved teaching truth.,high,approved_for_first_exposure
category_en_gb,4,/kˈætɪɡəɹi/,,primary-unstressed-secondary-unstressed,TRUE,{(categor)>y>},MorphoLex-en exact candidate: {(categor)>y>}; POS=NN.,AI-assisted candidate metadata; verify British pronunciation and teaching relevance.,ai_assisted_draft,"British IPA, CMUdict and MorphoLex candidate enrichment",https://github.com/open-dict-data/ipa-dict; https://github.com/cmusphinx/cmudict; https://github.com/hugomailhot/MorphoLex-en,mixed open licences; see teaching_content_sources.csv,Automated candidate enrichment only; not approved teaching truth.,high,approved_for_first_exposure
mess_en_gb,1,/mˈɛs/,,primary,FALSE,{(mess)},MorphoLex-en exact candidate: {(mess)}; POS=NN|VB.,AI-assisted candidate metadata; verify British pronunciation and teaching relevance.,ai_assisted_draft,"British IPA, CMUdict and MorphoLex candidate enrichment",https://github.com/open-dict-data/ipa-dict; https://github.com/cmusphinx/cmudict; https://github.com/hugomailhot/MorphoLex-en,mixed open licences; see teaching_content_sources.csv,Automated candidate enrichment only; not approved teaching truth.,high,approved_for_first_exposure
tight_en_gb,1,/tˈaɪt/,,primary,FALSE,{(tight)},MorphoLex-en exact candidate: {(tight)}; POS=JJ|RB.,AI-assisted candidate metadata; verify British pronunciation and teaching relevance.,ai_assisted_draft,"British IPA, CMUdict and MorphoLex candidate enrichment",https://github.com/open-dict-data/ipa-dict; https://github.com/cmusphinx/cmudict; https://github.com/hugomailhot/MorphoLex-en,mixed open licences; see teaching_content_sources.csv,Automated candidate enrichment only; not approved teaching truth.,high,approved_for_first_exposure
occurred_en_gb,2,/əkˈɜːd/,,unstressed-primary,TRUE,{(occur)},MorphoLex-en exact candidate: {(occur)}; POS=VB.,AI-assisted candidate metadata; verify British pronunciation and teaching relevance.,ai_assisted_draft,"British IPA, CMUdict and MorphoLex candidate enrichment",https://github.com/open-dict-data/ipa-dict; https://github.com/cmusphinx/cmudict; https://github.com/hugomailhot/MorphoLex-en,mixed open licences; see teaching_content_sources.csv,Automated candidate enrichment only; not approved teaching truth.,high,approved_for_first_exposure
prefer_en_gb,2,/pɹɪfˈɜː/,,unstressed-primary,TRUE,{(prefer)},MorphoLex-en exact candidate: {(prefer)}; POS=VB.,AI-assisted candidate metadata; verify British pronunciation and teaching relevance.,ai_assisted_draft,"British IPA, CMUdict and MorphoLex candidate enrichment",https://github.com/open-dict-data/ipa-dict; https://github.com/cmusphinx/cmudict; https://github.com/hugomailhot/MorphoLex-en,mixed open licences; see teaching_content_sources.csv,Automated candidate enrichment only; not approved teaching truth.,high,approved_for_first_exposure
diet_en_gb,2,/dˈaɪət/,,primary-unstressed,TRUE,{(diet)},MorphoLex-en exact candidate: {(diet)}; POS=NN|VB.,AI-assisted candidate metadata; verify British pronunciation and teaching relevance.,ai_assisted_draft,"British IPA, CMUdict and MorphoLex candidate enrichment",https://github.com/open-dict-data/ipa-dict; https://github.com/cmusphinx/cmudict; https://github.com/hugomailhot/MorphoLex-en,mixed open licences; see teaching_content_sources.csv,Automated candidate enrichment only; not approved teaching truth.,high,approved_for_first_exposure
scheme_en_gb,1,/skˈiːm/,,primary,FALSE,{(scheme)},MorphoLex-en exact candidate: {(scheme)}; POS=NN|VB.,AI-assisted candidate metadata; verify British pronunciation and teaching relevance.,ai_assisted_draft,"British IPA, CMUdict and MorphoLex candidate enrichment",https://github.com/open-dict-data/ipa-dict; https://github.com/cmusphinx/cmudict; https://github.com/hugomailhot/MorphoLex-en,mixed open licences; see teaching_content_sources.csv,Automated candidate enrichment only; not approved teaching truth.,high,approved_for_first_exposure
achieve_en_gb,2,/ɐtʃˈiːv/,,unstressed-primary,TRUE,{(achieve)},MorphoLex-en exact candidate: {(achieve)}; POS=VB.,AI-assisted candidate metadata; verify British pronunciation and teaching relevance.,ai_assisted_draft,"British IPA, CMUdict and MorphoLex candidate enrichment",https://github.com/open-dict-data/ipa-dict; https://github.com/cmusphinx/cmudict; https://github.com/hugomailhot/MorphoLex-en,mixed open licences; see teaching_content_sources.csv,Automated candidate enrichment only; not approved teaching truth.,high,approved_for_first_exposure
programme_en_gb,2,/pɹˈəʊɡɹæm/,,primary-secondary,FALSE,{(programme)},MorphoLex-en exact candidate: {(programme)}; POS=NN|VB.,AI-assisted candidate metadata; verify British pronunciation and teaching relevance.,ai_assisted_draft,"British IPA, CMUdict and MorphoLex candidate enrichment",https://github.com/open-dict-data/ipa-dict; https://github.com/cmusphinx/cmudict; https://github.com/hugomailhot/MorphoLex-en,mixed open licences; see teaching_content_sources.csv,Automated candidate enrichment only; not approved teaching truth.,high,approved_for_first_exposure
describe_en_gb,2,/dɪskɹˈaɪb/,,unstressed-primary,FALSE,{<de<(script)},MorphoLex-en exact candidate: {<de<(script)}; POS=VB.,AI-assisted candidate metadata; verify British pronunciation and teaching relevance.,ai_assisted_draft,"British IPA, CMUdict and MorphoLex candidate enrichment",https://github.com/open-dict-data/ipa-dict; https://github.com/cmusphinx/cmudict; https://github.com/hugomailhot/MorphoLex-en,mixed open licences; see teaching_content_sources.csv,Automated candidate enrichment only; not approved teaching truth.,high,approved_for_first_exposure
suppose_en_gb,2,/sʌpˈəʊz/,,unstressed-primary,TRUE,{<su<(pose)},MorphoLex-en exact candidate: {<su<(pose)}; POS=VB.,AI-assisted candidate metadata; verify British pronunciation and teaching relevance.,ai_assisted_draft,"British IPA, CMUdict and MorphoLex candidate enrichment",https://github.com/open-dict-data/ipa-dict; https://github.com/cmusphinx/cmudict; https://github.com/hugomailhot/MorphoLex-en,mixed open licences; see teaching_content_sources.csv,Automated candidate enrichment only; not approved teaching truth.,high,approved_for_first_exposure
importance_en_gb,3,/ɪmpˈɔːtəns/,,secondary-primary-unstressed,TRUE,{(import)>ance>},MorphoLex-en exact candidate: {(import)>ance>}; POS=NN.,AI-assisted candidate metadata; verify British pronunciation and teaching relevance.,ai_assisted_draft,"British IPA, CMUdict and MorphoLex candidate enrichment",https://github.com/open-dict-data/ipa-dict; https://github.com/cmusphinx/cmudict; https://github.com/hugomailhot/MorphoLex-en,mixed open licences; see teaching_content_sources.csv,Automated candidate enrichment only; not approved teaching truth.,high,approved_for_first_exposure
frequently_en_gb,3,/fɹˈiːkwəntli/,,primary-unstressed-unstressed,TRUE,{(frequent)}>ly>,MorphoLex-en exact candidate: {(frequent)}>ly>; POS=RB.,AI-assisted candidate metadata; verify British pronunciation and teaching relevance.,ai_assisted_draft,"British IPA, CMUdict and MorphoLex candidate enrichment",https://github.com/open-dict-data/ipa-dict; https://github.com/cmusphinx/cmudict; https://github.com/hugomailhot/MorphoLex-en,mixed open licences; see teaching_content_sources.csv,Automated candidate enrichment only; not approved teaching truth.,high,approved_for_first_exposure
crown_en_gb,1,/kɹˈaʊn/,,primary,FALSE,{(crown)},MorphoLex-en exact candidate: {(crown)}; POS=NN|VB.,AI-assisted candidate metadata; verify British pronunciation and teaching relevance.,ai_assisted_draft,"British IPA, CMUdict and MorphoLex candidate enrichment",https://github.com/open-dict-data/ipa-dict; https://github.com/cmusphinx/cmudict; https://github.com/hugomailhot/MorphoLex-en,mixed open licences; see teaching_content_sources.csv,Automated candidate enrichment only; not approved teaching truth.,high,approved_for_first_exposure
laid_en_gb,1,/lˈeɪd/,,primary,FALSE,{(lay)},MorphoLex-en exact candidate: {(lay)}; POS=VB|JJ.,AI-assisted candidate metadata; verify British pronunciation and teaching relevance.,ai_assisted_draft,"British IPA, CMUdict and MorphoLex candidate enrichment",https://github.com/open-dict-data/ipa-dict; https://github.com/cmusphinx/cmudict; https://github.com/hugomailhot/MorphoLex-en,mixed open licences; see teaching_content_sources.csv,Automated candidate enrichment only; not approved teaching truth.,high,approved_for_first_exposure
expression_en_gb,3,/ɛkspɹˈɛʃən/,,unstressed-primary-unstressed,TRUE,{<ex<(press)}>ion>,MorphoLex-en exact candidate: {<ex<(press)}>ion>; POS=NN.,AI-assisted candidate metadata; verify British pronunciation and teaching relevance.,ai_assisted_draft,"British IPA, CMUdict and MorphoLex candidate enrichment",https://github.com/open-dict-data/ipa-dict; https://github.com/cmusphinx/cmudict; https://github.com/hugomailhot/MorphoLex-en,mixed open licences; see teaching_content_sources.csv,Automated candidate enrichment only; not approved teaching truth.,high,approved_for_first_exposure
existence_en_gb,3,/ɛɡzˈɪstəns/,,unstressed-primary-unstressed,TRUE,{(exist)}>ance>,MorphoLex-en exact candidate: {(exist)}>ance>; POS=NN.,AI-assisted candidate metadata; verify British pronunciation and teaching relevance.,ai_assisted_draft,"British IPA, CMUdict and MorphoLex candidate enrichment",https://github.com/open-dict-data/ipa-dict; https://github.com/cmusphinx/cmudict; https://github.com/hugomailhot/MorphoLex-en,mixed open licences; see teaching_content_sources.csv,Automated candidate enrichment only; not approved teaching truth.,high,approved_for_first_exposure
mate_en_gb,1,/meɪt/,,primary,FALSE,{(mate)},MorphoLex-en exact candidate: {(mate)}; POS=NN|VB.,AI-assisted candidate metadata; verify British pronunciation and teaching relevance.,ai_assisted_draft,"British IPA, CMUdict and MorphoLex candidate enrichment",https://github.com/open-dict-data/ipa-dict; https://github.com/cmusphinx/cmudict; https://github.com/hugomailhot/MorphoLex-en,mixed open licences; see teaching_content_sources.csv,Automated candidate enrichment only; not approved teaching truth.,high,approved_for_first_exposure
roof_en_gb,1,/ɹˈuːf/,,primary,FALSE,{(roof)},MorphoLex-en exact candidate: {(roof)}; POS=NN.,AI-assisted candidate metadata; verify British pronunciation and teaching relevance.,ai_assisted_draft,"British IPA, CMUdict and MorphoLex candidate enrichment",https://github.com/open-dict-data/ipa-dict; https://github.com/cmusphinx/cmudict; https://github.com/hugomailhot/MorphoLex-en,mixed open licences; see teaching_content_sources.csv,Automated candidate enrichment only; not approved teaching truth.,high,approved_for_first_exposure
heavily_en_gb,3,/hˈɛvili/,,primary-unstressed-unstressed,TRUE,{(heavy)}>ly>,MorphoLex-en exact candidate: {(heavy)}>ly>; POS=RB.,AI-assisted candidate metadata; verify British pronunciation and teaching relevance.,ai_assisted_draft,"British IPA, CMUdict and MorphoLex candidate enrichment",https://github.com/open-dict-data/ipa-dict; https://github.com/cmusphinx/cmudict; https://github.com/hugomailhot/MorphoLex-en,mixed open licences; see teaching_content_sources.csv,Automated candidate enrichment only; not approved teaching truth.,high,approved_for_first_exposure
expansion_en_gb,3,/ɛkspˈænʃən/,,unstressed-primary-unstressed,TRUE,{(expand)}>ion>,MorphoLex-en exact candidate: {(expand)}>ion>; POS=NN.,AI-assisted candidate metadata; verify British pronunciation and teaching relevance.,ai_assisted_draft,"British IPA, CMUdict and MorphoLex candidate enrichment",https://github.com/open-dict-data/ipa-dict; https://github.com/cmusphinx/cmudict; https://github.com/hugomailhot/MorphoLex-en,mixed open licences; see teaching_content_sources.csv,Automated candidate enrichment only; not approved teaching truth.,high,approved_for_first_exposure
he_ll_en_gb,1,/hiːl/,,primary,FALSE,{(he)},MorphoLex-en exact candidate: {(he)}; POS=encl.,AI-assisted candidate metadata; verify British pronunciation and teaching relevance.,ai_assisted_draft,"British IPA, CMUdict and MorphoLex candidate enrichment",https://github.com/open-dict-data/ipa-dict; https://github.com/cmusphinx/cmudict; https://github.com/hugomailhot/MorphoLex-en,mixed open licences; see teaching_content_sources.csv,Automated candidate enrichment only; not approved teaching truth.,high,approved_for_first_exposure
sight_en_gb,1,/sˈaɪt/,,primary,FALSE,{(sight)},MorphoLex-en exact candidate: {(sight)}; POS=NN|VB.,AI-assisted candidate metadata; verify British pronunciation and teaching relevance.,ai_assisted_draft,"British IPA, CMUdict and MorphoLex candidate enrichment",https://github.com/open-dict-data/ipa-dict; https://github.com/cmusphinx/cmudict; https://github.com/hugomailhot/MorphoLex-en,mixed open licences; see teaching_content_sources.csv,Automated candidate enrichment only; not approved teaching truth.,high,approved_for_first_exposure
re_escape_en_gb,3,/ˌriːɪˈskeɪp/,,secondary-unstressed-primary,FALSE,,No exact MorphoLex-en row; human morphology review required.,AI-assisted candidate metadata; verify British pronunciation and teaching relevance.,internal_authored,Katie Sanderson reviewed pronunciation supplement,/private/tmp/scarlett-pr10-canonical-readiness.00pmR8/docs/implementation/seed-data/teaching-dictionary/candidates/2026-07-22-next-1000-word-batch/review/reviewed-pronunciation-supplements.json,internal,"British IPA supplied by the content owner in the PR #10 import review. Syllable, stress and schwa fields are the structured representation of the supplied IPA.",high,approved_for_first_exposure
dumb_en_gb,1,/dˈʌm/,,primary,FALSE,{(dumb)},MorphoLex-en exact candidate: {(dumb)}; POS=JJ|NN.,AI-assisted candidate metadata; verify British pronunciation and teaching relevance.,ai_assisted_draft,"British IPA, CMUdict and MorphoLex candidate enrichment",https://github.com/open-dict-data/ipa-dict; https://github.com/cmusphinx/cmudict; https://github.com/hugomailhot/MorphoLex-en,mixed open licences; see teaching_content_sources.csv,Automated candidate enrichment only; not approved teaching truth.,high,approved_for_first_exposure
princess_en_gb,2,/prɪnˈses/,,primary-unstressed,FALSE,{(prince)}>ess>,MorphoLex-en exact candidate: {(prince)}>ess>; POS=NN.,AI-assisted candidate metadata; verify British pronunciation and teaching relevance.,ai_assisted_draft,"British IPA, CMUdict and MorphoLex candidate enrichment",https://github.com/open-dict-data/ipa-dict; https://github.com/cmusphinx/cmudict; https://github.com/hugomailhot/MorphoLex-en,mixed open licences; see teaching_content_sources.csv,Automated candidate enrichment only; not approved teaching truth.,high,approved_for_first_exposure
unknown_en_gb,2,/ʌnnˈəʊn/,,unstressed-primary,TRUE,<un<{(know)}>n>,MorphoLex-en exact candidate: <un<{(know)}>n>; POS=JJ|NN.,AI-assisted candidate metadata; verify British pronunciation and teaching relevance.,ai_assisted_draft,"British IPA, CMUdict and MorphoLex candidate enrichment",https://github.com/open-dict-data/ipa-dict; https://github.com/cmusphinx/cmudict; https://github.com/hugomailhot/MorphoLex-en,mixed open licences; see teaching_content_sources.csv,Automated candidate enrichment only; not approved teaching truth.,high,approved_for_first_exposure
loud_en_gb,1,/lˈaʊd/,,primary,FALSE,{(loud)},MorphoLex-en exact candidate: {(loud)}; POS=JJ|NN.,AI-assisted candidate metadata; verify British pronunciation and teaching relevance.,ai_assisted_draft,"British IPA, CMUdict and MorphoLex candidate enrichment",https://github.com/open-dict-data/ipa-dict; https://github.com/cmusphinx/cmudict; https://github.com/hugomailhot/MorphoLex-en,mixed open licences; see teaching_content_sources.csv,Automated candidate enrichment only; not approved teaching truth.,high,approved_for_first_exposure
raw_en_gb,1,/ɹˈɔː/,,primary,FALSE,{(raw)},MorphoLex-en exact candidate: {(raw)}; POS=JJ|NN.,AI-assisted candidate metadata; verify British pronunciation and teaching relevance.,ai_assisted_draft,"British IPA, CMUdict and MorphoLex candidate enrichment",https://github.com/open-dict-data/ipa-dict; https://github.com/cmusphinx/cmudict; https://github.com/hugomailhot/MorphoLex-en,mixed open licences; see teaching_content_sources.csv,Automated candidate enrichment only; not approved teaching truth.,high,approved_for_first_exposure
height_en_gb,1,/hˈaɪt/,,primary,FALSE,{(height)},MorphoLex-en exact candidate: {(height)}; POS=NN.,AI-assisted candidate metadata; verify British pronunciation and teaching relevance.,ai_assisted_draft,"British IPA, CMUdict and MorphoLex candidate enrichment",https://github.com/open-dict-data/ipa-dict; https://github.com/cmusphinx/cmudict; https://github.com/hugomailhot/MorphoLex-en,mixed open licences; see teaching_content_sources.csv,Automated candidate enrichment only; not approved teaching truth.,high,approved_for_first_exposure
singer_en_gb,2,/ˈsɪŋə/,,primary-unstressed,TRUE,{(sing)}>er>,MorphoLex-en exact candidate: {(sing)}>er>; POS=NN.,AI-assisted candidate metadata; verify British pronunciation and teaching relevance.,ai_assisted_draft,"British IPA, CMUdict and MorphoLex candidate enrichment",https://github.com/open-dict-data/ipa-dict; https://github.com/cmusphinx/cmudict; https://github.com/hugomailhot/MorphoLex-en,mixed open licences; see teaching_content_sources.csv,Automated candidate enrichment only; not approved teaching truth.,high,approved_for_first_exposure
regularly_en_gb,4,/ɹˈɛɡjuːləli/,,primary-unstressed-unstressed-unstressed,TRUE,{(regul)>ar>}>ly>,MorphoLex-en exact candidate: {(regul)>ar>}>ly>; POS=RB.,AI-assisted candidate metadata; verify British pronunciation and teaching relevance.,ai_assisted_draft,"British IPA, CMUdict and MorphoLex candidate enrichment",https://github.com/open-dict-data/ipa-dict; https://github.com/cmusphinx/cmudict; https://github.com/hugomailhot/MorphoLex-en,mixed open licences; see teaching_content_sources.csv,Automated candidate enrichment only; not approved teaching truth.,high,approved_for_first_exposure
automatically_en_gb,5,/ˌɔːtəmˈætɪkli/,,secondary-unstressed-primary-unstressed-unstressed,TRUE,{(automatic)}>ly>,MorphoLex-en exact candidate: {(automatic)}>ly>; POS=RB.,AI-assisted candidate metadata; verify British pronunciation and teaching relevance.,ai_assisted_draft,"British IPA, CMUdict and MorphoLex candidate enrichment",https://github.com/open-dict-data/ipa-dict; https://github.com/cmusphinx/cmudict; https://github.com/hugomailhot/MorphoLex-en,mixed open licences; see teaching_content_sources.csv,Automated candidate enrichment only; not approved teaching truth.,high,approved_for_first_exposure
breath_en_gb,1,/bɹˈɛθ/,,primary,FALSE,{(breath)},MorphoLex-en exact candidate: {(breath)}; POS=NN.,AI-assisted candidate metadata; verify British pronunciation and teaching relevance.,ai_assisted_draft,"British IPA, CMUdict and MorphoLex candidate enrichment",https://github.com/open-dict-data/ipa-dict; https://github.com/cmusphinx/cmudict; https://github.com/hugomailhot/MorphoLex-en,mixed open licences; see teaching_content_sources.csv,Automated candidate enrichment only; not approved teaching truth.,high,approved_for_first_exposure
attached_en_gb,2,/ɐtˈætʃt/,,unstressed-primary,TRUE,{(attach)},MorphoLex-en exact candidate: {(attach)}; POS=VB.,AI-assisted candidate metadata; verify British pronunciation and teaching relevance.,ai_assisted_draft,"British IPA, CMUdict and MorphoLex candidate enrichment",https://github.com/open-dict-data/ipa-dict; https://github.com/cmusphinx/cmudict; https://github.com/hugomailhot/MorphoLex-en,mixed open licences; see teaching_content_sources.csv,Automated candidate enrichment only; not approved teaching truth.,high,approved_for_first_exposure
immediate_en_gb,4,/ɪmˈiːdɪət/,,secondary-primary-secondary-unstressed,TRUE,{(immediate)},MorphoLex-en exact candidate: {(immediate)}; POS=JJ.,AI-assisted candidate metadata; verify British pronunciation and teaching relevance.,ai_assisted_draft,"British IPA, CMUdict and MorphoLex candidate enrichment",https://github.com/open-dict-data/ipa-dict; https://github.com/cmusphinx/cmudict; https://github.com/hugomailhot/MorphoLex-en,mixed open licences; see teaching_content_sources.csv,Automated candidate enrichment only; not approved teaching truth.,high,approved_for_first_exposure
suffered_en_gb,2,/sˈʌfəd/,,primary-unstressed,TRUE,{(suffer)},MorphoLex-en exact candidate: {(suffer)}; POS=VB.,AI-assisted candidate metadata; verify British pronunciation and teaching relevance.,ai_assisted_draft,"British IPA, CMUdict and MorphoLex candidate enrichment",https://github.com/open-dict-data/ipa-dict; https://github.com/cmusphinx/cmudict; https://github.com/hugomailhot/MorphoLex-en,mixed open licences; see teaching_content_sources.csv,Automated candidate enrichment only; not approved teaching truth.,high,approved_for_first_exposure
license_en_gb,2,/lˈaɪsəns/,,primary-unstressed,TRUE,{(license)},MorphoLex-en exact candidate: {(license)}; POS=NN|VB.,AI-assisted candidate metadata; verify British pronunciation and teaching relevance.,ai_assisted_draft,"British IPA, CMUdict and MorphoLex candidate enrichment",https://github.com/open-dict-data/ipa-dict; https://github.com/cmusphinx/cmudict; https://github.com/hugomailhot/MorphoLex-en,mixed open licences; see teaching_content_sources.csv,Automated candidate enrichment only; not approved teaching truth.,high,approved_for_first_exposure
principal_en_gb,3,/pɹˈɪnsɪpəl/,,primary-unstressed-unstressed,TRUE,{(principal)},MorphoLex-en exact candidate: {(principal)}; POS=JJ|NN.,AI-assisted candidate metadata; verify British pronunciation and teaching relevance.,ai_assisted_draft,"British IPA, CMUdict and MorphoLex candidate enrichment",https://github.com/open-dict-data/ipa-dict; https://github.com/cmusphinx/cmudict; https://github.com/hugomailhot/MorphoLex-en,mixed open licences; see teaching_content_sources.csv,Automated candidate enrichment only; not approved teaching truth.,high,approved_for_first_exposure
swear_en_gb,1,/swˈeə/,,primary,FALSE,{(swear)},MorphoLex-en exact candidate: {(swear)}; POS=VB|NN.,AI-assisted candidate metadata; verify British pronunciation and teaching relevance.,ai_assisted_draft,"British IPA, CMUdict and MorphoLex candidate enrichment",https://github.com/open-dict-data/ipa-dict; https://github.com/cmusphinx/cmudict; https://github.com/hugomailhot/MorphoLex-en,mixed open licences; see teaching_content_sources.csv,Automated candidate enrichment only; not approved teaching truth.,high,approved_for_first_exposure
permission_en_gb,3,/pəmˈɪʃən/,,unstressed-primary-unstressed,TRUE,{(permit)}>ion>,MorphoLex-en exact candidate: {(permit)}>ion>; POS=NN.,AI-assisted candidate metadata; verify British pronunciation and teaching relevance.,ai_assisted_draft,"British IPA, CMUdict and MorphoLex candidate enrichment",https://github.com/open-dict-data/ipa-dict; https://github.com/cmusphinx/cmudict; https://github.com/hugomailhot/MorphoLex-en,mixed open licences; see teaching_content_sources.csv,Automated candidate enrichment only; not approved teaching truth.,high,approved_for_first_exposure
bread_en_gb,1,/bɹˈɛd/,,primary,FALSE,{(bread)},MorphoLex-en exact candidate: {(bread)}; POS=NN.,AI-assisted candidate metadata; verify British pronunciation and teaching relevance.,ai_assisted_draft,"British IPA, CMUdict and MorphoLex candidate enrichment",https://github.com/open-dict-data/ipa-dict; https://github.com/cmusphinx/cmudict; https://github.com/hugomailhot/MorphoLex-en,mixed open licences; see teaching_content_sources.csv,Automated candidate enrichment only; not approved teaching truth.,high,approved_for_first_exposure
wheel_en_gb,1,/wˈiːl/,,primary,FALSE,{(wheel)},MorphoLex-en exact candidate: {(wheel)}; POS=NN|VB.,AI-assisted candidate metadata; verify British pronunciation and teaching relevance.,ai_assisted_draft,"British IPA, CMUdict and MorphoLex candidate enrichment",https://github.com/open-dict-data/ipa-dict; https://github.com/cmusphinx/cmudict; https://github.com/hugomailhot/MorphoLex-en,mixed open licences; see teaching_content_sources.csv,Automated candidate enrichment only; not approved teaching truth.,high,approved_for_first_exposure
dancing_en_gb,2,/dˈɑːnsɪŋ/,,primary-unstressed,FALSE,{(dance)},MorphoLex-en exact candidate: {(dance)}; POS=NN|VB.,AI-assisted candidate metadata; verify British pronunciation and teaching relevance.,ai_assisted_draft,"British IPA, CMUdict and MorphoLex candidate enrichment",https://github.com/open-dict-data/ipa-dict; https://github.com/cmusphinx/cmudict; https://github.com/hugomailhot/MorphoLex-en,mixed open licences; see teaching_content_sources.csv,Automated candidate enrichment only; not approved teaching truth.,high,approved_for_first_exposure
reply_en_gb,2,/ɹɪplˈaɪ/,,unstressed-primary,FALSE,{(reply)},MorphoLex-en exact candidate: {(reply)}; POS=NN|VB.,AI-assisted candidate metadata; verify British pronunciation and teaching relevance.,ai_assisted_draft,"British IPA, CMUdict and MorphoLex candidate enrichment",https://github.com/open-dict-data/ipa-dict; https://github.com/cmusphinx/cmudict; https://github.com/hugomailhot/MorphoLex-en,mixed open licences; see teaching_content_sources.csv,Automated candidate enrichment only; not approved teaching truth.,high,approved_for_first_exposure
visited_en_gb,3,/vˈɪzɪtɪd/,,primary-unstressed-unstressed,FALSE,{(visit)},MorphoLex-en exact candidate: {(visit)}; POS=VB.,AI-assisted candidate metadata; verify British pronunciation and teaching relevance.,ai_assisted_draft,"British IPA, CMUdict and MorphoLex candidate enrichment",https://github.com/open-dict-data/ipa-dict; https://github.com/cmusphinx/cmudict; https://github.com/hugomailhot/MorphoLex-en,mixed open licences; see teaching_content_sources.csv,Automated candidate enrichment only; not approved teaching truth.,high,approved_for_first_exposure
shoulder_en_gb,2,/ʃˈəʊldɐ/,,primary-unstressed,TRUE,{(shoulder)},MorphoLex-en exact candidate: {(shoulder)}; POS=NN|VB.,AI-assisted candidate metadata; verify British pronunciation and teaching relevance.,ai_assisted_draft,"British IPA, CMUdict and MorphoLex candidate enrichment",https://github.com/open-dict-data/ipa-dict; https://github.com/cmusphinx/cmudict; https://github.com/hugomailhot/MorphoLex-en,mixed open licences; see teaching_content_sources.csv,Automated candidate enrichment only; not approved teaching truth.,high,approved_for_first_exposure
studied_en_gb,2,/stˈʌdɪd/,,primary-unstressed,FALSE,{(stud)>y>},MorphoLex-en exact candidate: {(stud)>y>}; POS=VB.,AI-assisted candidate metadata; verify British pronunciation and teaching relevance.,ai_assisted_draft,"British IPA, CMUdict and MorphoLex candidate enrichment",https://github.com/open-dict-data/ipa-dict; https://github.com/cmusphinx/cmudict; https://github.com/hugomailhot/MorphoLex-en,mixed open licences; see teaching_content_sources.csv,Automated candidate enrichment only; not approved teaching truth.,high,approved_for_first_exposure
admitted_en_gb,3,/ɐdmˈɪtɪd/,,unstressed-primary-unstressed,TRUE,{(admit)},MorphoLex-en exact candidate: {(admit)}; POS=VB|JJ.,AI-assisted candidate metadata; verify British pronunciation and teaching relevance.,ai_assisted_draft,"British IPA, CMUdict and MorphoLex candidate enrichment",https://github.com/open-dict-data/ipa-dict; https://github.com/cmusphinx/cmudict; https://github.com/hugomailhot/MorphoLex-en,mixed open licences; see teaching_content_sources.csv,Automated candidate enrichment only; not approved teaching truth.,high,approved_for_first_exposure
fought_en_gb,1,/fˈɔːt/,,primary,FALSE,{(fought)},MorphoLex-en exact candidate: {(fought)}; POS=VB.,AI-assisted candidate metadata; verify British pronunciation and teaching relevance.,ai_assisted_draft,"British IPA, CMUdict and MorphoLex candidate enrichment",https://github.com/open-dict-data/ipa-dict; https://github.com/cmusphinx/cmudict; https://github.com/hugomailhot/MorphoLex-en,mixed open licences; see teaching_content_sources.csv,Automated candidate enrichment only; not approved teaching truth.,high,approved_for_first_exposure
sought_en_gb,1,/sˈɔːt/,,primary,FALSE,{(sought)},MorphoLex-en exact candidate: {(sought)}; POS=VB.,AI-assisted candidate metadata; verify British pronunciation and teaching relevance.,ai_assisted_draft,"British IPA, CMUdict and MorphoLex candidate enrichment",https://github.com/open-dict-data/ipa-dict; https://github.com/cmusphinx/cmudict; https://github.com/hugomailhot/MorphoLex-en,mixed open licences; see teaching_content_sources.csv,Automated candidate enrichment only; not approved teaching truth.,high,approved_for_first_exposure
consistent_en_gb,3,/kənsˈɪstənt/,,unstressed-primary-unstressed,TRUE,{<co<(sist)>ant>},MorphoLex-en exact candidate: {<co<(sist)>ant>}; POS=JJ.,AI-assisted candidate metadata; verify British pronunciation and teaching relevance.,ai_assisted_draft,"British IPA, CMUdict and MorphoLex candidate enrichment",https://github.com/open-dict-data/ipa-dict; https://github.com/cmusphinx/cmudict; https://github.com/hugomailhot/MorphoLex-en,mixed open licences; see teaching_content_sources.csv,Automated candidate enrichment only; not approved teaching truth.,high,approved_for_first_exposure
bone_en_gb,1,/bˈəʊn/,,primary,FALSE,{(bone)},MorphoLex-en exact candidate: {(bone)}; POS=NN|VB.,AI-assisted candidate metadata; verify British pronunciation and teaching relevance.,ai_assisted_draft,"British IPA, CMUdict and MorphoLex candidate enrichment",https://github.com/open-dict-data/ipa-dict; https://github.com/cmusphinx/cmudict; https://github.com/hugomailhot/MorphoLex-en,mixed open licences; see teaching_content_sources.csv,Automated candidate enrichment only; not approved teaching truth.,high,approved_for_first_exposure
tied_en_gb,1,/tˈaɪd/,,primary,FALSE,{(tie)},MorphoLex-en exact candidate: {(tie)}; POS=VB.,AI-assisted candidate metadata; verify British pronunciation and teaching relevance.,ai_assisted_draft,"British IPA, CMUdict and MorphoLex candidate enrichment",https://github.com/open-dict-data/ipa-dict; https://github.com/cmusphinx/cmudict; https://github.com/hugomailhot/MorphoLex-en,mixed open licences; see teaching_content_sources.csv,Automated candidate enrichment only; not approved teaching truth.,high,approved_for_first_exposure
awful_en_gb,2,/ˈɔːfəl/,,primary-unstressed,TRUE,{(awe)}>ful>,MorphoLex-en exact candidate: {(awe)}>ful>; POS=JJ.,AI-assisted candidate metadata; verify British pronunciation and teaching relevance.,ai_assisted_draft,"British IPA, CMUdict and MorphoLex candidate enrichment",https://github.com/open-dict-data/ipa-dict; https://github.com/cmusphinx/cmudict; https://github.com/hugomailhot/MorphoLex-en,mixed open licences; see teaching_content_sources.csv,Automated candidate enrichment only; not approved teaching truth.,high,approved_for_first_exposure
adventure_en_gb,3,/ɐdvˈɛntʃɐ/,,unstressed-primary-unstressed,TRUE,{(advent)>ure>},MorphoLex-en exact candidate: {(advent)>ure>}; POS=NN.,AI-assisted candidate metadata; verify British pronunciation and teaching relevance.,ai_assisted_draft,"British IPA, CMUdict and MorphoLex candidate enrichment",https://github.com/open-dict-data/ipa-dict; https://github.com/cmusphinx/cmudict; https://github.com/hugomailhot/MorphoLex-en,mixed open licences; see teaching_content_sources.csv,Automated candidate enrichment only; not approved teaching truth.,high,approved_for_first_exposure
ridiculous_en_gb,4,/ɹɪdˈɪkjʊləs/,,unstressed-primary-unstressed-unstressed,TRUE,{(ridicule)}>ious>,MorphoLex-en exact candidate: {(ridicule)}>ious>; POS=JJ.,AI-assisted candidate metadata; verify British pronunciation and teaching relevance.,ai_assisted_draft,"British IPA, CMUdict and MorphoLex candidate enrichment",https://github.com/open-dict-data/ipa-dict; https://github.com/cmusphinx/cmudict; https://github.com/hugomailhot/MorphoLex-en,mixed open licences; see teaching_content_sources.csv,Automated candidate enrichment only; not approved teaching truth.,high,approved_for_first_exposure
argue_en_gb,2,/ˈɑːɡjuː/,,primary-unstressed,FALSE,{(argue)},MorphoLex-en exact candidate: {(argue)}; POS=VB.,AI-assisted candidate metadata; verify British pronunciation and teaching relevance.,ai_assisted_draft,"British IPA, CMUdict and MorphoLex candidate enrichment",https://github.com/open-dict-data/ipa-dict; https://github.com/cmusphinx/cmudict; https://github.com/hugomailhot/MorphoLex-en,mixed open licences; see teaching_content_sources.csv,Automated candidate enrichment only; not approved teaching truth.,high,approved_for_first_exposure
threw_en_gb,1,/θɹˈuː/,,primary,FALSE,{(threw)},MorphoLex-en exact candidate: {(threw)}; POS=VB.,AI-assisted candidate metadata; verify British pronunciation and teaching relevance.,ai_assisted_draft,"British IPA, CMUdict and MorphoLex candidate enrichment",https://github.com/open-dict-data/ipa-dict; https://github.com/cmusphinx/cmudict; https://github.com/hugomailhot/MorphoLex-en,mixed open licences; see teaching_content_sources.csv,Automated candidate enrichment only; not approved teaching truth.,high,approved_for_first_exposure
soldier_en_gb,2,/sˈəʊldʒɐ/,,primary-unstressed,TRUE,{(soldier)},MorphoLex-en exact candidate: {(soldier)}; POS=NN|VB.,AI-assisted candidate metadata; verify British pronunciation and teaching relevance.,ai_assisted_draft,"British IPA, CMUdict and MorphoLex candidate enrichment",https://github.com/open-dict-data/ipa-dict; https://github.com/cmusphinx/cmudict; https://github.com/hugomailhot/MorphoLex-en,mixed open licences; see teaching_content_sources.csv,Automated candidate enrichment only; not approved teaching truth.,high,approved_for_first_exposure
mystery_en_gb,3,/mˈɪstəɹi/,,primary-unstressed-unstressed,TRUE,{(myst)>ory>},MorphoLex-en exact candidate: {(myst)>ory>}; POS=NN.,AI-assisted candidate metadata; verify British pronunciation and teaching relevance.,ai_assisted_draft,"British IPA, CMUdict and MorphoLex candidate enrichment",https://github.com/open-dict-data/ipa-dict; https://github.com/cmusphinx/cmudict; https://github.com/hugomailhot/MorphoLex-en,mixed open licences; see teaching_content_sources.csv,Automated candidate enrichment only; not approved teaching truth.,high,approved_for_first_exposure
successfully_en_gb,4,/səksˈɛsfəli/,,unstressed-primary-unstressed-unstressed,TRUE,{(success)}>ful>>ly>,MorphoLex-en exact candidate: {(success)}>ful>>ly>; POS=RB.,AI-assisted candidate metadata; verify British pronunciation and teaching relevance.,ai_assisted_draft,"British IPA, CMUdict and MorphoLex candidate enrichment",https://github.com/open-dict-data/ipa-dict; https://github.com/cmusphinx/cmudict; https://github.com/hugomailhot/MorphoLex-en,mixed open licences; see teaching_content_sources.csv,Automated candidate enrichment only; not approved teaching truth.,high,approved_for_first_exposure
innocent_en_gb,3,/ˈɪnəsənt/,,primary-unstressed-unstressed,TRUE,{(innoc)>ant>},MorphoLex-en exact candidate: {(innoc)>ant>}; POS=JJ|NN.,AI-assisted candidate metadata; verify British pronunciation and teaching relevance.,ai_assisted_draft,"British IPA, CMUdict and MorphoLex candidate enrichment",https://github.com/open-dict-data/ipa-dict; https://github.com/cmusphinx/cmudict; https://github.com/hugomailhot/MorphoLex-en,mixed open licences; see teaching_content_sources.csv,Automated candidate enrichment only; not approved teaching truth.,high,approved_for_first_exposure
fort_en_gb,1,/fˈɔːt/,,primary,FALSE,{(fort)},MorphoLex-en exact candidate: {(fort)}; POS=NN.,AI-assisted candidate metadata; verify British pronunciation and teaching relevance.,ai_assisted_draft,"British IPA, CMUdict and MorphoLex candidate enrichment",https://github.com/open-dict-data/ipa-dict; https://github.com/cmusphinx/cmudict; https://github.com/hugomailhot/MorphoLex-en,mixed open licences; see teaching_content_sources.csv,Automated candidate enrichment only; not approved teaching truth.,high,approved_for_first_exposure
angel_en_gb,2,/ˈeɪndʒəl/,,primary-unstressed,TRUE,{(angel)},MorphoLex-en exact candidate: {(angel)}; POS=NN.,AI-assisted candidate metadata; verify British pronunciation and teaching relevance.,ai_assisted_draft,"British IPA, CMUdict and MorphoLex candidate enrichment",https://github.com/open-dict-data/ipa-dict; https://github.com/cmusphinx/cmudict; https://github.com/hugomailhot/MorphoLex-en,mixed open licences; see teaching_content_sources.csv,Automated candidate enrichment only; not approved teaching truth.,high,approved_for_first_exposure
uncle_en_gb,2,/ˈʌŋkəl/,,primary-unstressed,TRUE,{(uncle)},MorphoLex-en exact candidate: {(uncle)}; POS=NN.,AI-assisted candidate metadata; verify British pronunciation and teaching relevance.,ai_assisted_draft,"British IPA, CMUdict and MorphoLex candidate enrichment",https://github.com/open-dict-data/ipa-dict; https://github.com/cmusphinx/cmudict; https://github.com/hugomailhot/MorphoLex-en,mixed open licences; see teaching_content_sources.csv,Automated candidate enrichment only; not approved teaching truth.,high,approved_for_first_exposure
curious_en_gb,3,/kjˈʊɹɪəs/,,primary-unstressed-unstressed,TRUE,{(curious)},MorphoLex-en exact candidate: {(curious)}; POS=JJ.,AI-assisted candidate metadata; verify British pronunciation and teaching relevance.,ai_assisted_draft,"British IPA, CMUdict and MorphoLex candidate enrichment",https://github.com/open-dict-data/ipa-dict; https://github.com/cmusphinx/cmudict; https://github.com/hugomailhot/MorphoLex-en,mixed open licences; see teaching_content_sources.csv,Automated candidate enrichment only; not approved teaching truth.,high,approved_for_first_exposure
refer_en_gb,2,/ɹɪfˈɜː/,,unstressed-primary,TRUE,{(refer)},MorphoLex-en exact candidate: {(refer)}; POS=VB.,AI-assisted candidate metadata; verify British pronunciation and teaching relevance.,ai_assisted_draft,"British IPA, CMUdict and MorphoLex candidate enrichment",https://github.com/open-dict-data/ipa-dict; https://github.com/cmusphinx/cmudict; https://github.com/hugomailhot/MorphoLex-en,mixed open licences; see teaching_content_sources.csv,Automated candidate enrichment only; not approved teaching truth.,high,approved_for_first_exposure
suffer_en_gb,2,/sˈʌfɐ/,,primary-unstressed,TRUE,{(suffer)},MorphoLex-en exact candidate: {(suffer)}; POS=VB.,AI-assisted candidate metadata; verify British pronunciation and teaching relevance.,ai_assisted_draft,"British IPA, CMUdict and MorphoLex candidate enrichment",https://github.com/open-dict-data/ipa-dict; https://github.com/cmusphinx/cmudict; https://github.com/hugomailhot/MorphoLex-en,mixed open licences; see teaching_content_sources.csv,Automated candidate enrichment only; not approved teaching truth.,high,approved_for_first_exposure
badly_en_gb,2,/bˈædli/,,primary-unstressed,FALSE,{(bad)}>ly>,MorphoLex-en exact candidate: {(bad)}>ly>; POS=RB.,AI-assisted candidate metadata; verify British pronunciation and teaching relevance.,ai_assisted_draft,"British IPA, CMUdict and MorphoLex candidate enrichment",https://github.com/open-dict-data/ipa-dict; https://github.com/cmusphinx/cmudict; https://github.com/hugomailhot/MorphoLex-en,mixed open licences; see teaching_content_sources.csv,Automated candidate enrichment only; not approved teaching truth.,high,approved_for_first_exposure
fiction_en_gb,2,/fˈɪkʃən/,,primary-unstressed,TRUE,{(fict)>ion>},MorphoLex-en exact candidate: {(fict)>ion>}; POS=NN.,AI-assisted candidate metadata; verify British pronunciation and teaching relevance.,ai_assisted_draft,"British IPA, CMUdict and MorphoLex candidate enrichment",https://github.com/open-dict-data/ipa-dict; https://github.com/cmusphinx/cmudict; https://github.com/hugomailhot/MorphoLex-en,mixed open licences; see teaching_content_sources.csv,Automated candidate enrichment only; not approved teaching truth.,high,approved_for_first_exposure
explanation_en_gb,4,/ɛksplɐnˈeɪʃən/,,secondary-unstressed-primary-unstressed,TRUE,{(explain)}>ion>,MorphoLex-en exact candidate: {(explain)}>ion>; POS=NN.,AI-assisted candidate metadata; verify British pronunciation and teaching relevance.,ai_assisted_draft,"British IPA, CMUdict and MorphoLex candidate enrichment",https://github.com/open-dict-data/ipa-dict; https://github.com/cmusphinx/cmudict; https://github.com/hugomailhot/MorphoLex-en,mixed open licences; see teaching_content_sources.csv,Automated candidate enrichment only; not approved teaching truth.,high,approved_for_first_exposure
horrible_en_gb,3,/hˈɒɹɪbəl/,,primary-unstressed-unstressed,TRUE,{(horr)>able>},MorphoLex-en exact candidate: {(horr)>able>}; POS=JJ.,AI-assisted candidate metadata; verify British pronunciation and teaching relevance.,ai_assisted_draft,"British IPA, CMUdict and MorphoLex candidate enrichment",https://github.com/open-dict-data/ipa-dict; https://github.com/cmusphinx/cmudict; https://github.com/hugomailhot/MorphoLex-en,mixed open licences; see teaching_content_sources.csv,Automated candidate enrichment only; not approved teaching truth.,high,approved_for_first_exposure
guarantee_en_gb,3,/ɡˌæɹɑːntˈiː/,,secondary-unstressed-primary,TRUE,{(guarant)>ee>},MorphoLex-en exact candidate: {(guarant)>ee>}; POS=NN|VB.,AI-assisted candidate metadata; verify British pronunciation and teaching relevance.,ai_assisted_draft,"British IPA, CMUdict and MorphoLex candidate enrichment",https://github.com/open-dict-data/ipa-dict; https://github.com/cmusphinx/cmudict; https://github.com/hugomailhot/MorphoLex-en,mixed open licences; see teaching_content_sources.csv,Automated candidate enrichment only; not approved teaching truth.,high,approved_for_first_exposure
tape_en_gb,1,/tˈeɪp/,,primary,FALSE,{(tape)},MorphoLex-en exact candidate: {(tape)}; POS=NN|VB.,AI-assisted candidate metadata; verify British pronunciation and teaching relevance.,ai_assisted_draft,"British IPA, CMUdict and MorphoLex candidate enrichment",https://github.com/open-dict-data/ipa-dict; https://github.com/cmusphinx/cmudict; https://github.com/hugomailhot/MorphoLex-en,mixed open licences; see teaching_content_sources.csv,Automated candidate enrichment only; not approved teaching truth.,high,approved_for_first_exposure
visiting_en_gb,3,/vˈɪzɪtɪŋ/,,primary-unstressed-unstressed,FALSE,{(visit)},MorphoLex-en exact candidate: {(visit)}; POS=VB.,AI-assisted candidate metadata; verify British pronunciation and teaching relevance.,ai_assisted_draft,"British IPA, CMUdict and MorphoLex candidate enrichment",https://github.com/open-dict-data/ipa-dict; https://github.com/cmusphinx/cmudict; https://github.com/hugomailhot/MorphoLex-en,mixed open licences; see teaching_content_sources.csv,Automated candidate enrichment only; not approved teaching truth.,high,approved_for_first_exposure
muscle_en_gb,2,/mˈʌsəl/,,primary-unstressed,TRUE,{(muscle)},MorphoLex-en exact candidate: {(muscle)}; POS=NN|VB.,AI-assisted candidate metadata; verify British pronunciation and teaching relevance.,ai_assisted_draft,"British IPA, CMUdict and MorphoLex candidate enrichment",https://github.com/open-dict-data/ipa-dict; https://github.com/cmusphinx/cmudict; https://github.com/hugomailhot/MorphoLex-en,mixed open licences; see teaching_content_sources.csv,Automated candidate enrichment only; not approved teaching truth.,high,approved_for_first_exposure
confident_en_gb,3,/kˈɒnfɪdənt/,,primary-unstressed-unstressed,TRUE,{(confide)}>ant>,MorphoLex-en exact candidate: {(confide)}>ant>; POS=JJ.,AI-assisted candidate metadata; verify British pronunciation and teaching relevance.,ai_assisted_draft,"British IPA, CMUdict and MorphoLex candidate enrichment",https://github.com/open-dict-data/ipa-dict; https://github.com/cmusphinx/cmudict; https://github.com/hugomailhot/MorphoLex-en,mixed open licences; see teaching_content_sources.csv,Automated candidate enrichment only; not approved teaching truth.,high,approved_for_first_exposure
containing_en_gb,3,/kəntˈeɪnɪŋ/,,unstressed-primary-unstressed,TRUE,{<co<(tain)},MorphoLex-en exact candidate: {<co<(tain)}; POS=VB|NN.,AI-assisted candidate metadata; verify British pronunciation and teaching relevance.,ai_assisted_draft,"British IPA, CMUdict and MorphoLex candidate enrichment",https://github.com/open-dict-data/ipa-dict; https://github.com/cmusphinx/cmudict; https://github.com/hugomailhot/MorphoLex-en,mixed open licences; see teaching_content_sources.csv,Automated candidate enrichment only; not approved teaching truth.,high,approved_for_first_exposure
label_en_gb,2,/lˈeɪbəl/,,primary-unstressed,TRUE,{(label)},MorphoLex-en exact candidate: {(label)}; POS=NN|VB.,AI-assisted candidate metadata; verify British pronunciation and teaching relevance.,ai_assisted_draft,"British IPA, CMUdict and MorphoLex candidate enrichment",https://github.com/open-dict-data/ipa-dict; https://github.com/cmusphinx/cmudict; https://github.com/hugomailhot/MorphoLex-en,mixed open licences; see teaching_content_sources.csv,Automated candidate enrichment only; not approved teaching truth.,high,approved_for_first_exposure
studying_en_gb,3,/stˈʌdɪɪŋ/,,primary-unstressed-unstressed,FALSE,{(stud)>y>},MorphoLex-en exact candidate: {(stud)>y>}; POS=VB.,AI-assisted candidate metadata; verify British pronunciation and teaching relevance.,ai_assisted_draft,"British IPA, CMUdict and MorphoLex candidate enrichment",https://github.com/open-dict-data/ipa-dict; https://github.com/cmusphinx/cmudict; https://github.com/hugomailhot/MorphoLex-en,mixed open licences; see teaching_content_sources.csv,Automated candidate enrichment only; not approved teaching truth.,high,approved_for_first_exposure
capture_en_gb,2,/kˈæptʃɐ/,,primary-unstressed,TRUE,{(capt)>ure>},MorphoLex-en exact candidate: {(capt)>ure>}; POS=NN|VB.,AI-assisted candidate metadata; verify British pronunciation and teaching relevance.,ai_assisted_draft,"British IPA, CMUdict and MorphoLex candidate enrichment",https://github.com/open-dict-data/ipa-dict; https://github.com/cmusphinx/cmudict; https://github.com/hugomailhot/MorphoLex-en,mixed open licences; see teaching_content_sources.csv,Automated candidate enrichment only; not approved teaching truth.,high,approved_for_first_exposure
ordinary_en_gb,4,/ˈɔːdɪnəɹi/,,primary-unstressed-secondary-unstressed,TRUE,{(ordin)>ory>},MorphoLex-en exact candidate: {(ordin)>ory>}; POS=JJ.,AI-assisted candidate metadata; verify British pronunciation and teaching relevance.,ai_assisted_draft,"British IPA, CMUdict and MorphoLex candidate enrichment",https://github.com/open-dict-data/ipa-dict; https://github.com/cmusphinx/cmudict; https://github.com/hugomailhot/MorphoLex-en,mixed open licences; see teaching_content_sources.csv,Automated candidate enrichment only; not approved teaching truth.,high,approved_for_first_exposure
hunting_en_gb,2,/hˈʌntɪŋ/,,primary-unstressed,FALSE,{(hunt)},MorphoLex-en exact candidate: {(hunt)}; POS=NN|VB.,AI-assisted candidate metadata; verify British pronunciation and teaching relevance.,ai_assisted_draft,"British IPA, CMUdict and MorphoLex candidate enrichment",https://github.com/open-dict-data/ipa-dict; https://github.com/cmusphinx/cmudict; https://github.com/hugomailhot/MorphoLex-en,mixed open licences; see teaching_content_sources.csv,Automated candidate enrichment only; not approved teaching truth.,high,approved_for_first_exposure
stomach_en_gb,2,/stˈʌmək/,,primary-unstressed,TRUE,{(stomach)},MorphoLex-en exact candidate: {(stomach)}; POS=NN|VB.,AI-assisted candidate metadata; verify British pronunciation and teaching relevance.,ai_assisted_draft,"British IPA, CMUdict and MorphoLex candidate enrichment",https://github.com/open-dict-data/ipa-dict; https://github.com/cmusphinx/cmudict; https://github.com/hugomailhot/MorphoLex-en,mixed open licences; see teaching_content_sources.csv,Automated candidate enrichment only; not approved teaching truth.,high,approved_for_first_exposure
co_operate_en_gb,4,/kəʊˈɒpəreɪt/,,unstressed-primary-unstressed-unstressed,TRUE,,No exact MorphoLex-en row; human morphology review required.,AI-assisted candidate metadata; verify British pronunciation and teaching relevance.,internal_authored,Katie Sanderson reviewed pronunciation supplement,/private/tmp/scarlett-pr10-canonical-readiness.00pmR8/docs/implementation/seed-data/teaching-dictionary/candidates/2026-07-22-next-1000-word-batch/review/reviewed-pronunciation-supplements.json,internal,"British IPA supplied by the content owner in the PR #10 import review. Syllable, stress and schwa fields are the structured representation of the supplied IPA.",high,approved_for_first_exposure
efficient_en_gb,3,/ɪfˈɪʃənt/,,unstressed-primary-unstressed,TRUE,{(efficient)},MorphoLex-en exact candidate: {(efficient)}; POS=JJ.,AI-assisted candidate metadata; verify British pronunciation and teaching relevance.,ai_assisted_draft,"British IPA, CMUdict and MorphoLex candidate enrichment",https://github.com/open-dict-data/ipa-dict; https://github.com/cmusphinx/cmudict; https://github.com/hugomailhot/MorphoLex-en,mixed open licences; see teaching_content_sources.csv,Automated candidate enrichment only; not approved teaching truth.,high,approved_for_first_exposure
ghost_en_gb,1,/ɡˈəʊst/,,primary,FALSE,{(ghost)},MorphoLex-en exact candidate: {(ghost)}; POS=NN.,AI-assisted candidate metadata; verify British pronunciation and teaching relevance.,ai_assisted_draft,"British IPA, CMUdict and MorphoLex candidate enrichment",https://github.com/open-dict-data/ipa-dict; https://github.com/cmusphinx/cmudict; https://github.com/hugomailhot/MorphoLex-en,mixed open licences; see teaching_content_sources.csv,Automated candidate enrichment only; not approved teaching truth.,high,approved_for_first_exposure
illness_en_gb,2,/ˈɪlnəs/,,primary-unstressed,TRUE,{(ill)}>ness>,MorphoLex-en exact candidate: {(ill)}>ness>; POS=NN.,AI-assisted candidate metadata; verify British pronunciation and teaching relevance.,ai_assisted_draft,"British IPA, CMUdict and MorphoLex candidate enrichment",https://github.com/open-dict-data/ipa-dict; https://github.com/cmusphinx/cmudict; https://github.com/hugomailhot/MorphoLex-en,mixed open licences; see teaching_content_sources.csv,Automated candidate enrichment only; not approved teaching truth.,high,approved_for_first_exposure
cousin_en_gb,2,/kˈʌzən/,,primary-unstressed,TRUE,{(cousin)},MorphoLex-en exact candidate: {(cousin)}; POS=NN.,AI-assisted candidate metadata; verify British pronunciation and teaching relevance.,ai_assisted_draft,"British IPA, CMUdict and MorphoLex candidate enrichment",https://github.com/open-dict-data/ipa-dict; https://github.com/cmusphinx/cmudict; https://github.com/hugomailhot/MorphoLex-en,mixed open licences; see teaching_content_sources.csv,Automated candidate enrichment only; not approved teaching truth.,high,approved_for_first_exposure
banned_en_gb,1,/bˈænd/,,primary,FALSE,{(ban)},MorphoLex-en exact candidate: {(ban)}; POS=VB.,AI-assisted candidate metadata; verify British pronunciation and teaching relevance.,ai_assisted_draft,"British IPA, CMUdict and MorphoLex candidate enrichment",https://github.com/open-dict-data/ipa-dict; https://github.com/cmusphinx/cmudict; https://github.com/hugomailhot/MorphoLex-en,mixed open licences; see teaching_content_sources.csv,Automated candidate enrichment only; not approved teaching truth.,high,approved_for_first_exposure
steal_en_gb,1,/stˈiːl/,,primary,FALSE,{(steal)},MorphoLex-en exact candidate: {(steal)}; POS=VB|NN.,AI-assisted candidate metadata; verify British pronunciation and teaching relevance.,ai_assisted_draft,"British IPA, CMUdict and MorphoLex candidate enrichment",https://github.com/open-dict-data/ipa-dict; https://github.com/cmusphinx/cmudict; https://github.com/hugomailhot/MorphoLex-en,mixed open licences; see teaching_content_sources.csv,Automated candidate enrichment only; not approved teaching truth.,high,approved_for_first_exposure
forgotten_en_gb,3,/fəɡˈɒtən/,,unstressed-primary-unstressed,TRUE,{(forgot)}>en>,MorphoLex-en exact candidate: {(forgot)}>en>; POS=VB|JJ.,AI-assisted candidate metadata; verify British pronunciation and teaching relevance.,ai_assisted_draft,"British IPA, CMUdict and MorphoLex candidate enrichment",https://github.com/open-dict-data/ipa-dict; https://github.com/cmusphinx/cmudict; https://github.com/hugomailhot/MorphoLex-en,mixed open licences; see teaching_content_sources.csv,Automated candidate enrichment only; not approved teaching truth.,high,approved_for_first_exposure
marry_en_gb,2,/mˈæɹi/,,primary-unstressed,FALSE,{(marry)},MorphoLex-en exact candidate: {(marry)}; POS=VB.,AI-assisted candidate metadata; verify British pronunciation and teaching relevance.,ai_assisted_draft,"British IPA, CMUdict and MorphoLex candidate enrichment",https://github.com/open-dict-data/ipa-dict; https://github.com/cmusphinx/cmudict; https://github.com/hugomailhot/MorphoLex-en,mixed open licences; see teaching_content_sources.csv,Automated candidate enrichment only; not approved teaching truth.,high,approved_for_first_exposure
crystal_en_gb,2,/kɹˈɪstəl/,,primary-unstressed,TRUE,{(crystal)},MorphoLex-en exact candidate: {(crystal)}; POS=NN.,AI-assisted candidate metadata; verify British pronunciation and teaching relevance.,ai_assisted_draft,"British IPA, CMUdict and MorphoLex candidate enrichment",https://github.com/open-dict-data/ipa-dict; https://github.com/cmusphinx/cmudict; https://github.com/hugomailhot/MorphoLex-en,mixed open licences; see teaching_content_sources.csv,Automated candidate enrichment only; not approved teaching truth.,high,approved_for_first_exposure
desert_en_gb,2,/ˈdezət/,,primary-unstressed,TRUE,{(desert)},MorphoLex-en exact candidate: {(desert)}; POS=NN.,AI-assisted candidate metadata; verify British pronunciation and teaching relevance.,ai_assisted_draft,"British IPA, CMUdict and MorphoLex candidate enrichment",https://github.com/open-dict-data/ipa-dict; https://github.com/cmusphinx/cmudict; https://github.com/hugomailhot/MorphoLex-en,mixed open licences; see teaching_content_sources.csv,Automated candidate enrichment only; not approved teaching truth.,high,approved_for_first_exposure
occasionally_en_gb,5,/əkˈeɪʒənəli/,,unstressed-primary-unstressed-unstressed-unstressed,TRUE,{(occasion)}>al>>ly>,MorphoLex-en exact candidate: {(occasion)}>al>>ly>; POS=RB.,AI-assisted candidate metadata; verify British pronunciation and teaching relevance.,ai_assisted_draft,"British IPA, CMUdict and MorphoLex candidate enrichment",https://github.com/open-dict-data/ipa-dict; https://github.com/cmusphinx/cmudict; https://github.com/hugomailhot/MorphoLex-en,mixed open licences; see teaching_content_sources.csv,Automated candidate enrichment only; not approved teaching truth.,high,approved_for_first_exposure
translation_en_gb,3,/tɹænslˈeɪʃən/,,unstressed-primary-unstressed,TRUE,{(translate)}>ion>,MorphoLex-en exact candidate: {(translate)}>ion>; POS=NN.,AI-assisted candidate metadata; verify British pronunciation and teaching relevance.,ai_assisted_draft,"British IPA, CMUdict and MorphoLex candidate enrichment",https://github.com/open-dict-data/ipa-dict; https://github.com/cmusphinx/cmudict; https://github.com/hugomailhot/MorphoLex-en,mixed open licences; see teaching_content_sources.csv,Automated candidate enrichment only; not approved teaching truth.,high,approved_for_first_exposure
keys_en_gb,1,/kˈiːz/,,primary,FALSE,{(key)},MorphoLex-en exact candidate: {(key)}; POS=NN|VB.,AI-assisted candidate metadata; verify British pronunciation and teaching relevance.,ai_assisted_draft,"British IPA, CMUdict and MorphoLex candidate enrichment",https://github.com/open-dict-data/ipa-dict; https://github.com/cmusphinx/cmudict; https://github.com/hugomailhot/MorphoLex-en,mixed open licences; see teaching_content_sources.csv,Automated candidate enrichment only; not approved teaching truth.,high,approved_for_first_exposure
medal_en_gb,2,/mˈɛdəl/,,primary-unstressed,TRUE,{(medal)},MorphoLex-en exact candidate: {(medal)}; POS=NN.,AI-assisted candidate metadata; verify British pronunciation and teaching relevance.,ai_assisted_draft,"British IPA, CMUdict and MorphoLex candidate enrichment",https://github.com/open-dict-data/ipa-dict; https://github.com/cmusphinx/cmudict; https://github.com/hugomailhot/MorphoLex-en,mixed open licences; see teaching_content_sources.csv,Automated candidate enrichment only; not approved teaching truth.,high,approved_for_first_exposure
incredibly_en_gb,4,/ɪnkɹˈɛdɪbli/,,secondary-primary-unstressed-unstressed,TRUE,<im<{(cred)>able>}>y>,MorphoLex-en exact candidate: <im<{(cred)>able>}>y>; POS=RB.,AI-assisted candidate metadata; verify British pronunciation and teaching relevance.,ai_assisted_draft,"British IPA, CMUdict and MorphoLex candidate enrichment",https://github.com/open-dict-data/ipa-dict; https://github.com/cmusphinx/cmudict; https://github.com/hugomailhot/MorphoLex-en,mixed open licences; see teaching_content_sources.csv,Automated candidate enrichment only; not approved teaching truth.,high,approved_for_first_exposure
possession_en_gb,3,/pəzˈɛʃən/,,unstressed-primary-unstressed,TRUE,{(possess)}>ion>,MorphoLex-en exact candidate: {(possess)}>ion>; POS=NN.,AI-assisted candidate metadata; verify British pronunciation and teaching relevance.,ai_assisted_draft,"British IPA, CMUdict and MorphoLex candidate enrichment",https://github.com/open-dict-data/ipa-dict; https://github.com/cmusphinx/cmudict; https://github.com/hugomailhot/MorphoLex-en,mixed open licences; see teaching_content_sources.csv,Automated candidate enrichment only; not approved teaching truth.,high,approved_for_first_exposure
pace_en_gb,1,/peɪs/,,primary,FALSE,{(pace)},MorphoLex-en exact candidate: {(pace)}; POS=NN|VB.,AI-assisted candidate metadata; verify British pronunciation and teaching relevance.,ai_assisted_draft,"British IPA, CMUdict and MorphoLex candidate enrichment",https://github.com/open-dict-data/ipa-dict; https://github.com/cmusphinx/cmudict; https://github.com/hugomailhot/MorphoLex-en,mixed open licences; see teaching_content_sources.csv,Automated candidate enrichment only; not approved teaching truth.,high,approved_for_first_exposure
arrive_en_gb,2,/ɐɹˈaɪv/,,unstressed-primary,TRUE,{(arrive)},MorphoLex-en exact candidate: {(arrive)}; POS=VB.,AI-assisted candidate metadata; verify British pronunciation and teaching relevance.,ai_assisted_draft,"British IPA, CMUdict and MorphoLex candidate enrichment",https://github.com/open-dict-data/ipa-dict; https://github.com/cmusphinx/cmudict; https://github.com/hugomailhot/MorphoLex-en,mixed open licences; see teaching_content_sources.csv,Automated candidate enrichment only; not approved teaching truth.,high,approved_for_first_exposure
occasion_en_gb,3,/əkˈeɪʒən/,,unstressed-primary-unstressed,TRUE,{(occasion)},MorphoLex-en exact candidate: {(occasion)}; POS=NN|VB.,AI-assisted candidate metadata; verify British pronunciation and teaching relevance.,ai_assisted_draft,"British IPA, CMUdict and MorphoLex candidate enrichment",https://github.com/open-dict-data/ipa-dict; https://github.com/cmusphinx/cmudict; https://github.com/hugomailhot/MorphoLex-en,mixed open licences; see teaching_content_sources.csv,Automated candidate enrichment only; not approved teaching truth.,high,approved_for_first_exposure
experiment_en_gb,4,/ɛkspˈɛɹɪmənt/,,unstressed-primary-unstressed-unstressed,TRUE,{(experiment)},MorphoLex-en exact candidate: {(experiment)}; POS=NN.,AI-assisted candidate metadata; verify British pronunciation and teaching relevance.,ai_assisted_draft,"British IPA, CMUdict and MorphoLex candidate enrichment",https://github.com/open-dict-data/ipa-dict; https://github.com/cmusphinx/cmudict; https://github.com/hugomailhot/MorphoLex-en,mixed open licences; see teaching_content_sources.csv,Automated candidate enrichment only; not approved teaching truth.,high,approved_for_first_exposure
efficiency_en_gb,4,/ɪfˈɪʃənsi/,,unstressed-primary-unstressed-unstressed,TRUE,{(efficiency)},MorphoLex-en exact candidate: {(efficiency)}; POS=NN.,AI-assisted candidate metadata; verify British pronunciation and teaching relevance.,ai_assisted_draft,"British IPA, CMUdict and MorphoLex candidate enrichment",https://github.com/open-dict-data/ipa-dict; https://github.com/cmusphinx/cmudict; https://github.com/hugomailhot/MorphoLex-en,mixed open licences; see teaching_content_sources.csv,Automated candidate enrichment only; not approved teaching truth.,high,approved_for_first_exposure
hunter_en_gb,2,/hˈʌntɐ/,,primary-unstressed,TRUE,{(hunt)}>er>,MorphoLex-en exact candidate: {(hunt)}>er>; POS=NN.,AI-assisted candidate metadata; verify British pronunciation and teaching relevance.,ai_assisted_draft,"British IPA, CMUdict and MorphoLex candidate enrichment",https://github.com/open-dict-data/ipa-dict; https://github.com/cmusphinx/cmudict; https://github.com/hugomailhot/MorphoLex-en,mixed open licences; see teaching_content_sources.csv,Automated candidate enrichment only; not approved teaching truth.,high,approved_for_first_exposure
scary_en_gb,2,/skˈeəɹi/,,primary-unstressed,FALSE,{(scare)}>y>,MorphoLex-en exact candidate: {(scare)}>y>; POS=JJ.,AI-assisted candidate metadata; verify British pronunciation and teaching relevance.,ai_assisted_draft,"British IPA, CMUdict and MorphoLex candidate enrichment",https://github.com/open-dict-data/ipa-dict; https://github.com/cmusphinx/cmudict; https://github.com/hugomailhot/MorphoLex-en,mixed open licences; see teaching_content_sources.csv,Automated candidate enrichment only; not approved teaching truth.,high,approved_for_first_exposure
exhibition_en_gb,4,/ɛksɪbˈɪʃən/,,secondary-unstressed-primary-unstressed,TRUE,{<ex<(hibit)}>ion>,MorphoLex-en exact candidate: {<ex<(hibit)}>ion>; POS=NN.,AI-assisted candidate metadata; verify British pronunciation and teaching relevance.,ai_assisted_draft,"British IPA, CMUdict and MorphoLex candidate enrichment",https://github.com/open-dict-data/ipa-dict; https://github.com/cmusphinx/cmudict; https://github.com/hugomailhot/MorphoLex-en,mixed open licences; see teaching_content_sources.csv,Automated candidate enrichment only; not approved teaching truth.,high,approved_for_first_exposure
hook_en_gb,1,/hˈʊk/,,primary,FALSE,{(hook)},MorphoLex-en exact candidate: {(hook)}; POS=NN|VB.,AI-assisted candidate metadata; verify British pronunciation and teaching relevance.,ai_assisted_draft,"British IPA, CMUdict and MorphoLex candidate enrichment",https://github.com/open-dict-data/ipa-dict; https://github.com/cmusphinx/cmudict; https://github.com/hugomailhot/MorphoLex-en,mixed open licences; see teaching_content_sources.csv,Automated candidate enrichment only; not approved teaching truth.,high,approved_for_first_exposure
regret_en_gb,2,/ɹɪɡɹˈɛt/,,unstressed-primary,TRUE,{(regret)},MorphoLex-en exact candidate: {(regret)}; POS=VB|NN.,AI-assisted candidate metadata; verify British pronunciation and teaching relevance.,ai_assisted_draft,"British IPA, CMUdict and MorphoLex candidate enrichment",https://github.com/open-dict-data/ipa-dict; https://github.com/cmusphinx/cmudict; https://github.com/hugomailhot/MorphoLex-en,mixed open licences; see teaching_content_sources.csv,Automated candidate enrichment only; not approved teaching truth.,high,approved_for_first_exposure
tongue_en_gb,1,/tˈʌŋ/,,primary,FALSE,{(tongue)},MorphoLex-en exact candidate: {(tongue)}; POS=NN.,AI-assisted candidate metadata; verify British pronunciation and teaching relevance.,ai_assisted_draft,"British IPA, CMUdict and MorphoLex candidate enrichment",https://github.com/open-dict-data/ipa-dict; https://github.com/cmusphinx/cmudict; https://github.com/hugomailhot/MorphoLex-en,mixed open licences; see teaching_content_sources.csv,Automated candidate enrichment only; not approved teaching truth.,high,approved_for_first_exposure
residence_en_gb,3,/ɹˈɛzɪdəns/,,primary-unstressed-unstressed,TRUE,{(reside)>ance>},MorphoLex-en exact candidate: {(reside)>ance>}; POS=NN.,AI-assisted candidate metadata; verify British pronunciation and teaching relevance.,ai_assisted_draft,"British IPA, CMUdict and MorphoLex candidate enrichment",https://github.com/open-dict-data/ipa-dict; https://github.com/cmusphinx/cmudict; https://github.com/hugomailhot/MorphoLex-en,mixed open licences; see teaching_content_sources.csv,Automated candidate enrichment only; not approved teaching truth.,high,approved_for_first_exposure
frequency_en_gb,3,/fɹˈiːkwənsi/,,primary-unstressed-unstressed,TRUE,{(frequence)}>y>,MorphoLex-en exact candidate: {(frequence)}>y>; POS=NN.,AI-assisted candidate metadata; verify British pronunciation and teaching relevance.,ai_assisted_draft,"British IPA, CMUdict and MorphoLex candidate enrichment",https://github.com/open-dict-data/ipa-dict; https://github.com/cmusphinx/cmudict; https://github.com/hugomailhot/MorphoLex-en,mixed open licences; see teaching_content_sources.csv,Automated candidate enrichment only; not approved teaching truth.,high,approved_for_first_exposure
tube_en_gb,1,/tjˈuːb/,,primary,FALSE,{(tube)},MorphoLex-en exact candidate: {(tube)}; POS=NN.,AI-assisted candidate metadata; verify British pronunciation and teaching relevance.,ai_assisted_draft,"British IPA, CMUdict and MorphoLex candidate enrichment",https://github.com/open-dict-data/ipa-dict; https://github.com/cmusphinx/cmudict; https://github.com/hugomailhot/MorphoLex-en,mixed open licences; see teaching_content_sources.csv,Automated candidate enrichment only; not approved teaching truth.,high,approved_for_first_exposure
organisation_en_gb,5,/ˌɔːɡɐnaɪzˈeɪʃən/,,secondary-unstressed-unstressed-primary-unstressed,TRUE,,No exact MorphoLex-en row; human morphology review required.,AI-assisted candidate metadata; verify British pronunciation and teaching relevance.,ai_assisted_draft,"British IPA, CMUdict and MorphoLex candidate enrichment",https://github.com/open-dict-data/ipa-dict; https://github.com/cmusphinx/cmudict; https://github.com/hugomailhot/MorphoLex-en,mixed open licences; see teaching_content_sources.csv,Automated candidate enrichment only; not approved teaching truth.,high,approved_for_first_exposure
transferred_en_gb,2,/tɹænsfˈɜːd/,,unstressed-primary,FALSE,{(transfer)},MorphoLex-en exact candidate: {(transfer)}; POS=VB.,AI-assisted candidate metadata; verify British pronunciation and teaching relevance.,ai_assisted_draft,"British IPA, CMUdict and MorphoLex candidate enrichment",https://github.com/open-dict-data/ipa-dict; https://github.com/cmusphinx/cmudict; https://github.com/hugomailhot/MorphoLex-en,mixed open licences; see teaching_content_sources.csv,Automated candidate enrichment only; not approved teaching truth.,high,approved_for_first_exposure
impression_en_gb,3,/ɪmpɹˈɛʃən/,,secondary-primary-unstressed,TRUE,{<in<(press)}>ion>,MorphoLex-en exact candidate: {<in<(press)}>ion>; POS=NN.,AI-assisted candidate metadata; verify British pronunciation and teaching relevance.,ai_assisted_draft,"British IPA, CMUdict and MorphoLex candidate enrichment",https://github.com/open-dict-data/ipa-dict; https://github.com/cmusphinx/cmudict; https://github.com/hugomailhot/MorphoLex-en,mixed open licences; see teaching_content_sources.csv,Automated candidate enrichment only; not approved teaching truth.,high,approved_for_first_exposure
tear_en_gb,1,/teə/,,primary,FALSE,{(tear)},MorphoLex-en exact candidate: {(tear)}; POS=NN.,AI-assisted candidate metadata; verify British pronunciation and teaching relevance.,ai_assisted_draft,"British IPA, CMUdict and MorphoLex candidate enrichment",https://github.com/open-dict-data/ipa-dict; https://github.com/cmusphinx/cmudict; https://github.com/hugomailhot/MorphoLex-en,mixed open licences; see teaching_content_sources.csv,Automated candidate enrichment only; not approved teaching truth.,high,approved_for_first_exposure
fancy_en_gb,2,/fˈænsi/,,primary-unstressed,FALSE,{(fancy)},MorphoLex-en exact candidate: {(fancy)}; POS=JJ|VB|NN.,AI-assisted candidate metadata; verify British pronunciation and teaching relevance.,ai_assisted_draft,"British IPA, CMUdict and MorphoLex candidate enrichment",https://github.com/open-dict-data/ipa-dict; https://github.com/cmusphinx/cmudict; https://github.com/hugomailhot/MorphoLex-en,mixed open licences; see teaching_content_sources.csv,Automated candidate enrichment only; not approved teaching truth.,high,approved_for_first_exposure
rob_en_gb,1,/ɹˈɒb/,,primary,FALSE,{(rob)},MorphoLex-en exact candidate: {(rob)}; POS=VB|NN.,AI-assisted candidate metadata; verify British pronunciation and teaching relevance.,ai_assisted_draft,"British IPA, CMUdict and MorphoLex candidate enrichment",https://github.com/open-dict-data/ipa-dict; https://github.com/cmusphinx/cmudict; https://github.com/hugomailhot/MorphoLex-en,mixed open licences; see teaching_content_sources.csv,Automated candidate enrichment only; not approved teaching truth.,high,approved_for_first_exposure
preferred_en_gb,2,/pɹɪfˈɜːd/,,unstressed-primary,TRUE,{(prefer)},MorphoLex-en exact candidate: {(prefer)}; POS=JJ|VB.,AI-assisted candidate metadata; verify British pronunciation and teaching relevance.,ai_assisted_draft,"British IPA, CMUdict and MorphoLex candidate enrichment",https://github.com/open-dict-data/ipa-dict; https://github.com/cmusphinx/cmudict; https://github.com/hugomailhot/MorphoLex-en,mixed open licences; see teaching_content_sources.csv,Automated candidate enrichment only; not approved teaching truth.,high,approved_for_first_exposure
expand_en_gb,2,/ɛkspˈænd/,,unstressed-primary,FALSE,{(expand)},MorphoLex-en exact candidate: {(expand)}; POS=VB.,AI-assisted candidate metadata; verify British pronunciation and teaching relevance.,ai_assisted_draft,"British IPA, CMUdict and MorphoLex candidate enrichment",https://github.com/open-dict-data/ipa-dict; https://github.com/cmusphinx/cmudict; https://github.com/hugomailhot/MorphoLex-en,mixed open licences; see teaching_content_sources.csv,Automated candidate enrichment only; not approved teaching truth.,high,approved_for_first_exposure
gorgeous_en_gb,2,/ɡˈɔːdʒəs/,,primary-unstressed,TRUE,{(gorgeous)},MorphoLex-en exact candidate: {(gorgeous)}; POS=JJ.,AI-assisted candidate metadata; verify British pronunciation and teaching relevance.,ai_assisted_draft,"British IPA, CMUdict and MorphoLex candidate enrichment",https://github.com/open-dict-data/ipa-dict; https://github.com/cmusphinx/cmudict; https://github.com/hugomailhot/MorphoLex-en,mixed open licences; see teaching_content_sources.csv,Automated candidate enrichment only; not approved teaching truth.,high,approved_for_first_exposure
referring_en_gb,3,/ɹɪfˈɜːɹɪŋ/,,unstressed-primary-unstressed,FALSE,{(refer)},MorphoLex-en exact candidate: {(refer)}; POS=VB.,AI-assisted candidate metadata; verify British pronunciation and teaching relevance.,ai_assisted_draft,"British IPA, CMUdict and MorphoLex candidate enrichment",https://github.com/open-dict-data/ipa-dict; https://github.com/cmusphinx/cmudict; https://github.com/hugomailhot/MorphoLex-en,mixed open licences; see teaching_content_sources.csv,Automated candidate enrichment only; not approved teaching truth.,high,approved_for_first_exposure
ought_en_gb,1,/ˈɔːt/,,primary,FALSE,{(ought)},MorphoLex-en exact candidate: {(ought)}; POS=VB.,AI-assisted candidate metadata; verify British pronunciation and teaching relevance.,ai_assisted_draft,"British IPA, CMUdict and MorphoLex candidate enrichment",https://github.com/open-dict-data/ipa-dict; https://github.com/cmusphinx/cmudict; https://github.com/hugomailhot/MorphoLex-en,mixed open licences; see teaching_content_sources.csv,Automated candidate enrichment only; not approved teaching truth.,high,approved_for_first_exposure
extend_en_gb,2,/ɛkstˈɛnd/,,unstressed-primary,FALSE,{<ex<(tend)},MorphoLex-en exact candidate: {<ex<(tend)}; POS=VB.,AI-assisted candidate metadata; verify British pronunciation and teaching relevance.,ai_assisted_draft,"British IPA, CMUdict and MorphoLex candidate enrichment",https://github.com/open-dict-data/ipa-dict; https://github.com/cmusphinx/cmudict; https://github.com/hugomailhot/MorphoLex-en,mixed open licences; see teaching_content_sources.csv,Automated candidate enrichment only; not approved teaching truth.,high,approved_for_first_exposure
man_s_en_gb,1,/mænz/,,primary,FALSE,{(man)},MorphoLex-en exact candidate: {(man)}; POS=encl.,AI-assisted candidate metadata; verify British pronunciation and teaching relevance.,ai_assisted_draft,"British IPA, CMUdict and MorphoLex candidate enrichment",https://github.com/open-dict-data/ipa-dict; https://github.com/cmusphinx/cmudict; https://github.com/hugomailhot/MorphoLex-en,mixed open licences; see teaching_content_sources.csv,Automated candidate enrichment only; not approved teaching truth.,high,approved_for_first_exposure
delicious_en_gb,3,/dɪlˈɪʃəs/,,unstressed-primary-unstressed,TRUE,{(delicious)},MorphoLex-en exact candidate: {(delicious)}; POS=JJ.,AI-assisted candidate metadata; verify British pronunciation and teaching relevance.,ai_assisted_draft,"British IPA, CMUdict and MorphoLex candidate enrichment",https://github.com/open-dict-data/ipa-dict; https://github.com/cmusphinx/cmudict; https://github.com/hugomailhot/MorphoLex-en,mixed open licences; see teaching_content_sources.csv,Automated candidate enrichment only; not approved teaching truth.,high,approved_for_first_exposure
principle_en_gb,3,/pɹˈɪnsɪpəl/,,primary-unstressed-unstressed,TRUE,{(principle)},MorphoLex-en exact candidate: {(principle)}; POS=NN.,AI-assisted candidate metadata; verify British pronunciation and teaching relevance.,ai_assisted_draft,"British IPA, CMUdict and MorphoLex candidate enrichment",https://github.com/open-dict-data/ipa-dict; https://github.com/cmusphinx/cmudict; https://github.com/hugomailhot/MorphoLex-en,mixed open licences; see teaching_content_sources.csv,Automated candidate enrichment only; not approved teaching truth.,high,approved_for_first_exposure
transmission_en_gb,3,/tɹænsmˈɪʃən/,,unstressed-primary-unstressed,TRUE,{(transmit)}>ion>,MorphoLex-en exact candidate: {(transmit)}>ion>; POS=NN.,AI-assisted candidate metadata; verify British pronunciation and teaching relevance.,ai_assisted_draft,"British IPA, CMUdict and MorphoLex candidate enrichment",https://github.com/open-dict-data/ipa-dict; https://github.com/cmusphinx/cmudict; https://github.com/hugomailhot/MorphoLex-en,mixed open licences; see teaching_content_sources.csv,Automated candidate enrichment only; not approved teaching truth.,high,approved_for_first_exposure
residential_en_gb,4,/ɹˌɛzɪdˈɛnʃəl/,,secondary-unstressed-primary-unstressed,TRUE,{(reside)>ance>}>al>,MorphoLex-en exact candidate: {(reside)>ance>}>al>; POS=JJ.,AI-assisted candidate metadata; verify British pronunciation and teaching relevance.,ai_assisted_draft,"British IPA, CMUdict and MorphoLex candidate enrichment",https://github.com/open-dict-data/ipa-dict; https://github.com/cmusphinx/cmudict; https://github.com/hugomailhot/MorphoLex-en,mixed open licences; see teaching_content_sources.csv,Automated candidate enrichment only; not approved teaching truth.,high,approved_for_first_exposure
substantial_en_gb,3,/səbstˈænʃəl/,,unstressed-primary-unstressed,TRUE,{(substance)}>al>,MorphoLex-en exact candidate: {(substance)}>al>; POS=JJ.,AI-assisted candidate metadata; verify British pronunciation and teaching relevance.,ai_assisted_draft,"British IPA, CMUdict and MorphoLex candidate enrichment",https://github.com/open-dict-data/ipa-dict; https://github.com/cmusphinx/cmudict; https://github.com/hugomailhot/MorphoLex-en,mixed open licences; see teaching_content_sources.csv,Automated candidate enrichment only; not approved teaching truth.,high,approved_for_first_exposure
dropping_en_gb,2,/dɹˈɒpɪŋ/,,primary-unstressed,FALSE,{(drop)},MorphoLex-en exact candidate: {(drop)}; POS=VB|NN.,AI-assisted candidate metadata; verify British pronunciation and teaching relevance.,ai_assisted_draft,"British IPA, CMUdict and MorphoLex candidate enrichment",https://github.com/open-dict-data/ipa-dict; https://github.com/cmusphinx/cmudict; https://github.com/hugomailhot/MorphoLex-en,mixed open licences; see teaching_content_sources.csv,Automated candidate enrichment only; not approved teaching truth.,high,approved_for_first_exposure
commit_en_gb,2,/kəmˈɪt/,,unstressed-primary,TRUE,{(commit)},MorphoLex-en exact candidate: {(commit)}; POS=VB|NN.,AI-assisted candidate metadata; verify British pronunciation and teaching relevance.,ai_assisted_draft,"British IPA, CMUdict and MorphoLex candidate enrichment",https://github.com/open-dict-data/ipa-dict; https://github.com/cmusphinx/cmudict; https://github.com/hugomailhot/MorphoLex-en,mixed open licences; see teaching_content_sources.csv,Automated candidate enrichment only; not approved teaching truth.,high,approved_for_first_exposure
column_en_gb,2,/kˈɒlʌm/,,primary-unstressed,TRUE,{(column)},MorphoLex-en exact candidate: {(column)}; POS=NN.,AI-assisted candidate metadata; verify British pronunciation and teaching relevance.,ai_assisted_draft,"British IPA, CMUdict and MorphoLex candidate enrichment",https://github.com/open-dict-data/ipa-dict; https://github.com/cmusphinx/cmudict; https://github.com/hugomailhot/MorphoLex-en,mixed open licences; see teaching_content_sources.csv,Automated candidate enrichment only; not approved teaching truth.,high,approved_for_first_exposure
painful_en_gb,2,/pˈeɪnfəl/,,primary-unstressed,TRUE,{(pain)}>ful>,MorphoLex-en exact candidate: {(pain)}>ful>; POS=JJ|NN.,AI-assisted candidate metadata; verify British pronunciation and teaching relevance.,ai_assisted_draft,"British IPA, CMUdict and MorphoLex candidate enrichment",https://github.com/open-dict-data/ipa-dict; https://github.com/cmusphinx/cmudict; https://github.com/hugomailhot/MorphoLex-en,mixed open licences; see teaching_content_sources.csv,Automated candidate enrichment only; not approved teaching truth.,high,approved_for_first_exposure
preparation_en_gb,4,/pɹˌɛpəɹˈeɪʃən/,,secondary-unstressed-primary-unstressed,TRUE,{(prepare)}>ion>,MorphoLex-en exact candidate: {(prepare)}>ion>; POS=NN.,AI-assisted candidate metadata; verify British pronunciation and teaching relevance.,ai_assisted_draft,"British IPA, CMUdict and MorphoLex candidate enrichment",https://github.com/open-dict-data/ipa-dict; https://github.com/cmusphinx/cmudict; https://github.com/hugomailhot/MorphoLex-en,mixed open licences; see teaching_content_sources.csv,Automated candidate enrichment only; not approved teaching truth.,high,approved_for_first_exposure
aggressive_en_gb,3,/ɐɡɹˈɛsɪv/,,unstressed-primary-unstressed,TRUE,{(aggress)}>ive>,MorphoLex-en exact candidate: {(aggress)}>ive>; POS=JJ.,AI-assisted candidate metadata; verify British pronunciation and teaching relevance.,ai_assisted_draft,"British IPA, CMUdict and MorphoLex candidate enrichment",https://github.com/open-dict-data/ipa-dict; https://github.com/cmusphinx/cmudict; https://github.com/hugomailhot/MorphoLex-en,mixed open licences; see teaching_content_sources.csv,Automated candidate enrichment only; not approved teaching truth.,high,approved_for_first_exposure
sufficient_en_gb,3,/səfˈɪʃənt/,,unstressed-primary-unstressed,TRUE,{(suffici)>ant>},MorphoLex-en exact candidate: {(suffici)>ant>}; POS=JJ.,AI-assisted candidate metadata; verify British pronunciation and teaching relevance.,ai_assisted_draft,"British IPA, CMUdict and MorphoLex candidate enrichment",https://github.com/open-dict-data/ipa-dict; https://github.com/cmusphinx/cmudict; https://github.com/hugomailhot/MorphoLex-en,mixed open licences; see teaching_content_sources.csv,Automated candidate enrichment only; not approved teaching truth.,high,approved_for_first_exposure
apparent_en_gb,3,/ɐpˈæɹənt/,,unstressed-primary-unstressed,TRUE,{(appar)>ant>},MorphoLex-en exact candidate: {(appar)>ant>}; POS=JJ.,AI-assisted candidate metadata; verify British pronunciation and teaching relevance.,ai_assisted_draft,"British IPA, CMUdict and MorphoLex candidate enrichment",https://github.com/open-dict-data/ipa-dict; https://github.com/cmusphinx/cmudict; https://github.com/hugomailhot/MorphoLex-en,mixed open licences; see teaching_content_sources.csv,Automated candidate enrichment only; not approved teaching truth.,high,approved_for_first_exposure
tissue_en_gb,2,/tˈɪʃuː/,,primary-secondary,FALSE,{(tissue)},MorphoLex-en exact candidate: {(tissue)}; POS=NN.,AI-assisted candidate metadata; verify British pronunciation and teaching relevance.,ai_assisted_draft,"British IPA, CMUdict and MorphoLex candidate enrichment",https://github.com/open-dict-data/ipa-dict; https://github.com/cmusphinx/cmudict; https://github.com/hugomailhot/MorphoLex-en,mixed open licences; see teaching_content_sources.csv,Automated candidate enrichment only; not approved teaching truth.,high,approved_for_first_exposure
jacket_en_gb,2,/dʒˈækɪt/,,primary-unstressed,TRUE,{(jacket)},MorphoLex-en exact candidate: {(jacket)}; POS=NN.,AI-assisted candidate metadata; verify British pronunciation and teaching relevance.,ai_assisted_draft,"British IPA, CMUdict and MorphoLex candidate enrichment",https://github.com/open-dict-data/ipa-dict; https://github.com/cmusphinx/cmudict; https://github.com/hugomailhot/MorphoLex-en,mixed open licences; see teaching_content_sources.csv,Automated candidate enrichment only; not approved teaching truth.,high,approved_for_first_exposure
courage_en_gb,2,/kˈʌɹɪdʒ/,,primary-unstressed,TRUE,{(courage)},MorphoLex-en exact candidate: {(courage)}; POS=NN.,AI-assisted candidate metadata; verify British pronunciation and teaching relevance.,ai_assisted_draft,"British IPA, CMUdict and MorphoLex candidate enrichment",https://github.com/open-dict-data/ipa-dict; https://github.com/cmusphinx/cmudict; https://github.com/hugomailhot/MorphoLex-en,mixed open licences; see teaching_content_sources.csv,Automated candidate enrichment only; not approved teaching truth.,high,approved_for_first_exposure
desperate_en_gb,2,/dˈɛspəɹət/,,primary-unstressed,FALSE,{(desperate)},MorphoLex-en exact candidate: {(desperate)}; POS=JJ.,AI-assisted candidate metadata; verify British pronunciation and teaching relevance.,ai_assisted_draft,"British IPA, CMUdict and MorphoLex candidate enrichment",https://github.com/open-dict-data/ipa-dict; https://github.com/cmusphinx/cmudict; https://github.com/hugomailhot/MorphoLex-en,mixed open licences; see teaching_content_sources.csv,Automated candidate enrichment only; not approved teaching truth.,high,approved_for_first_exposure
relation_en_gb,3,/ɹɪlˈeɪʃən/,,unstressed-primary-unstressed,TRUE,{(relate)}>ion>,MorphoLex-en exact candidate: {(relate)}>ion>; POS=NN.,AI-assisted candidate metadata; verify British pronunciation and teaching relevance.,ai_assisted_draft,"British IPA, CMUdict and MorphoLex candidate enrichment",https://github.com/open-dict-data/ipa-dict; https://github.com/cmusphinx/cmudict; https://github.com/hugomailhot/MorphoLex-en,mixed open licences; see teaching_content_sources.csv,Automated candidate enrichment only; not approved teaching truth.,high,approved_for_first_exposure
psychology_en_gb,4,/saɪkˈɒlədʒi/,,unstressed-primary-unstressed-unstressed,TRUE,{(psycho)(log)>y>},MorphoLex-en exact candidate: {(psycho)(log)>y>}; POS=NN.,AI-assisted candidate metadata; verify British pronunciation and teaching relevance.,ai_assisted_draft,"British IPA, CMUdict and MorphoLex candidate enrichment",https://github.com/open-dict-data/ipa-dict; https://github.com/cmusphinx/cmudict; https://github.com/hugomailhot/MorphoLex-en,mixed open licences; see teaching_content_sources.csv,Automated candidate enrichment only; not approved teaching truth.,high,approved_for_first_exposure
bite_en_gb,1,/bˈaɪt/,,primary,FALSE,{(bite)},MorphoLex-en exact candidate: {(bite)}; POS=NN|VB.,AI-assisted candidate metadata; verify British pronunciation and teaching relevance.,ai_assisted_draft,"British IPA, CMUdict and MorphoLex candidate enrichment",https://github.com/open-dict-data/ipa-dict; https://github.com/cmusphinx/cmudict; https://github.com/hugomailhot/MorphoLex-en,mixed open licences; see teaching_content_sources.csv,Automated candidate enrichment only; not approved teaching truth.,high,approved_for_first_exposure
dare_en_gb,1,/dˈeə/,,primary,FALSE,{(dare)},MorphoLex-en exact candidate: {(dare)}; POS=VB|NN.,AI-assisted candidate metadata; verify British pronunciation and teaching relevance.,ai_assisted_draft,"British IPA, CMUdict and MorphoLex candidate enrichment",https://github.com/open-dict-data/ipa-dict; https://github.com/cmusphinx/cmudict; https://github.com/hugomailhot/MorphoLex-en,mixed open licences; see teaching_content_sources.csv,Automated candidate enrichment only; not approved teaching truth.,high,approved_for_first_exposure
symbol_en_gb,2,/sˈɪmbəl/,,primary-unstressed,TRUE,{(symbol)},MorphoLex-en exact candidate: {(symbol)}; POS=NN.,AI-assisted candidate metadata; verify British pronunciation and teaching relevance.,ai_assisted_draft,"British IPA, CMUdict and MorphoLex candidate enrichment",https://github.com/open-dict-data/ipa-dict; https://github.com/cmusphinx/cmudict; https://github.com/hugomailhot/MorphoLex-en,mixed open licences; see teaching_content_sources.csv,Automated candidate enrichment only; not approved teaching truth.,high,approved_for_first_exposure
racial_en_gb,2,/ɹˈeɪʃəl/,,primary-unstressed,TRUE,{(race)}>al>,MorphoLex-en exact candidate: {(race)}>al>; POS=JJ.,AI-assisted candidate metadata; verify British pronunciation and teaching relevance.,ai_assisted_draft,"British IPA, CMUdict and MorphoLex candidate enrichment",https://github.com/open-dict-data/ipa-dict; https://github.com/cmusphinx/cmudict; https://github.com/hugomailhot/MorphoLex-en,mixed open licences; see teaching_content_sources.csv,Automated candidate enrichment only; not approved teaching truth.,high,approved_for_first_exposure
bow_en_gb,1,/bəʊ/,,primary,FALSE,{(bow)},MorphoLex-en exact candidate: {(bow)}; POS=NN.,AI-assisted candidate metadata; verify British pronunciation and teaching relevance.,ai_assisted_draft,"British IPA, CMUdict and MorphoLex candidate enrichment",https://github.com/open-dict-data/ipa-dict; https://github.com/cmusphinx/cmudict; https://github.com/hugomailhot/MorphoLex-en,mixed open licences; see teaching_content_sources.csv,Automated candidate enrichment only; not approved teaching truth.,high,approved_for_first_exposure
devil_en_gb,2,/dˈɛvəl/,,primary-unstressed,TRUE,{(devil)},MorphoLex-en exact candidate: {(devil)}; POS=NN.,AI-assisted candidate metadata; verify British pronunciation and teaching relevance.,ai_assisted_draft,"British IPA, CMUdict and MorphoLex candidate enrichment",https://github.com/open-dict-data/ipa-dict; https://github.com/cmusphinx/cmudict; https://github.com/hugomailhot/MorphoLex-en,mixed open licences; see teaching_content_sources.csv,Automated candidate enrichment only; not approved teaching truth.,high,approved_for_first_exposure
celebration_en_gb,4,/sˌɛləbɹˈeɪʃən/,,secondary-unstressed-primary-unstressed,TRUE,{(celebr)>ate>}>ion>,MorphoLex-en exact candidate: {(celebr)>ate>}>ion>; POS=NN.,AI-assisted candidate metadata; verify British pronunciation and teaching relevance.,ai_assisted_draft,"British IPA, CMUdict and MorphoLex candidate enrichment",https://github.com/open-dict-data/ipa-dict; https://github.com/cmusphinx/cmudict; https://github.com/hugomailhot/MorphoLex-en,mixed open licences; see teaching_content_sources.csv,Automated candidate enrichment only; not approved teaching truth.,high,approved_for_first_exposure
intelligent_en_gb,4,/ɪntˈɛlɪdʒənt/,,secondary-primary-unstressed-unstressed,TRUE,{(intellig)>ant>},MorphoLex-en exact candidate: {(intellig)>ant>}; POS=JJ.,AI-assisted candidate metadata; verify British pronunciation and teaching relevance.,ai_assisted_draft,"British IPA, CMUdict and MorphoLex candidate enrichment",https://github.com/open-dict-data/ipa-dict; https://github.com/cmusphinx/cmudict; https://github.com/hugomailhot/MorphoLex-en,mixed open licences; see teaching_content_sources.csv,Automated candidate enrichment only; not approved teaching truth.,high,approved_for_first_exposure
reliable_en_gb,4,/ɹɪlˈaɪəbəl/,,unstressed-primary-unstressed-unstressed,TRUE,{(rely)}>able>,MorphoLex-en exact candidate: {(rely)}>able>; POS=JJ.,AI-assisted candidate metadata; verify British pronunciation and teaching relevance.,ai_assisted_draft,"British IPA, CMUdict and MorphoLex candidate enrichment",https://github.com/open-dict-data/ipa-dict; https://github.com/cmusphinx/cmudict; https://github.com/hugomailhot/MorphoLex-en,mixed open licences; see teaching_content_sources.csv,Automated candidate enrichment only; not approved teaching truth.,high,approved_for_first_exposure
sacrifice_en_gb,3,/sˈækɹɪfˌaɪs/,,primary-unstressed-secondary,TRUE,{(sacro)>fice>},MorphoLex-en exact candidate: {(sacro)>fice>}; POS=NN|VB.,AI-assisted candidate metadata; verify British pronunciation and teaching relevance.,ai_assisted_draft,"British IPA, CMUdict and MorphoLex candidate enrichment",https://github.com/open-dict-data/ipa-dict; https://github.com/cmusphinx/cmudict; https://github.com/hugomailhot/MorphoLex-en,mixed open licences; see teaching_content_sources.csv,Automated candidate enrichment only; not approved teaching truth.,high,approved_for_first_exposure
eligible_en_gb,4,/ˈɛlɪdʒəbəl/,,primary-unstressed-unstressed-unstressed,TRUE,{(elect)>able>},MorphoLex-en exact candidate: {(elect)>able>}; POS=JJ.,AI-assisted candidate metadata; verify British pronunciation and teaching relevance.,ai_assisted_draft,"British IPA, CMUdict and MorphoLex candidate enrichment",https://github.com/open-dict-data/ipa-dict; https://github.com/cmusphinx/cmudict; https://github.com/hugomailhot/MorphoLex-en,mixed open licences; see teaching_content_sources.csv,Automated candidate enrichment only; not approved teaching truth.,high,approved_for_first_exposure
wore_en_gb,1,/wˈɔː/,,primary,FALSE,{(wore)},MorphoLex-en exact candidate: {(wore)}; POS=VB.,AI-assisted candidate metadata; verify British pronunciation and teaching relevance.,ai_assisted_draft,"British IPA, CMUdict and MorphoLex candidate enrichment",https://github.com/open-dict-data/ipa-dict; https://github.com/cmusphinx/cmudict; https://github.com/hugomailhot/MorphoLex-en,mixed open licences; see teaching_content_sources.csv,Automated candidate enrichment only; not approved teaching truth.,high,approved_for_first_exposure
furniture_en_gb,3,/fˈɜːnɪtʃɐ/,,primary-unstressed-unstressed,TRUE,{(furniture)},MorphoLex-en exact candidate: {(furniture)}; POS=NN.,AI-assisted candidate metadata; verify British pronunciation and teaching relevance.,ai_assisted_draft,"British IPA, CMUdict and MorphoLex candidate enrichment",https://github.com/open-dict-data/ipa-dict; https://github.com/cmusphinx/cmudict; https://github.com/hugomailhot/MorphoLex-en,mixed open licences; see teaching_content_sources.csv,Automated candidate enrichment only; not approved teaching truth.,high,approved_for_first_exposure
awkward_en_gb,2,/ˈɔːkwəd/,,primary-unstressed,TRUE,{(awkward)},MorphoLex-en exact candidate: {(awkward)}; POS=JJ.,AI-assisted candidate metadata; verify British pronunciation and teaching relevance.,ai_assisted_draft,"British IPA, CMUdict and MorphoLex candidate enrichment",https://github.com/open-dict-data/ipa-dict; https://github.com/cmusphinx/cmudict; https://github.com/hugomailhot/MorphoLex-en,mixed open licences; see teaching_content_sources.csv,Automated candidate enrichment only; not approved teaching truth.,high,approved_for_first_exposure
stranger_en_gb,2,/stɹˈeɪndʒɐ/,,primary-unstressed,TRUE,{(strange)}>er>,MorphoLex-en exact candidate: {(strange)}>er>; POS=NN|JJ.,AI-assisted candidate metadata; verify British pronunciation and teaching relevance.,ai_assisted_draft,"British IPA, CMUdict and MorphoLex candidate enrichment",https://github.com/open-dict-data/ipa-dict; https://github.com/cmusphinx/cmudict; https://github.com/hugomailhot/MorphoLex-en,mixed open licences; see teaching_content_sources.csv,Automated candidate enrichment only; not approved teaching truth.,high,approved_for_first_exposure
publicly_en_gb,3,/pˈʌblɪkli/,,primary-unstressed-unstressed,FALSE,{(public)}>ly>,MorphoLex-en exact candidate: {(public)}>ly>; POS=RB.,AI-assisted candidate metadata; verify British pronunciation and teaching relevance.,ai_assisted_draft,"British IPA, CMUdict and MorphoLex candidate enrichment",https://github.com/open-dict-data/ipa-dict; https://github.com/cmusphinx/cmudict; https://github.com/hugomailhot/MorphoLex-en,mixed open licences; see teaching_content_sources.csv,Automated candidate enrichment only; not approved teaching truth.,high,approved_for_first_exposure
consideration_en_gb,5,/kənsˌɪdəɹˈeɪʃən/,,unstressed-secondary-unstressed-primary-unstressed,TRUE,{(consider)}>ion>,MorphoLex-en exact candidate: {(consider)}>ion>; POS=NN.,AI-assisted candidate metadata; verify British pronunciation and teaching relevance.,ai_assisted_draft,"British IPA, CMUdict and MorphoLex candidate enrichment",https://github.com/open-dict-data/ipa-dict; https://github.com/cmusphinx/cmudict; https://github.com/hugomailhot/MorphoLex-en,mixed open licences; see teaching_content_sources.csv,Automated candidate enrichment only; not approved teaching truth.,high,approved_for_first_exposure
spare_en_gb,1,/spˈeə/,,primary,FALSE,{(spare)},MorphoLex-en exact candidate: {(spare)}; POS=JJ|VB.,AI-assisted candidate metadata; verify British pronunciation and teaching relevance.,ai_assisted_draft,"British IPA, CMUdict and MorphoLex candidate enrichment",https://github.com/open-dict-data/ipa-dict; https://github.com/cmusphinx/cmudict; https://github.com/hugomailhot/MorphoLex-en,mixed open licences; see teaching_content_sources.csv,Automated candidate enrichment only; not approved teaching truth.,high,approved_for_first_exposure
knight_en_gb,1,/nˈaɪt/,,primary,FALSE,{(knight)},MorphoLex-en exact candidate: {(knight)}; POS=NN|VB.,AI-assisted candidate metadata; verify British pronunciation and teaching relevance.,ai_assisted_draft,"British IPA, CMUdict and MorphoLex candidate enrichment",https://github.com/open-dict-data/ipa-dict; https://github.com/cmusphinx/cmudict; https://github.com/hugomailhot/MorphoLex-en,mixed open licences; see teaching_content_sources.csv,Automated candidate enrichment only; not approved teaching truth.,high,approved_for_first_exposure
replied_en_gb,2,/ɹɪplˈaɪd/,,unstressed-primary,FALSE,{(reply)},MorphoLex-en exact candidate: {(reply)}; POS=VB.,AI-assisted candidate metadata; verify British pronunciation and teaching relevance.,ai_assisted_draft,"British IPA, CMUdict and MorphoLex candidate enrichment",https://github.com/open-dict-data/ipa-dict; https://github.com/cmusphinx/cmudict; https://github.com/hugomailhot/MorphoLex-en,mixed open licences; see teaching_content_sources.csv,Automated candidate enrichment only; not approved teaching truth.,high,approved_for_first_exposure
mature_en_gb,2,/mətʃˈɔː/,,unstressed-primary,TRUE,{(mature)},MorphoLex-en exact candidate: {(mature)}; POS=JJ|VB|NN.,AI-assisted candidate metadata; verify British pronunciation and teaching relevance.,ai_assisted_draft,"British IPA, CMUdict and MorphoLex candidate enrichment",https://github.com/open-dict-data/ipa-dict; https://github.com/cmusphinx/cmudict; https://github.com/hugomailhot/MorphoLex-en,mixed open licences; see teaching_content_sources.csv,Automated candidate enrichment only; not approved teaching truth.,high,approved_for_first_exposure
submit_en_gb,2,/səbmˈɪt/,,unstressed-primary,TRUE,{(submit)},MorphoLex-en exact candidate: {(submit)}; POS=VB.,AI-assisted candidate metadata; verify British pronunciation and teaching relevance.,ai_assisted_draft,"British IPA, CMUdict and MorphoLex candidate enrichment",https://github.com/open-dict-data/ipa-dict; https://github.com/cmusphinx/cmudict; https://github.com/hugomailhot/MorphoLex-en,mixed open licences; see teaching_content_sources.csv,Automated candidate enrichment only; not approved teaching truth.,high,approved_for_first_exposure
crucial_en_gb,2,/kɹˈuːʃəl/,,primary-unstressed,TRUE,{(crucial)},MorphoLex-en exact candidate: {(crucial)}; POS=JJ.,AI-assisted candidate metadata; verify British pronunciation and teaching relevance.,ai_assisted_draft,"British IPA, CMUdict and MorphoLex candidate enrichment",https://github.com/open-dict-data/ipa-dict; https://github.com/cmusphinx/cmudict; https://github.com/hugomailhot/MorphoLex-en,mixed open licences; see teaching_content_sources.csv,Automated candidate enrichment only; not approved teaching truth.,high,approved_for_first_exposure
equipped_en_gb,2,/ɪkwˈɪpt/,,unstressed-primary,FALSE,{(equip)},MorphoLex-en exact candidate: {(equip)}; POS=VB.,AI-assisted candidate metadata; verify British pronunciation and teaching relevance.,ai_assisted_draft,"British IPA, CMUdict and MorphoLex candidate enrichment",https://github.com/open-dict-data/ipa-dict; https://github.com/cmusphinx/cmudict; https://github.com/hugomailhot/MorphoLex-en,mixed open licences; see teaching_content_sources.csv,Automated candidate enrichment only; not approved teaching truth.,high,approved_for_first_exposure
concentration_en_gb,4,/kˌɒnsəntɹˈeɪʃən/,,secondary-unstressed-primary-unstressed,TRUE,{<co<(center)>ate>}>ion>,MorphoLex-en exact candidate: {<co<(center)>ate>}>ion>; POS=NN.,AI-assisted candidate metadata; verify British pronunciation and teaching relevance.,ai_assisted_draft,"British IPA, CMUdict and MorphoLex candidate enrichment",https://github.com/open-dict-data/ipa-dict; https://github.com/cmusphinx/cmudict; https://github.com/hugomailhot/MorphoLex-en,mixed open licences; see teaching_content_sources.csv,Automated candidate enrichment only; not approved teaching truth.,high,approved_for_first_exposure
chaos_en_gb,2,/kˈeɪɒs/,,primary-unstressed,FALSE,{(chaos)},MorphoLex-en exact candidate: {(chaos)}; POS=NN.,AI-assisted candidate metadata; verify British pronunciation and teaching relevance.,ai_assisted_draft,"British IPA, CMUdict and MorphoLex candidate enrichment",https://github.com/open-dict-data/ipa-dict; https://github.com/cmusphinx/cmudict; https://github.com/hugomailhot/MorphoLex-en,mixed open licences; see teaching_content_sources.csv,Automated candidate enrichment only; not approved teaching truth.,high,approved_for_first_exposure
frequent_en_gb,2,/ˈfriːkwənt/,,primary-unstressed,TRUE,{(frequent)},MorphoLex-en exact candidate: {(frequent)}; POS=JJ.,AI-assisted candidate metadata; verify British pronunciation and teaching relevance.,ai_assisted_draft,"British IPA, CMUdict and MorphoLex candidate enrichment",https://github.com/open-dict-data/ipa-dict; https://github.com/cmusphinx/cmudict; https://github.com/hugomailhot/MorphoLex-en,mixed open licences; see teaching_content_sources.csv,Automated candidate enrichment only; not approved teaching truth.,high,approved_for_first_exposure
breathe_en_gb,1,/bɹˈiːð/,,primary,FALSE,{(breath)},MorphoLex-en exact candidate: {(breath)}; POS=VB.,AI-assisted candidate metadata; verify British pronunciation and teaching relevance.,ai_assisted_draft,"British IPA, CMUdict and MorphoLex candidate enrichment",https://github.com/open-dict-data/ipa-dict; https://github.com/cmusphinx/cmudict; https://github.com/hugomailhot/MorphoLex-en,mixed open licences; see teaching_content_sources.csv,Automated candidate enrichment only; not approved teaching truth.,high,approved_for_first_exposure
autumn_en_gb,2,/ˈɔːtʌm/,,primary-unstressed,TRUE,{(autumn)},MorphoLex-en exact candidate: {(autumn)}; POS=NN.,AI-assisted candidate metadata; verify British pronunciation and teaching relevance.,ai_assisted_draft,"British IPA, CMUdict and MorphoLex candidate enrichment",https://github.com/open-dict-data/ipa-dict; https://github.com/cmusphinx/cmudict; https://github.com/hugomailhot/MorphoLex-en,mixed open licences; see teaching_content_sources.csv,Automated candidate enrichment only; not approved teaching truth.,high,approved_for_first_exposure
controversy_en_gb,4,/kˈɒntɹəvˌɜːsi/,,primary-unstressed-secondary-unstressed,TRUE,{(contra)(versy)},MorphoLex-en exact candidate: {(contra)(versy)}; POS=NN.,AI-assisted candidate metadata; verify British pronunciation and teaching relevance.,ai_assisted_draft,"British IPA, CMUdict and MorphoLex candidate enrichment",https://github.com/open-dict-data/ipa-dict; https://github.com/cmusphinx/cmudict; https://github.com/hugomailhot/MorphoLex-en,mixed open licences; see teaching_content_sources.csv,Automated candidate enrichment only; not approved teaching truth.,high,approved_for_first_exposure
considerable_en_gb,5,/kənsˈɪdəɹəbəl/,,unstressed-primary-unstressed-unstressed-unstressed,TRUE,{(consider)}>able>,MorphoLex-en exact candidate: {(consider)}>able>; POS=JJ.,AI-assisted candidate metadata; verify British pronunciation and teaching relevance.,ai_assisted_draft,"British IPA, CMUdict and MorphoLex candidate enrichment",https://github.com/open-dict-data/ipa-dict; https://github.com/cmusphinx/cmudict; https://github.com/hugomailhot/MorphoLex-en,mixed open licences; see teaching_content_sources.csv,Automated candidate enrichment only; not approved teaching truth.,high,approved_for_first_exposure
enormous_en_gb,3,/ɪnˈɔːməs/,,unstressed-primary-unstressed,TRUE,{(enorm)ous},MorphoLex-en exact candidate: {(enorm)ous}; POS=JJ.,AI-assisted candidate metadata; verify British pronunciation and teaching relevance.,ai_assisted_draft,"British IPA, CMUdict and MorphoLex candidate enrichment",https://github.com/open-dict-data/ipa-dict; https://github.com/cmusphinx/cmudict; https://github.com/hugomailhot/MorphoLex-en,mixed open licences; see teaching_content_sources.csv,Automated candidate enrichment only; not approved teaching truth.,high,approved_for_first_exposure
oxygen_en_gb,3,/ˈɒksɪdʒən/,,primary-unstressed-unstressed,TRUE,{(oxygen)},MorphoLex-en exact candidate: {(oxygen)}; POS=NN|JJ.,AI-assisted candidate metadata; verify British pronunciation and teaching relevance.,ai_assisted_draft,"British IPA, CMUdict and MorphoLex candidate enrichment",https://github.com/open-dict-data/ipa-dict; https://github.com/cmusphinx/cmudict; https://github.com/hugomailhot/MorphoLex-en,mixed open licences; see teaching_content_sources.csv,Automated candidate enrichment only; not approved teaching truth.,high,approved_for_first_exposure
suspension_en_gb,3,/səspˈɛnʃən/,,unstressed-primary-unstressed,TRUE,{(suspense)}>ion>,MorphoLex-en exact candidate: {(suspense)}>ion>; POS=NN.,AI-assisted candidate metadata; verify British pronunciation and teaching relevance.,ai_assisted_draft,"British IPA, CMUdict and MorphoLex candidate enrichment",https://github.com/open-dict-data/ipa-dict; https://github.com/cmusphinx/cmudict; https://github.com/hugomailhot/MorphoLex-en,mixed open licences; see teaching_content_sources.csv,Automated candidate enrichment only; not approved teaching truth.,high,approved_for_first_exposure
artificial_en_gb,4,/ˌɑːtɪfˈɪʃəl/,,secondary-unstressed-primary-unstressed,TRUE,{(artifice)>al>},MorphoLex-en exact candidate: {(artifice)>al>}; POS=JJ.,AI-assisted candidate metadata; verify British pronunciation and teaching relevance.,ai_assisted_draft,"British IPA, CMUdict and MorphoLex candidate enrichment",https://github.com/open-dict-data/ipa-dict; https://github.com/cmusphinx/cmudict; https://github.com/hugomailhot/MorphoLex-en,mixed open licences; see teaching_content_sources.csv,Automated candidate enrichment only; not approved teaching truth.,high,approved_for_first_exposure
dirt_en_gb,1,/dˈɜːt/,,primary,FALSE,{(dirt)},MorphoLex-en exact candidate: {(dirt)}; POS=NN.,AI-assisted candidate metadata; verify British pronunciation and teaching relevance.,ai_assisted_draft,"British IPA, CMUdict and MorphoLex candidate enrichment",https://github.com/open-dict-data/ipa-dict; https://github.com/cmusphinx/cmudict; https://github.com/hugomailhot/MorphoLex-en,mixed open licences; see teaching_content_sources.csv,Automated candidate enrichment only; not approved teaching truth.,high,approved_for_first_exposure
pat_en_gb,1,/pˈæt/,,primary,FALSE,{(pat)},MorphoLex-en exact candidate: {(pat)}; POS=VB|NN|JJ|RB.,AI-assisted candidate metadata; verify British pronunciation and teaching relevance.,ai_assisted_draft,"British IPA, CMUdict and MorphoLex candidate enrichment",https://github.com/open-dict-data/ipa-dict; https://github.com/cmusphinx/cmudict; https://github.com/hugomailhot/MorphoLex-en,mixed open licences; see teaching_content_sources.csv,Automated candidate enrichment only; not approved teaching truth.,high,approved_for_first_exposure
spy_en_gb,1,/spˈaɪ/,,primary,FALSE,{(spy)},MorphoLex-en exact candidate: {(spy)}; POS=NN|VB.,AI-assisted candidate metadata; verify British pronunciation and teaching relevance.,ai_assisted_draft,"British IPA, CMUdict and MorphoLex candidate enrichment",https://github.com/open-dict-data/ipa-dict; https://github.com/cmusphinx/cmudict; https://github.com/hugomailhot/MorphoLex-en,mixed open licences; see teaching_content_sources.csv,Automated candidate enrichment only; not approved teaching truth.,high,approved_for_first_exposure
tunnel_en_gb,2,/tˈʌnəl/,,primary-unstressed,TRUE,{(tunnel)},MorphoLex-en exact candidate: {(tunnel)}; POS=NN.,AI-assisted candidate metadata; verify British pronunciation and teaching relevance.,ai_assisted_draft,"British IPA, CMUdict and MorphoLex candidate enrichment",https://github.com/open-dict-data/ipa-dict; https://github.com/cmusphinx/cmudict; https://github.com/hugomailhot/MorphoLex-en,mixed open licences; see teaching_content_sources.csv,Automated candidate enrichment only; not approved teaching truth.,high,approved_for_first_exposure
jealous_en_gb,2,/dʒˈɛləs/,,primary-unstressed,TRUE,{(jealous)},MorphoLex-en exact candidate: {(jealous)}; POS=JJ.,AI-assisted candidate metadata; verify British pronunciation and teaching relevance.,ai_assisted_draft,"British IPA, CMUdict and MorphoLex candidate enrichment",https://github.com/open-dict-data/ipa-dict; https://github.com/cmusphinx/cmudict; https://github.com/hugomailhot/MorphoLex-en,mixed open licences; see teaching_content_sources.csv,Automated candidate enrichment only; not approved teaching truth.,high,approved_for_first_exposure
noble_en_gb,2,/nˈəʊbəl/,,primary-unstressed,TRUE,{(noble)},MorphoLex-en exact candidate: {(noble)}; POS=JJ|NN.,AI-assisted candidate metadata; verify British pronunciation and teaching relevance.,ai_assisted_draft,"British IPA, CMUdict and MorphoLex candidate enrichment",https://github.com/open-dict-data/ipa-dict; https://github.com/cmusphinx/cmudict; https://github.com/hugomailhot/MorphoLex-en,mixed open licences; see teaching_content_sources.csv,Automated candidate enrichment only; not approved teaching truth.,high,approved_for_first_exposure
relate_en_gb,2,/ɹɪlˈeɪt/,,unstressed-primary,FALSE,{(relate)},MorphoLex-en exact candidate: {(relate)}; POS=VB.,AI-assisted candidate metadata; verify British pronunciation and teaching relevance.,ai_assisted_draft,"British IPA, CMUdict and MorphoLex candidate enrichment",https://github.com/open-dict-data/ipa-dict; https://github.com/cmusphinx/cmudict; https://github.com/hugomailhot/MorphoLex-en,mixed open licences; see teaching_content_sources.csv,Automated candidate enrichment only; not approved teaching truth.,high,approved_for_first_exposure
baker_en_gb,2,/bˈeɪkɐ/,,primary-unstressed,TRUE,{(bake)}>er>,MorphoLex-en exact candidate: {(bake)}>er>; POS=NN.,AI-assisted candidate metadata; verify British pronunciation and teaching relevance.,ai_assisted_draft,"British IPA, CMUdict and MorphoLex candidate enrichment",https://github.com/open-dict-data/ipa-dict; https://github.com/cmusphinx/cmudict; https://github.com/hugomailhot/MorphoLex-en,mixed open licences; see teaching_content_sources.csv,Automated candidate enrichment only; not approved teaching truth.,high,approved_for_first_exposure
invasion_en_gb,3,/ɪnvˈeɪʒən/,,secondary-primary-unstressed,TRUE,{(invade)}>ion>,MorphoLex-en exact candidate: {(invade)}>ion>; POS=NN.,AI-assisted candidate metadata; verify British pronunciation and teaching relevance.,ai_assisted_draft,"British IPA, CMUdict and MorphoLex candidate enrichment",https://github.com/open-dict-data/ipa-dict; https://github.com/cmusphinx/cmudict; https://github.com/hugomailhot/MorphoLex-en,mixed open licences; see teaching_content_sources.csv,Automated candidate enrichment only; not approved teaching truth.,high,approved_for_first_exposure
dominant_en_gb,3,/dˈɒmɪnənt/,,primary-unstressed-unstressed,TRUE,{(domin)>ant>},MorphoLex-en exact candidate: {(domin)>ant>}; POS=JJ.,AI-assisted candidate metadata; verify British pronunciation and teaching relevance.,ai_assisted_draft,"British IPA, CMUdict and MorphoLex candidate enrichment",https://github.com/open-dict-data/ipa-dict; https://github.com/cmusphinx/cmudict; https://github.com/hugomailhot/MorphoLex-en,mixed open licences; see teaching_content_sources.csv,Automated candidate enrichment only; not approved teaching truth.,high,approved_for_first_exposure
serial_en_gb,3,/sˈiəɹɪəl/,,primary-secondary-unstressed,TRUE,{(seri)>al>},MorphoLex-en exact candidate: {(seri)>al>}; POS=JJ|NN.,AI-assisted candidate metadata; verify British pronunciation and teaching relevance.,ai_assisted_draft,"British IPA, CMUdict and MorphoLex candidate enrichment",https://github.com/open-dict-data/ipa-dict; https://github.com/cmusphinx/cmudict; https://github.com/hugomailhot/MorphoLex-en,mixed open licences; see teaching_content_sources.csv,Automated candidate enrichment only; not approved teaching truth.,high,approved_for_first_exposure
discipline_en_gb,3,/dˈɪsɪplˌɪn/,,primary-unstressed-unstressed,TRUE,{(discipline)},MorphoLex-en exact candidate: {(discipline)}; POS=NN|VB.,AI-assisted candidate metadata; verify British pronunciation and teaching relevance.,ai_assisted_draft,"British IPA, CMUdict and MorphoLex candidate enrichment",https://github.com/open-dict-data/ipa-dict; https://github.com/cmusphinx/cmudict; https://github.com/hugomailhot/MorphoLex-en,mixed open licences; see teaching_content_sources.csv,Automated candidate enrichment only; not approved teaching truth.,high,approved_for_first_exposure
useless_en_gb,2,/jˈuːsləs/,,primary-unstressed,TRUE,{(use)}>less>,MorphoLex-en exact candidate: {(use)}>less>; POS=JJ.,AI-assisted candidate metadata; verify British pronunciation and teaching relevance.,ai_assisted_draft,"British IPA, CMUdict and MorphoLex candidate enrichment",https://github.com/open-dict-data/ipa-dict; https://github.com/cmusphinx/cmudict; https://github.com/hugomailhot/MorphoLex-en,mixed open licences; see teaching_content_sources.csv,Automated candidate enrichment only; not approved teaching truth.,high,approved_for_first_exposure
departure_en_gb,3,/dɪpˈɑːtʃɐ/,,unstressed-primary-unstressed,TRUE,{(depart)}>ure>,MorphoLex-en exact candidate: {(depart)}>ure>; POS=NN.,AI-assisted candidate metadata; verify British pronunciation and teaching relevance.,ai_assisted_draft,"British IPA, CMUdict and MorphoLex candidate enrichment",https://github.com/open-dict-data/ipa-dict; https://github.com/cmusphinx/cmudict; https://github.com/hugomailhot/MorphoLex-en,mixed open licences; see teaching_content_sources.csv,Automated candidate enrichment only; not approved teaching truth.,high,approved_for_first_exposure
explosion_en_gb,3,/ɛksplˈəʊʒən/,,unstressed-primary-unstressed,TRUE,{<ex<(plode)}>ion>,MorphoLex-en exact candidate: {<ex<(plode)}>ion>; POS=NN.,AI-assisted candidate metadata; verify British pronunciation and teaching relevance.,ai_assisted_draft,"British IPA, CMUdict and MorphoLex candidate enrichment",https://github.com/open-dict-data/ipa-dict; https://github.com/cmusphinx/cmudict; https://github.com/hugomailhot/MorphoLex-en,mixed open licences; see teaching_content_sources.csv,Automated candidate enrichment only; not approved teaching truth.,high,approved_for_first_exposure
accidentally_en_gb,5,/ˌæksɪdˈɛntəli/,,secondary-unstressed-primary-unstressed-unstressed,TRUE,{(accident)}>al>>ly>,MorphoLex-en exact candidate: {(accident)}>al>>ly>; POS=RB.,AI-assisted candidate metadata; verify British pronunciation and teaching relevance.,ai_assisted_draft,"British IPA, CMUdict and MorphoLex candidate enrichment",https://github.com/open-dict-data/ipa-dict; https://github.com/cmusphinx/cmudict; https://github.com/hugomailhot/MorphoLex-en,mixed open licences; see teaching_content_sources.csv,Automated candidate enrichment only; not approved teaching truth.,high,approved_for_first_exposure
completion_en_gb,3,/kəmplˈiːʃən/,,unstressed-primary-unstressed,TRUE,{(complete)}>ion>,MorphoLex-en exact candidate: {(complete)}>ion>; POS=NN.,AI-assisted candidate metadata; verify British pronunciation and teaching relevance.,ai_assisted_draft,"British IPA, CMUdict and MorphoLex candidate enrichment",https://github.com/open-dict-data/ipa-dict; https://github.com/cmusphinx/cmudict; https://github.com/hugomailhot/MorphoLex-en,mixed open licences; see teaching_content_sources.csv,Automated candidate enrichment only; not approved teaching truth.,high,approved_for_first_exposure
imagination_en_gb,5,/ɪmˌædʒɪnˈeɪʃən/,,secondary-secondary-unstressed-primary-unstressed,TRUE,{(imagine)}>ion>,MorphoLex-en exact candidate: {(imagine)}>ion>; POS=NN.,AI-assisted candidate metadata; verify British pronunciation and teaching relevance.,ai_assisted_draft,"British IPA, CMUdict and MorphoLex candidate enrichment",https://github.com/open-dict-data/ipa-dict; https://github.com/cmusphinx/cmudict; https://github.com/hugomailhot/MorphoLex-en,mixed open licences; see teaching_content_sources.csv,Automated candidate enrichment only; not approved teaching truth.,high,approved_for_first_exposure
woke_en_gb,1,/wˈəʊk/,,primary,FALSE,{(woke)},MorphoLex-en exact candidate: {(woke)}; POS=VB.,AI-assisted candidate metadata; verify British pronunciation and teaching relevance.,ai_assisted_draft,"British IPA, CMUdict and MorphoLex candidate enrichment",https://github.com/open-dict-data/ipa-dict; https://github.com/cmusphinx/cmudict; https://github.com/hugomailhot/MorphoLex-en,mixed open licences; see teaching_content_sources.csv,Automated candidate enrichment only; not approved teaching truth.,high,approved_for_first_exposure
pension_en_gb,2,/ˈpenʃən/,,primary-unstressed,TRUE,{(pension)},MorphoLex-en exact candidate: {(pension)}; POS=NN.,AI-assisted candidate metadata; verify British pronunciation and teaching relevance.,ai_assisted_draft,"British IPA, CMUdict and MorphoLex candidate enrichment",https://github.com/open-dict-data/ipa-dict; https://github.com/cmusphinx/cmudict; https://github.com/hugomailhot/MorphoLex-en,mixed open licences; see teaching_content_sources.csv,Automated candidate enrichment only; not approved teaching truth.,high,approved_for_first_exposure
targeted_en_gb,3,/tˈɑːɡɪtɪd/,,primary-unstressed-unstressed,TRUE,,No exact MorphoLex-en row; human morphology review required.,AI-assisted candidate metadata; verify British pronunciation and teaching relevance.,ai_assisted_draft,"British IPA, CMUdict and MorphoLex candidate enrichment",https://github.com/open-dict-data/ipa-dict; https://github.com/cmusphinx/cmudict; https://github.com/hugomailhot/MorphoLex-en,mixed open licences; see teaching_content_sources.csv,Automated candidate enrichment only; not approved teaching truth.,high,approved_for_first_exposure
permit_en_gb,2,/ˈpɜːmɪt/,,unstressed-primary,TRUE,{(permit)},MorphoLex-en exact candidate: {(permit)}; POS=NN.,AI-assisted candidate metadata; verify British pronunciation and teaching relevance.,ai_assisted_draft,"British IPA, CMUdict and MorphoLex candidate enrichment",https://github.com/open-dict-data/ipa-dict; https://github.com/cmusphinx/cmudict; https://github.com/hugomailhot/MorphoLex-en,mixed open licences; see teaching_content_sources.csv,Automated candidate enrichment only; not approved teaching truth.,high,approved_for_first_exposure
lightning_en_gb,2,/lˈaɪtnɪŋ/,,primary-unstressed,FALSE,{(lightning)},MorphoLex-en exact candidate: {(lightning)}; POS=NN.,AI-assisted candidate metadata; verify British pronunciation and teaching relevance.,ai_assisted_draft,"British IPA, CMUdict and MorphoLex candidate enrichment",https://github.com/open-dict-data/ipa-dict; https://github.com/cmusphinx/cmudict; https://github.com/hugomailhot/MorphoLex-en,mixed open licences; see teaching_content_sources.csv,Automated candidate enrichment only; not approved teaching truth.,high,approved_for_first_exposure
amateur_en_gb,3,/ˈæmətɐ/,,primary-unstressed-secondary,TRUE,{(amateur)},MorphoLex-en exact candidate: {(amateur)}; POS=NN|JJ.,AI-assisted candidate metadata; verify British pronunciation and teaching relevance.,ai_assisted_draft,"British IPA, CMUdict and MorphoLex candidate enrichment",https://github.com/open-dict-data/ipa-dict; https://github.com/cmusphinx/cmudict; https://github.com/hugomailhot/MorphoLex-en,mixed open licences; see teaching_content_sources.csv,Automated candidate enrichment only; not approved teaching truth.,high,approved_for_first_exposure
closest_en_gb,2,/klˈəʊsəst/,,primary-unstressed,TRUE,{(close)}>est>,MorphoLex-en exact candidate: {(close)}>est>; POS=JJ.,AI-assisted candidate metadata; verify British pronunciation and teaching relevance.,ai_assisted_draft,"British IPA, CMUdict and MorphoLex candidate enrichment",https://github.com/open-dict-data/ipa-dict; https://github.com/cmusphinx/cmudict; https://github.com/hugomailhot/MorphoLex-en,mixed open licences; see teaching_content_sources.csv,Automated candidate enrichment only; not approved teaching truth.,high,approved_for_first_exposure
correctly_en_gb,3,/kəɹˈɛktli/,,unstressed-primary-unstressed,TRUE,{(correct)}>ly>,MorphoLex-en exact candidate: {(correct)}>ly>; POS=RB|NN.,AI-assisted candidate metadata; verify British pronunciation and teaching relevance.,ai_assisted_draft,"British IPA, CMUdict and MorphoLex candidate enrichment",https://github.com/open-dict-data/ipa-dict; https://github.com/cmusphinx/cmudict; https://github.com/hugomailhot/MorphoLex-en,mixed open licences; see teaching_content_sources.csv,Automated candidate enrichment only; not approved teaching truth.,high,approved_for_first_exposure
scientist_en_gb,3,/sˈaɪəntɪst/,,primary-unstressed-unstressed,TRUE,{(sci)>ant>>ist>},MorphoLex-en exact candidate: {(sci)>ant>>ist>}; POS=NN.,AI-assisted candidate metadata; verify British pronunciation and teaching relevance.,ai_assisted_draft,"British IPA, CMUdict and MorphoLex candidate enrichment",https://github.com/open-dict-data/ipa-dict; https://github.com/cmusphinx/cmudict; https://github.com/hugomailhot/MorphoLex-en,mixed open licences; see teaching_content_sources.csv,Automated candidate enrichment only; not approved teaching truth.,high,approved_for_first_exposure
lied_en_gb,1,/laɪd/,,primary,FALSE,{(lie)},MorphoLex-en exact candidate: {(lie)}; POS=VB.,AI-assisted candidate metadata; verify British pronunciation and teaching relevance.,ai_assisted_draft,"British IPA, CMUdict and MorphoLex candidate enrichment",https://github.com/open-dict-data/ipa-dict; https://github.com/cmusphinx/cmudict; https://github.com/hugomailhot/MorphoLex-en,mixed open licences; see teaching_content_sources.csv,Automated candidate enrichment only; not approved teaching truth.,high,approved_for_first_exposure
nail_en_gb,1,/nˈeɪl/,,primary,FALSE,{(nail)},MorphoLex-en exact candidate: {(nail)}; POS=NN|VB.,AI-assisted candidate metadata; verify British pronunciation and teaching relevance.,ai_assisted_draft,"British IPA, CMUdict and MorphoLex candidate enrichment",https://github.com/open-dict-data/ipa-dict; https://github.com/cmusphinx/cmudict; https://github.com/hugomailhot/MorphoLex-en,mixed open licences; see teaching_content_sources.csv,Automated candidate enrichment only; not approved teaching truth.,high,approved_for_first_exposure
listened_en_gb,2,/lˈɪsənd/,,primary-unstressed,TRUE,{(listen)},MorphoLex-en exact candidate: {(listen)}; POS=VB.,AI-assisted candidate metadata; verify British pronunciation and teaching relevance.,ai_assisted_draft,"British IPA, CMUdict and MorphoLex candidate enrichment",https://github.com/open-dict-data/ipa-dict; https://github.com/cmusphinx/cmudict; https://github.com/hugomailhot/MorphoLex-en,mixed open licences; see teaching_content_sources.csv,Automated candidate enrichment only; not approved teaching truth.,high,approved_for_first_exposure
pollution_en_gb,3,/pəlˈuːʃən/,,unstressed-primary-unstressed,TRUE,{(pollute)}>ion>,MorphoLex-en exact candidate: {(pollute)}>ion>; POS=NN.,AI-assisted candidate metadata; verify British pronunciation and teaching relevance.,ai_assisted_draft,"British IPA, CMUdict and MorphoLex candidate enrichment",https://github.com/open-dict-data/ipa-dict; https://github.com/cmusphinx/cmudict; https://github.com/hugomailhot/MorphoLex-en,mixed open licences; see teaching_content_sources.csv,Automated candidate enrichment only; not approved teaching truth.,high,approved_for_first_exposure
eighth_en_gb,1,/ˈeɪtθ/,,primary,FALSE,{(eight)}>th>,MorphoLex-en exact candidate: {(eight)}>th>; POS=JJ|NN.,AI-assisted candidate metadata; verify British pronunciation and teaching relevance.,ai_assisted_draft,"British IPA, CMUdict and MorphoLex candidate enrichment",https://github.com/open-dict-data/ipa-dict; https://github.com/cmusphinx/cmudict; https://github.com/hugomailhot/MorphoLex-en,mixed open licences; see teaching_content_sources.csv,Automated candidate enrichment only; not approved teaching truth.,high,approved_for_first_exposure
communicate_en_gb,4,/kəmjˈuːnɪkˌeɪt/,,unstressed-primary-unstressed-secondary,TRUE,{(communic)>ate>},MorphoLex-en exact candidate: {(communic)>ate>}; POS=VB.,AI-assisted candidate metadata; verify British pronunciation and teaching relevance.,ai_assisted_draft,"British IPA, CMUdict and MorphoLex candidate enrichment",https://github.com/open-dict-data/ipa-dict; https://github.com/cmusphinx/cmudict; https://github.com/hugomailhot/MorphoLex-en,mixed open licences; see teaching_content_sources.csv,Automated candidate enrichment only; not approved teaching truth.,high,approved_for_first_exposure
depend_en_gb,2,/dɪpˈɛnd/,,unstressed-primary,FALSE,{<de<(pend)},MorphoLex-en exact candidate: {<de<(pend)}; POS=VB.,AI-assisted candidate metadata; verify British pronunciation and teaching relevance.,ai_assisted_draft,"British IPA, CMUdict and MorphoLex candidate enrichment",https://github.com/open-dict-data/ipa-dict; https://github.com/cmusphinx/cmudict; https://github.com/hugomailhot/MorphoLex-en,mixed open licences; see teaching_content_sources.csv,Automated candidate enrichment only; not approved teaching truth.,high,approved_for_first_exposure
caring_en_gb,2,/kˈeəɹɪŋ/,,primary-unstressed,FALSE,{(care)},MorphoLex-en exact candidate: {(care)}; POS=VB.,AI-assisted candidate metadata; verify British pronunciation and teaching relevance.,ai_assisted_draft,"British IPA, CMUdict and MorphoLex candidate enrichment",https://github.com/open-dict-data/ipa-dict; https://github.com/cmusphinx/cmudict; https://github.com/hugomailhot/MorphoLex-en,mixed open licences; see teaching_content_sources.csv,Automated candidate enrichment only; not approved teaching truth.,high,approved_for_first_exposure
hated_en_gb,2,/hˈeɪtɪd/,,primary-unstressed,TRUE,{(hate)},MorphoLex-en exact candidate: {(hate)}; POS=VB.,AI-assisted candidate metadata; verify British pronunciation and teaching relevance.,ai_assisted_draft,"British IPA, CMUdict and MorphoLex candidate enrichment",https://github.com/open-dict-data/ipa-dict; https://github.com/cmusphinx/cmudict; https://github.com/hugomailhot/MorphoLex-en,mixed open licences; see teaching_content_sources.csv,Automated candidate enrichment only; not approved teaching truth.,high,approved_for_first_exposure
bored_en_gb,1,/bˈɔːd/,,primary,FALSE,{(bore)},MorphoLex-en exact candidate: {(bore)}; POS=VB|JJ.,AI-assisted candidate metadata; verify British pronunciation and teaching relevance.,ai_assisted_draft,"British IPA, CMUdict and MorphoLex candidate enrichment",https://github.com/open-dict-data/ipa-dict; https://github.com/cmusphinx/cmudict; https://github.com/hugomailhot/MorphoLex-en,mixed open licences; see teaching_content_sources.csv,Automated candidate enrichment only; not approved teaching truth.,high,approved_for_first_exposure
forty_en_gb,2,/fˈɔːti/,,primary-unstressed,FALSE,{(forty)},MorphoLex-en exact candidate: {(forty)}; POS=minor|NN.,AI-assisted candidate metadata; verify British pronunciation and teaching relevance.,ai_assisted_draft,"British IPA, CMUdict and MorphoLex candidate enrichment",https://github.com/open-dict-data/ipa-dict; https://github.com/cmusphinx/cmudict; https://github.com/hugomailhot/MorphoLex-en,mixed open licences; see teaching_content_sources.csv,Automated candidate enrichment only; not approved teaching truth.,high,approved_for_first_exposure
patience_en_gb,2,/pˈeɪʃəns/,,primary-unstressed,TRUE,{(patience)},MorphoLex-en exact candidate: {(patience)}; POS=NN.,AI-assisted candidate metadata; verify British pronunciation and teaching relevance.,ai_assisted_draft,"British IPA, CMUdict and MorphoLex candidate enrichment",https://github.com/open-dict-data/ipa-dict; https://github.com/cmusphinx/cmudict; https://github.com/hugomailhot/MorphoLex-en,mixed open licences; see teaching_content_sources.csv,Automated candidate enrichment only; not approved teaching truth.,high,approved_for_first_exposure
privilege_en_gb,2,/pɹˈɪvɪlɪdʒ/,,primary-unstressed,TRUE,{(privilege)},MorphoLex-en exact candidate: {(privilege)}; POS=NN.,AI-assisted candidate metadata; verify British pronunciation and teaching relevance.,ai_assisted_draft,"British IPA, CMUdict and MorphoLex candidate enrichment",https://github.com/open-dict-data/ipa-dict; https://github.com/cmusphinx/cmudict; https://github.com/hugomailhot/MorphoLex-en,mixed open licences; see teaching_content_sources.csv,Automated candidate enrichment only; not approved teaching truth.,high,approved_for_first_exposure
excitement_en_gb,3,/ɛksˈaɪtmənt/,,unstressed-primary-unstressed,TRUE,{(excite)}>ment>,MorphoLex-en exact candidate: {(excite)}>ment>; POS=NN.,AI-assisted candidate metadata; verify British pronunciation and teaching relevance.,ai_assisted_draft,"British IPA, CMUdict and MorphoLex candidate enrichment",https://github.com/open-dict-data/ipa-dict; https://github.com/cmusphinx/cmudict; https://github.com/hugomailhot/MorphoLex-en,mixed open licences; see teaching_content_sources.csv,Automated candidate enrichment only; not approved teaching truth.,high,approved_for_first_exposure
boot_en_gb,1,/bˈuːt/,,primary,FALSE,{(boot)},MorphoLex-en exact candidate: {(boot)}; POS=NN|VB.,AI-assisted candidate metadata; verify British pronunciation and teaching relevance.,ai_assisted_draft,"British IPA, CMUdict and MorphoLex candidate enrichment",https://github.com/open-dict-data/ipa-dict; https://github.com/cmusphinx/cmudict; https://github.com/hugomailhot/MorphoLex-en,mixed open licences; see teaching_content_sources.csv,Automated candidate enrichment only; not approved teaching truth.,high,approved_for_first_exposure
distant_en_gb,2,/dˈɪstənt/,,primary-unstressed,TRUE,{(distant)},MorphoLex-en exact candidate: {(distant)}; POS=JJ.,AI-assisted candidate metadata; verify British pronunciation and teaching relevance.,ai_assisted_draft,"British IPA, CMUdict and MorphoLex candidate enrichment",https://github.com/open-dict-data/ipa-dict; https://github.com/cmusphinx/cmudict; https://github.com/hugomailhot/MorphoLex-en,mixed open licences; see teaching_content_sources.csv,Automated candidate enrichment only; not approved teaching truth.,high,approved_for_first_exposure
scenario_en_gb,4,/sənˈɑːɹiˌəʊ/,,unstressed-primary-unstressed-unstressed,FALSE,{(scenario)},MorphoLex-en exact candidate: {(scenario)}; POS=NN.,AI-assisted candidate metadata; verify British pronunciation and teaching relevance.,ai_assisted_draft,"British IPA, CMUdict and MorphoLex candidate enrichment",https://github.com/open-dict-data/ipa-dict; https://github.com/cmusphinx/cmudict; https://github.com/hugomailhot/MorphoLex-en,mixed open licences; see teaching_content_sources.csv,Automated candidate enrichment only; not approved teaching truth.,high,approved_for_first_exposure
mixture_en_gb,2,/mˈɪkstʃɐ/,,primary-unstressed,TRUE,{(mix)}>ure>,MorphoLex-en exact candidate: {(mix)}>ure>; POS=NN.,AI-assisted candidate metadata; verify British pronunciation and teaching relevance.,ai_assisted_draft,"British IPA, CMUdict and MorphoLex candidate enrichment",https://github.com/open-dict-data/ipa-dict; https://github.com/cmusphinx/cmudict; https://github.com/hugomailhot/MorphoLex-en,mixed open licences; see teaching_content_sources.csv,Automated candidate enrichment only; not approved teaching truth.,high,approved_for_first_exposure
physician_en_gb,3,/fɪzˈɪʃən/,,unstressed-primary-unstressed,TRUE,{(phys)>ic>>ian>},MorphoLex-en exact candidate: {(phys)>ic>>ian>}; POS=NN.,AI-assisted candidate metadata; verify British pronunciation and teaching relevance.,ai_assisted_draft,"British IPA, CMUdict and MorphoLex candidate enrichment",https://github.com/open-dict-data/ipa-dict; https://github.com/cmusphinx/cmudict; https://github.com/hugomailhot/MorphoLex-en,mixed open licences; see teaching_content_sources.csv,Automated candidate enrichment only; not approved teaching truth.,high,approved_for_first_exposure
accessible_en_gb,4,/ɐksˈɛsəbəl/,,unstressed-primary-unstressed-unstressed,TRUE,{(access)}>able>,MorphoLex-en exact candidate: {(access)}>able>; POS=JJ.,AI-assisted candidate metadata; verify British pronunciation and teaching relevance.,ai_assisted_draft,"British IPA, CMUdict and MorphoLex candidate enrichment",https://github.com/open-dict-data/ipa-dict; https://github.com/cmusphinx/cmudict; https://github.com/hugomailhot/MorphoLex-en,mixed open licences; see teaching_content_sources.csv,Automated candidate enrichment only; not approved teaching truth.,high,approved_for_first_exposure
bare_en_gb,1,/bˈeə/,,primary,FALSE,{(bare)},MorphoLex-en exact candidate: {(bare)}; POS=JJ|VB.,AI-assisted candidate metadata; verify British pronunciation and teaching relevance.,ai_assisted_draft,"British IPA, CMUdict and MorphoLex candidate enrichment",https://github.com/open-dict-data/ipa-dict; https://github.com/cmusphinx/cmudict; https://github.com/hugomailhot/MorphoLex-en,mixed open licences; see teaching_content_sources.csv,Automated candidate enrichment only; not approved teaching truth.,high,approved_for_first_exposure
clue_en_gb,1,/klˈuː/,,primary,FALSE,{(clue)},MorphoLex-en exact candidate: {(clue)}; POS=NN|VB.,AI-assisted candidate metadata; verify British pronunciation and teaching relevance.,ai_assisted_draft,"British IPA, CMUdict and MorphoLex candidate enrichment",https://github.com/open-dict-data/ipa-dict; https://github.com/cmusphinx/cmudict; https://github.com/hugomailhot/MorphoLex-en,mixed open licences; see teaching_content_sources.csv,Automated candidate enrichment only; not approved teaching truth.,high,approved_for_first_exposure
she_ll_en_gb,1,/ʃiːl/,,primary,FALSE,{(she)},MorphoLex-en exact candidate: {(she)}; POS=encl.,AI-assisted candidate metadata; verify British pronunciation and teaching relevance.,ai_assisted_draft,"British IPA, CMUdict and MorphoLex candidate enrichment",https://github.com/open-dict-data/ipa-dict; https://github.com/cmusphinx/cmudict; https://github.com/hugomailhot/MorphoLex-en,mixed open licences; see teaching_content_sources.csv,Automated candidate enrichment only; not approved teaching truth.,high,approved_for_first_exposure
conscious_en_gb,2,/kˈɒnʃəs/,,primary-unstressed,TRUE,{(conscious)},MorphoLex-en exact candidate: {(conscious)}; POS=JJ|NN.,AI-assisted candidate metadata; verify British pronunciation and teaching relevance.,ai_assisted_draft,"British IPA, CMUdict and MorphoLex candidate enrichment",https://github.com/open-dict-data/ipa-dict; https://github.com/cmusphinx/cmudict; https://github.com/hugomailhot/MorphoLex-en,mixed open licences; see teaching_content_sources.csv,Automated candidate enrichment only; not approved teaching truth.,high,approved_for_first_exposure
proceed_en_gb,2,/pɹəsˈiːd/,,unstressed-primary,TRUE,{(proceed)},MorphoLex-en exact candidate: {(proceed)}; POS=VB|NN.,AI-assisted candidate metadata; verify British pronunciation and teaching relevance.,ai_assisted_draft,"British IPA, CMUdict and MorphoLex candidate enrichment",https://github.com/open-dict-data/ipa-dict; https://github.com/cmusphinx/cmudict; https://github.com/hugomailhot/MorphoLex-en,mixed open licences; see teaching_content_sources.csv,Automated candidate enrichment only; not approved teaching truth.,high,approved_for_first_exposure
suite_en_gb,1,/swiːt/,,primary,FALSE,{(suite)},MorphoLex-en exact candidate: {(suite)}; POS=NN.,AI-assisted candidate metadata; verify British pronunciation and teaching relevance.,ai_assisted_draft,"British IPA, CMUdict and MorphoLex candidate enrichment",https://github.com/open-dict-data/ipa-dict; https://github.com/cmusphinx/cmudict; https://github.com/hugomailhot/MorphoLex-en,mixed open licences; see teaching_content_sources.csv,Automated candidate enrichment only; not approved teaching truth.,high,approved_for_first_exposure
boxing_en_gb,2,/bˈɒksɪŋ/,,primary-unstressed,FALSE,{(box)},MorphoLex-en exact candidate: {(box)}; POS=NN|VB.,AI-assisted candidate metadata; verify British pronunciation and teaching relevance.,ai_assisted_draft,"British IPA, CMUdict and MorphoLex candidate enrichment",https://github.com/open-dict-data/ipa-dict; https://github.com/cmusphinx/cmudict; https://github.com/hugomailhot/MorphoLex-en,mixed open licences; see teaching_content_sources.csv,Automated candidate enrichment only; not approved teaching truth.,high,approved_for_first_exposure
gentle_en_gb,2,/dʒˈɛntəl/,,primary-unstressed,TRUE,{(gentle)},MorphoLex-en exact candidate: {(gentle)}; POS=JJ|NN.,AI-assisted candidate metadata; verify British pronunciation and teaching relevance.,ai_assisted_draft,"British IPA, CMUdict and MorphoLex candidate enrichment",https://github.com/open-dict-data/ipa-dict; https://github.com/cmusphinx/cmudict; https://github.com/hugomailhot/MorphoLex-en,mixed open licences; see teaching_content_sources.csv,Automated candidate enrichment only; not approved teaching truth.,high,approved_for_first_exposure
shine_en_gb,1,/ʃˈaɪn/,,primary,FALSE,{(shine)},MorphoLex-en exact candidate: {(shine)}; POS=VB|NN.,AI-assisted candidate metadata; verify British pronunciation and teaching relevance.,ai_assisted_draft,"British IPA, CMUdict and MorphoLex candidate enrichment",https://github.com/open-dict-data/ipa-dict; https://github.com/cmusphinx/cmudict; https://github.com/hugomailhot/MorphoLex-en,mixed open licences; see teaching_content_sources.csv,Automated candidate enrichment only; not approved teaching truth.,high,approved_for_first_exposure
treasure_en_gb,2,/tɹˈɛʒɐ/,,primary-unstressed,TRUE,{(treasure)},MorphoLex-en exact candidate: {(treasure)}; POS=NN.,AI-assisted candidate metadata; verify British pronunciation and teaching relevance.,ai_assisted_draft,"British IPA, CMUdict and MorphoLex candidate enrichment",https://github.com/open-dict-data/ipa-dict; https://github.com/cmusphinx/cmudict; https://github.com/hugomailhot/MorphoLex-en,mixed open licences; see teaching_content_sources.csv,Automated candidate enrichment only; not approved teaching truth.,high,approved_for_first_exposure
kicking_en_gb,2,/kˈɪkɪŋ/,,primary-unstressed,FALSE,{(kick)},MorphoLex-en exact candidate: {(kick)}; POS=VB|NN.,AI-assisted candidate metadata; verify British pronunciation and teaching relevance.,ai_assisted_draft,"British IPA, CMUdict and MorphoLex candidate enrichment",https://github.com/open-dict-data/ipa-dict; https://github.com/cmusphinx/cmudict; https://github.com/hugomailhot/MorphoLex-en,mixed open licences; see teaching_content_sources.csv,Automated candidate enrichment only; not approved teaching truth.,high,approved_for_first_exposure
shy_en_gb,1,/ʃˈaɪ/,,primary,FALSE,{(shy)},MorphoLex-en exact candidate: {(shy)}; POS=JJ|NN|VB.,AI-assisted candidate metadata; verify British pronunciation and teaching relevance.,ai_assisted_draft,"British IPA, CMUdict and MorphoLex candidate enrichment",https://github.com/open-dict-data/ipa-dict; https://github.com/cmusphinx/cmudict; https://github.com/hugomailhot/MorphoLex-en,mixed open licences; see teaching_content_sources.csv,Automated candidate enrichment only; not approved teaching truth.,high,approved_for_first_exposure
quietly_en_gb,3,/kwˈaɪətli/,,primary-unstressed-unstressed,TRUE,{(quiet)}>ly>,MorphoLex-en exact candidate: {(quiet)}>ly>; POS=RB.,AI-assisted candidate metadata; verify British pronunciation and teaching relevance.,ai_assisted_draft,"British IPA, CMUdict and MorphoLex candidate enrichment",https://github.com/open-dict-data/ipa-dict; https://github.com/cmusphinx/cmudict; https://github.com/hugomailhot/MorphoLex-en,mixed open licences; see teaching_content_sources.csv,Automated candidate enrichment only; not approved teaching truth.,high,approved_for_first_exposure
admission_en_gb,3,/ɐdmˈɪʃən/,,unstressed-primary-unstressed,TRUE,{(admit)}>ion>,MorphoLex-en exact candidate: {(admit)}>ion>; POS=NN.,AI-assisted candidate metadata; verify British pronunciation and teaching relevance.,ai_assisted_draft,"British IPA, CMUdict and MorphoLex candidate enrichment",https://github.com/open-dict-data/ipa-dict; https://github.com/cmusphinx/cmudict; https://github.com/hugomailhot/MorphoLex-en,mixed open licences; see teaching_content_sources.csv,Automated candidate enrichment only; not approved teaching truth.,high,approved_for_first_exposure
logical_en_gb,3,/lˈɒdʒɪkəl/,,primary-unstressed-unstressed,TRUE,{(logic)}>al>,MorphoLex-en exact candidate: {(logic)}>al>; POS=JJ.,AI-assisted candidate metadata; verify British pronunciation and teaching relevance.,ai_assisted_draft,"British IPA, CMUdict and MorphoLex candidate enrichment",https://github.com/open-dict-data/ipa-dict; https://github.com/cmusphinx/cmudict; https://github.com/hugomailhot/MorphoLex-en,mixed open licences; see teaching_content_sources.csv,Automated candidate enrichment only; not approved teaching truth.,high,approved_for_first_exposure
justify_en_gb,3,/dʒˈʌstɪfˌaɪ/,,primary-unstressed-secondary,TRUE,{(just)}>ify>,MorphoLex-en exact candidate: {(just)}>ify>; POS=VB.,AI-assisted candidate metadata; verify British pronunciation and teaching relevance.,ai_assisted_draft,"British IPA, CMUdict and MorphoLex candidate enrichment",https://github.com/open-dict-data/ipa-dict; https://github.com/cmusphinx/cmudict; https://github.com/hugomailhot/MorphoLex-en,mixed open licences; see teaching_content_sources.csv,Automated candidate enrichment only; not approved teaching truth.,high,approved_for_first_exposure
horn_en_gb,1,/hˈɔːn/,,primary,FALSE,{(horn)},MorphoLex-en exact candidate: {(horn)}; POS=NN.,AI-assisted candidate metadata; verify British pronunciation and teaching relevance.,ai_assisted_draft,"British IPA, CMUdict and MorphoLex candidate enrichment",https://github.com/open-dict-data/ipa-dict; https://github.com/cmusphinx/cmudict; https://github.com/hugomailhot/MorphoLex-en,mixed open licences; see teaching_content_sources.csv,Automated candidate enrichment only; not approved teaching truth.,high,approved_for_first_exposure
hurry_en_gb,2,/hˈʌɹi/,,primary-unstressed,FALSE,{(hurry)},MorphoLex-en exact candidate: {(hurry)}; POS=NN|VB.,AI-assisted candidate metadata; verify British pronunciation and teaching relevance.,ai_assisted_draft,"British IPA, CMUdict and MorphoLex candidate enrichment",https://github.com/open-dict-data/ipa-dict; https://github.com/cmusphinx/cmudict; https://github.com/hugomailhot/MorphoLex-en,mixed open licences; see teaching_content_sources.csv,Automated candidate enrichment only; not approved teaching truth.,high,approved_for_first_exposure
wrestling_en_gb,2,/ɹˈɛslɪŋ/,,primary-unstressed,FALSE,{(wrestle)},MorphoLex-en exact candidate: {(wrestle)}; POS=VB|NN.,AI-assisted candidate metadata; verify British pronunciation and teaching relevance.,ai_assisted_draft,"British IPA, CMUdict and MorphoLex candidate enrichment",https://github.com/open-dict-data/ipa-dict; https://github.com/cmusphinx/cmudict; https://github.com/hugomailhot/MorphoLex-en,mixed open licences; see teaching_content_sources.csv,Automated candidate enrichment only; not approved teaching truth.,high,approved_for_first_exposure
re_examine_en_gb,4,/ˌriːɪɡˈzæmɪn/,,secondary-unstressed-primary-unstressed,FALSE,,No exact MorphoLex-en row; human morphology review required.,AI-assisted candidate metadata; verify British pronunciation and teaching relevance.,internal_authored,Katie Sanderson reviewed pronunciation supplement,/private/tmp/scarlett-pr10-canonical-readiness.00pmR8/docs/implementation/seed-data/teaching-dictionary/candidates/2026-07-22-next-1000-word-batch/review/reviewed-pronunciation-supplements.json,internal,"British IPA supplied by the content owner in the PR #10 import review. Syllable, stress and schwa fields are the structured representation of the supplied IPA.",high,approved_for_first_exposure
profession_en_gb,3,/pɹəfˈɛʃən/,,unstressed-primary-unstressed,TRUE,{(profess)>ion>},MorphoLex-en exact candidate: {(profess)>ion>}; POS=NN.,AI-assisted candidate metadata; verify British pronunciation and teaching relevance.,ai_assisted_draft,"British IPA, CMUdict and MorphoLex candidate enrichment",https://github.com/open-dict-data/ipa-dict; https://github.com/cmusphinx/cmudict; https://github.com/hugomailhot/MorphoLex-en,mixed open licences; see teaching_content_sources.csv,Automated candidate enrichment only; not approved teaching truth.,high,approved_for_first_exposure
flexible_en_gb,3,/flˈɛksɪbəl/,,primary-unstressed-unstressed,TRUE,{(flex)}>able>,MorphoLex-en exact candidate: {(flex)}>able>; POS=JJ.,AI-assisted candidate metadata; verify British pronunciation and teaching relevance.,ai_assisted_draft,"British IPA, CMUdict and MorphoLex candidate enrichment",https://github.com/open-dict-data/ipa-dict; https://github.com/cmusphinx/cmudict; https://github.com/hugomailhot/MorphoLex-en,mixed open licences; see teaching_content_sources.csv,Automated candidate enrichment only; not approved teaching truth.,high,approved_for_first_exposure
observation_en_gb,4,/ɒbzəvˈeɪʃən/,,secondary-unstressed-primary-unstressed,TRUE,{(observe)}>ion>,MorphoLex-en exact candidate: {(observe)}>ion>; POS=NN.,AI-assisted candidate metadata; verify British pronunciation and teaching relevance.,ai_assisted_draft,"British IPA, CMUdict and MorphoLex candidate enrichment",https://github.com/open-dict-data/ipa-dict; https://github.com/cmusphinx/cmudict; https://github.com/hugomailhot/MorphoLex-en,mixed open licences; see teaching_content_sources.csv,Automated candidate enrichment only; not approved teaching truth.,high,approved_for_first_exposure
applicable_en_gb,4,/ɐplˈɪkəbəl/,,primary-unstressed-unstressed-unstressed,TRUE,{(applicable)},MorphoLex-en exact candidate: {(applicable)}; POS=JJ.,AI-assisted candidate metadata; verify British pronunciation and teaching relevance.,ai_assisted_draft,"British IPA, CMUdict and MorphoLex candidate enrichment",https://github.com/open-dict-data/ipa-dict; https://github.com/cmusphinx/cmudict; https://github.com/hugomailhot/MorphoLex-en,mixed open licences; see teaching_content_sources.csv,Automated candidate enrichment only; not approved teaching truth.,high,approved_for_first_exposure
cruel_en_gb,2,/kɹˈuːəl/,,primary-unstressed,TRUE,{(cruel)},MorphoLex-en exact candidate: {(cruel)}; POS=JJ.,AI-assisted candidate metadata; verify British pronunciation and teaching relevance.,ai_assisted_draft,"British IPA, CMUdict and MorphoLex candidate enrichment",https://github.com/open-dict-data/ipa-dict; https://github.com/cmusphinx/cmudict; https://github.com/hugomailhot/MorphoLex-en,mixed open licences; see teaching_content_sources.csv,Automated candidate enrichment only; not approved teaching truth.,high,approved_for_first_exposure
dive_en_gb,1,/dˈaɪv/,,primary,FALSE,{(dive)},MorphoLex-en exact candidate: {(dive)}; POS=NN|VB.,AI-assisted candidate metadata; verify British pronunciation and teaching relevance.,ai_assisted_draft,"British IPA, CMUdict and MorphoLex candidate enrichment",https://github.com/open-dict-data/ipa-dict; https://github.com/cmusphinx/cmudict; https://github.com/hugomailhot/MorphoLex-en,mixed open licences; see teaching_content_sources.csv,Automated candidate enrichment only; not approved teaching truth.,high,approved_for_first_exposure
blew_en_gb,1,/blˈuː/,,primary,FALSE,{(blow)},MorphoLex-en exact candidate: {(blow)}; POS=VB.,AI-assisted candidate metadata; verify British pronunciation and teaching relevance.,ai_assisted_draft,"British IPA, CMUdict and MorphoLex candidate enrichment",https://github.com/open-dict-data/ipa-dict; https://github.com/cmusphinx/cmudict; https://github.com/hugomailhot/MorphoLex-en,mixed open licences; see teaching_content_sources.csv,Automated candidate enrichment only; not approved teaching truth.,high,approved_for_first_exposure
jungle_en_gb,2,/dʒˈʌŋɡəl/,,primary-unstressed,TRUE,{(jungle)},MorphoLex-en exact candidate: {(jungle)}; POS=NN.,AI-assisted candidate metadata; verify British pronunciation and teaching relevance.,ai_assisted_draft,"British IPA, CMUdict and MorphoLex candidate enrichment",https://github.com/open-dict-data/ipa-dict; https://github.com/cmusphinx/cmudict; https://github.com/hugomailhot/MorphoLex-en,mixed open licences; see teaching_content_sources.csv,Automated candidate enrichment only; not approved teaching truth.,high,approved_for_first_exposure
worrying_en_gb,3,/wˈʌɹɪɪŋ/,,primary-unstressed-unstressed,FALSE,{(worry)},MorphoLex-en exact candidate: {(worry)}; POS=VB|NN|JJ.,AI-assisted candidate metadata; verify British pronunciation and teaching relevance.,ai_assisted_draft,"British IPA, CMUdict and MorphoLex candidate enrichment",https://github.com/open-dict-data/ipa-dict; https://github.com/cmusphinx/cmudict; https://github.com/hugomailhot/MorphoLex-en,mixed open licences; see teaching_content_sources.csv,Automated candidate enrichment only; not approved teaching truth.,high,approved_for_first_exposure
happily_en_gb,3,/hˈæpɪli/,,primary-unstressed-unstressed,TRUE,{(happy)}>ly>,MorphoLex-en exact candidate: {(happy)}>ly>; POS=RB.,AI-assisted candidate metadata; verify British pronunciation and teaching relevance.,ai_assisted_draft,"British IPA, CMUdict and MorphoLex candidate enrichment",https://github.com/open-dict-data/ipa-dict; https://github.com/cmusphinx/cmudict; https://github.com/hugomailhot/MorphoLex-en,mixed open licences; see teaching_content_sources.csv,Automated candidate enrichment only; not approved teaching truth.,high,approved_for_first_exposure
attraction_en_gb,3,/ɐtɹˈækʃən/,,unstressed-primary-unstressed,TRUE,{(attract)}>ion>,MorphoLex-en exact candidate: {(attract)}>ion>; POS=NN.,AI-assisted candidate metadata; verify British pronunciation and teaching relevance.,ai_assisted_draft,"British IPA, CMUdict and MorphoLex candidate enrichment",https://github.com/open-dict-data/ipa-dict; https://github.com/cmusphinx/cmudict; https://github.com/hugomailhot/MorphoLex-en,mixed open licences; see teaching_content_sources.csv,Automated candidate enrichment only; not approved teaching truth.,high,approved_for_first_exposure
preference_en_gb,3,/pɹˈɛfɹəns/,,primary-unstressed-unstressed,TRUE,{(prefer)}>ance>,MorphoLex-en exact candidate: {(prefer)}>ance>; POS=NN.,AI-assisted candidate metadata; verify British pronunciation and teaching relevance.,ai_assisted_draft,"British IPA, CMUdict and MorphoLex candidate enrichment",https://github.com/open-dict-data/ipa-dict; https://github.com/cmusphinx/cmudict; https://github.com/hugomailhot/MorphoLex-en,mixed open licences; see teaching_content_sources.csv,Automated candidate enrichment only; not approved teaching truth.,high,approved_for_first_exposure
ace_en_gb,1,/ˈeɪs/,,primary,FALSE,{(ace)},MorphoLex-en exact candidate: {(ace)}; POS=NN.,AI-assisted candidate metadata; verify British pronunciation and teaching relevance.,ai_assisted_draft,"British IPA, CMUdict and MorphoLex candidate enrichment",https://github.com/open-dict-data/ipa-dict; https://github.com/cmusphinx/cmudict; https://github.com/hugomailhot/MorphoLex-en,mixed open licences; see teaching_content_sources.csv,Automated candidate enrichment only; not approved teaching truth.,high,approved_for_first_exposure
cared_en_gb,1,/kˈeəd/,,primary,FALSE,{(care)},MorphoLex-en exact candidate: {(care)}; POS=VB.,AI-assisted candidate metadata; verify British pronunciation and teaching relevance.,ai_assisted_draft,"British IPA, CMUdict and MorphoLex candidate enrichment",https://github.com/open-dict-data/ipa-dict; https://github.com/cmusphinx/cmudict; https://github.com/hugomailhot/MorphoLex-en,mixed open licences; see teaching_content_sources.csv,Automated candidate enrichment only; not approved teaching truth.,high,approved_for_first_exposure
mixing_en_gb,2,/mˈɪksɪŋ/,,primary-unstressed,FALSE,{(mix)},MorphoLex-en exact candidate: {(mix)}; POS=VB|NN.,AI-assisted candidate metadata; verify British pronunciation and teaching relevance.,ai_assisted_draft,"British IPA, CMUdict and MorphoLex candidate enrichment",https://github.com/open-dict-data/ipa-dict; https://github.com/cmusphinx/cmudict; https://github.com/hugomailhot/MorphoLex-en,mixed open licences; see teaching_content_sources.csv,Automated candidate enrichment only; not approved teaching truth.,high,approved_for_first_exposure
rage_en_gb,1,/ɹˈeɪdʒ/,,primary,FALSE,{(rage)},MorphoLex-en exact candidate: {(rage)}; POS=NN|VB.,AI-assisted candidate metadata; verify British pronunciation and teaching relevance.,ai_assisted_draft,"British IPA, CMUdict and MorphoLex candidate enrichment",https://github.com/open-dict-data/ipa-dict; https://github.com/cmusphinx/cmudict; https://github.com/hugomailhot/MorphoLex-en,mixed open licences; see teaching_content_sources.csv,Automated candidate enrichment only; not approved teaching truth.,high,approved_for_first_exposure
humble_en_gb,2,/hˈʌmbəl/,,primary-unstressed,TRUE,{(humble)},MorphoLex-en exact candidate: {(humble)}; POS=JJ.,AI-assisted candidate metadata; verify British pronunciation and teaching relevance.,ai_assisted_draft,"British IPA, CMUdict and MorphoLex candidate enrichment",https://github.com/open-dict-data/ipa-dict; https://github.com/cmusphinx/cmudict; https://github.com/hugomailhot/MorphoLex-en,mixed open licences; see teaching_content_sources.csv,Automated candidate enrichment only; not approved teaching truth.,high,approved_for_first_exposure
witch_en_gb,1,/wˈɪtʃ/,,primary,FALSE,{(witch)},MorphoLex-en exact candidate: {(witch)}; POS=NN.,AI-assisted candidate metadata; verify British pronunciation and teaching relevance.,ai_assisted_draft,"British IPA, CMUdict and MorphoLex candidate enrichment",https://github.com/open-dict-data/ipa-dict; https://github.com/cmusphinx/cmudict; https://github.com/hugomailhot/MorphoLex-en,mixed open licences; see teaching_content_sources.csv,Automated candidate enrichment only; not approved teaching truth.,high,approved_for_first_exposure
disagree_en_gb,3,/dˌɪsɐɡɹˈiː/,,unstressed-unstressed-primary,TRUE,<dis<{(agree)},MorphoLex-en exact candidate: <dis<{(agree)}; POS=VB.,AI-assisted candidate metadata; verify British pronunciation and teaching relevance.,ai_assisted_draft,"British IPA, CMUdict and MorphoLex candidate enrichment",https://github.com/open-dict-data/ipa-dict; https://github.com/cmusphinx/cmudict; https://github.com/hugomailhot/MorphoLex-en,mixed open licences; see teaching_content_sources.csv,Automated candidate enrichment only; not approved teaching truth.,high,approved_for_first_exposure
invisible_en_gb,4,/ɪnvˈɪzəbəl/,,secondary-primary-unstressed-unstressed,TRUE,<im<{(vis)>able>},MorphoLex-en exact candidate: <im<{(vis)>able>}; POS=JJ.,AI-assisted candidate metadata; verify British pronunciation and teaching relevance.,ai_assisted_draft,"British IPA, CMUdict and MorphoLex candidate enrichment",https://github.com/open-dict-data/ipa-dict; https://github.com/cmusphinx/cmudict; https://github.com/hugomailhot/MorphoLex-en,mixed open licences; see teaching_content_sources.csv,Automated candidate enrichment only; not approved teaching truth.,high,approved_for_first_exposure
receiver_en_gb,3,/ɹɪsˈiːvɐ/,,unstressed-primary-unstressed,TRUE,{<re<(ceive)}>er>,MorphoLex-en exact candidate: {<re<(ceive)}>er>; POS=NN.,AI-assisted candidate metadata; verify British pronunciation and teaching relevance.,ai_assisted_draft,"British IPA, CMUdict and MorphoLex candidate enrichment",https://github.com/open-dict-data/ipa-dict; https://github.com/cmusphinx/cmudict; https://github.com/hugomailhot/MorphoLex-en,mixed open licences; see teaching_content_sources.csv,Automated candidate enrichment only; not approved teaching truth.,high,approved_for_first_exposure
suspicious_en_gb,3,/səspˈɪʃəs/,,unstressed-primary-unstressed,TRUE,{(suspici)>ious>},MorphoLex-en exact candidate: {(suspici)>ious>}; POS=JJ.,AI-assisted candidate metadata; verify British pronunciation and teaching relevance.,ai_assisted_draft,"British IPA, CMUdict and MorphoLex candidate enrichment",https://github.com/open-dict-data/ipa-dict; https://github.com/cmusphinx/cmudict; https://github.com/hugomailhot/MorphoLex-en,mixed open licences; see teaching_content_sources.csv,Automated candidate enrichment only; not approved teaching truth.,high,approved_for_first_exposure
thoroughly_en_gb,3,/θˈʌɹəli/,,primary-unstressed-unstressed,FALSE,{(thorough)}>ly>,MorphoLex-en exact candidate: {(thorough)}>ly>; POS=RB.,AI-assisted candidate metadata; verify British pronunciation and teaching relevance.,ai_assisted_draft,"British IPA, CMUdict and MorphoLex candidate enrichment",https://github.com/open-dict-data/ipa-dict; https://github.com/cmusphinx/cmudict; https://github.com/hugomailhot/MorphoLex-en,mixed open licences; see teaching_content_sources.csv,Automated candidate enrichment only; not approved teaching truth.,high,approved_for_first_exposure
influential_en_gb,4,/ˌɪnfluːˈɛnʃəl/,,secondary-unstressed-primary-unstressed,TRUE,{<in<(flu)>ance>}>al>,MorphoLex-en exact candidate: {<in<(flu)>ance>}>al>; POS=JJ.,AI-assisted candidate metadata; verify British pronunciation and teaching relevance.,ai_assisted_draft,"British IPA, CMUdict and MorphoLex candidate enrichment",https://github.com/open-dict-data/ipa-dict; https://github.com/cmusphinx/cmudict; https://github.com/hugomailhot/MorphoLex-en,mixed open licences; see teaching_content_sources.csv,Automated candidate enrichment only; not approved teaching truth.,high,approved_for_first_exposure
dairy_en_gb,2,/dˈeəɹi/,,primary-unstressed,FALSE,{(dairy)},MorphoLex-en exact candidate: {(dairy)}; POS=NN.,AI-assisted candidate metadata; verify British pronunciation and teaching relevance.,ai_assisted_draft,"British IPA, CMUdict and MorphoLex candidate enrichment",https://github.com/open-dict-data/ipa-dict; https://github.com/cmusphinx/cmudict; https://github.com/hugomailhot/MorphoLex-en,mixed open licences; see teaching_content_sources.csv,Automated candidate enrichment only; not approved teaching truth.,high,approved_for_first_exposure
bee_en_gb,1,/bˈiː/,,primary,FALSE,{(bee)},MorphoLex-en exact candidate: {(bee)}; POS=NN.,AI-assisted candidate metadata; verify British pronunciation and teaching relevance.,ai_assisted_draft,"British IPA, CMUdict and MorphoLex candidate enrichment",https://github.com/open-dict-data/ipa-dict; https://github.com/cmusphinx/cmudict; https://github.com/hugomailhot/MorphoLex-en,mixed open licences; see teaching_content_sources.csv,Automated candidate enrichment only; not approved teaching truth.,high,approved_for_first_exposure
flies_en_gb,1,/flˈaɪz/,,primary,FALSE,{(fly)},MorphoLex-en exact candidate: {(fly)}; POS=VB|NN.,AI-assisted candidate metadata; verify British pronunciation and teaching relevance.,ai_assisted_draft,"British IPA, CMUdict and MorphoLex candidate enrichment",https://github.com/open-dict-data/ipa-dict; https://github.com/cmusphinx/cmudict; https://github.com/hugomailhot/MorphoLex-en,mixed open licences; see teaching_content_sources.csv,Automated candidate enrichment only; not approved teaching truth.,high,approved_for_first_exposure
hug_en_gb,1,/hˈʌɡ/,,primary,FALSE,{(hug)},MorphoLex-en exact candidate: {(hug)}; POS=NN|VB.,AI-assisted candidate metadata; verify British pronunciation and teaching relevance.,ai_assisted_draft,"British IPA, CMUdict and MorphoLex candidate enrichment",https://github.com/open-dict-data/ipa-dict; https://github.com/cmusphinx/cmudict; https://github.com/hugomailhot/MorphoLex-en,mixed open licences; see teaching_content_sources.csv,Automated candidate enrichment only; not approved teaching truth.,high,approved_for_first_exposure
should_ve_en_gb,2,/ˈʃʊdəv/,,primary-unstressed,TRUE,,No exact MorphoLex-en row; human morphology review required.,AI-assisted candidate metadata; verify British pronunciation and teaching relevance.,ai_assisted_draft,"British IPA, CMUdict and MorphoLex candidate enrichment",https://github.com/open-dict-data/ipa-dict; https://github.com/cmusphinx/cmudict; https://github.com/hugomailhot/MorphoLex-en,mixed open licences; see teaching_content_sources.csv,Automated candidate enrichment only; not approved teaching truth.,high,approved_for_first_exposure
potatoes_en_gb,3,/pətˈeɪtəʊz/,,unstressed-primary-unstressed,TRUE,{(potato)},MorphoLex-en exact candidate: {(potato)}; POS=NN.,AI-assisted candidate metadata; verify British pronunciation and teaching relevance.,ai_assisted_draft,"British IPA, CMUdict and MorphoLex candidate enrichment",https://github.com/open-dict-data/ipa-dict; https://github.com/cmusphinx/cmudict; https://github.com/hugomailhot/MorphoLex-en,mixed open licences; see teaching_content_sources.csv,Automated candidate enrichment only; not approved teaching truth.,high,approved_for_first_exposure
advise_en_gb,2,/ɐdvˈaɪz/,,unstressed-primary,FALSE,{(advise)},MorphoLex-en exact candidate: {(advise)}; POS=VB.,AI-assisted candidate metadata; verify British pronunciation and teaching relevance.,ai_assisted_draft,"British IPA, CMUdict and MorphoLex candidate enrichment",https://github.com/open-dict-data/ipa-dict; https://github.com/cmusphinx/cmudict; https://github.com/hugomailhot/MorphoLex-en,mixed open licences; see teaching_content_sources.csv,Automated candidate enrichment only; not approved teaching truth.,high,approved_for_first_exposure
fabulous_en_gb,3,/fˈæbjʊləs/,,primary-unstressed-unstressed,TRUE,{(fable)>ious>},MorphoLex-en exact candidate: {(fable)>ious>}; POS=JJ.,AI-assisted candidate metadata; verify British pronunciation and teaching relevance.,ai_assisted_draft,"British IPA, CMUdict and MorphoLex candidate enrichment",https://github.com/open-dict-data/ipa-dict; https://github.com/cmusphinx/cmudict; https://github.com/hugomailhot/MorphoLex-en,mixed open licences; see teaching_content_sources.csv,Automated candidate enrichment only; not approved teaching truth.,high,approved_for_first_exposure
gently_en_gb,2,/dʒˈɛntli/,,primary-unstressed,FALSE,{(gentle)}>y>,MorphoLex-en exact candidate: {(gentle)}>y>; POS=RB.,AI-assisted candidate metadata; verify British pronunciation and teaching relevance.,ai_assisted_draft,"British IPA, CMUdict and MorphoLex candidate enrichment",https://github.com/open-dict-data/ipa-dict; https://github.com/cmusphinx/cmudict; https://github.com/hugomailhot/MorphoLex-en,mixed open licences; see teaching_content_sources.csv,Automated candidate enrichment only; not approved teaching truth.,high,approved_for_first_exposure
historically_en_gb,5,/hɪstˈɒɹɪkli/,,unstressed-primary-unstressed-unstressed-unstressed,TRUE,{(history)>ic>}>al>>ly>,MorphoLex-en exact candidate: {(history)>ic>}>al>>ly>; POS=RB.,AI-assisted candidate metadata; verify British pronunciation and teaching relevance.,ai_assisted_draft,"British IPA, CMUdict and MorphoLex candidate enrichment",https://github.com/open-dict-data/ipa-dict; https://github.com/cmusphinx/cmudict; https://github.com/hugomailhot/MorphoLex-en,mixed open licences; see teaching_content_sources.csv,Automated candidate enrichment only; not approved teaching truth.,high,approved_for_first_exposure
unbelievable_en_gb,5,/ʌnbɪlˈiːvəbəl/,,secondary-unstressed-primary-unstressed-unstressed,TRUE,<un<{(believe)}>able>,MorphoLex-en exact candidate: <un<{(believe)}>able>; POS=JJ.,AI-assisted candidate metadata; verify British pronunciation and teaching relevance.,ai_assisted_draft,"British IPA, CMUdict and MorphoLex candidate enrichment",https://github.com/open-dict-data/ipa-dict; https://github.com/cmusphinx/cmudict; https://github.com/hugomailhot/MorphoLex-en,mixed open licences; see teaching_content_sources.csv,Automated candidate enrichment only; not approved teaching truth.,high,approved_for_first_exposure
beneficial_en_gb,4,/bˌɛnɪfˈɪʃəl/,,secondary-unstressed-primary-unstressed,TRUE,{(benefice)>al>},MorphoLex-en exact candidate: {(benefice)>al>}; POS=JJ.,AI-assisted candidate metadata; verify British pronunciation and teaching relevance.,ai_assisted_draft,"British IPA, CMUdict and MorphoLex candidate enrichment",https://github.com/open-dict-data/ipa-dict; https://github.com/cmusphinx/cmudict; https://github.com/hugomailhot/MorphoLex-en,mixed open licences; see teaching_content_sources.csv,Automated candidate enrichment only; not approved teaching truth.,high,approved_for_first_exposure
elephant_en_gb,3,/ˈɛlɪfənt/,,primary-unstressed-unstressed,TRUE,{(elephant)},MorphoLex-en exact candidate: {(elephant)}; POS=NN.,AI-assisted candidate metadata; verify British pronunciation and teaching relevance.,ai_assisted_draft,"British IPA, CMUdict and MorphoLex candidate enrichment",https://github.com/open-dict-data/ipa-dict; https://github.com/cmusphinx/cmudict; https://github.com/hugomailhot/MorphoLex-en,mixed open licences; see teaching_content_sources.csv,Automated candidate enrichment only; not approved teaching truth.,high,approved_for_first_exposure
fairy_en_gb,2,/fˈeəɹi/,,primary-unstressed,FALSE,{(fairy)},MorphoLex-en exact candidate: {(fairy)}; POS=JJ|NN.,AI-assisted candidate metadata; verify British pronunciation and teaching relevance.,ai_assisted_draft,"British IPA, CMUdict and MorphoLex candidate enrichment",https://github.com/open-dict-data/ipa-dict; https://github.com/cmusphinx/cmudict; https://github.com/hugomailhot/MorphoLex-en,mixed open licences; see teaching_content_sources.csv,Automated candidate enrichment only; not approved teaching truth.,high,approved_for_first_exposure
myth_en_gb,1,/mˈɪθ/,,primary,FALSE,{(myth)},MorphoLex-en exact candidate: {(myth)}; POS=NN.,AI-assisted candidate metadata; verify British pronunciation and teaching relevance.,ai_assisted_draft,"British IPA, CMUdict and MorphoLex candidate enrichment",https://github.com/open-dict-data/ipa-dict; https://github.com/cmusphinx/cmudict; https://github.com/hugomailhot/MorphoLex-en,mixed open licences; see teaching_content_sources.csv,Automated candidate enrichment only; not approved teaching truth.,high,approved_for_first_exposure
architect_en_gb,3,/ˈɑːkɪtˌɛkt/,,primary-unstressed-secondary,TRUE,{(architect)},MorphoLex-en exact candidate: {(architect)}; POS=NN.,AI-assisted candidate metadata; verify British pronunciation and teaching relevance.,ai_assisted_draft,"British IPA, CMUdict and MorphoLex candidate enrichment",https://github.com/open-dict-data/ipa-dict; https://github.com/cmusphinx/cmudict; https://github.com/hugomailhot/MorphoLex-en,mixed open licences; see teaching_content_sources.csv,Automated candidate enrichment only; not approved teaching truth.,high,approved_for_first_exposure
grief_en_gb,1,/ɡɹˈiːf/,,primary,FALSE,{(grief)},MorphoLex-en exact candidate: {(grief)}; POS=NN.,AI-assisted candidate metadata; verify British pronunciation and teaching relevance.,ai_assisted_draft,"British IPA, CMUdict and MorphoLex candidate enrichment",https://github.com/open-dict-data/ipa-dict; https://github.com/cmusphinx/cmudict; https://github.com/hugomailhot/MorphoLex-en,mixed open licences; see teaching_content_sources.csv,Automated candidate enrichment only; not approved teaching truth.,high,approved_for_first_exposure
quantity_en_gb,3,/kwˈɒntɪti/,,primary-unstressed-unstressed,TRUE,{(quant)>ity>},MorphoLex-en exact candidate: {(quant)>ity>}; POS=NN.,AI-assisted candidate metadata; verify British pronunciation and teaching relevance.,ai_assisted_draft,"British IPA, CMUdict and MorphoLex candidate enrichment",https://github.com/open-dict-data/ipa-dict; https://github.com/cmusphinx/cmudict; https://github.com/hugomailhot/MorphoLex-en,mixed open licences; see teaching_content_sources.csv,Automated candidate enrichment only; not approved teaching truth.,high,approved_for_first_exposure
submission_en_gb,3,/səbmˈɪʃən/,,unstressed-primary-unstressed,TRUE,{(submit)}>ion>,MorphoLex-en exact candidate: {(submit)}>ion>; POS=NN.,AI-assisted candidate metadata; verify British pronunciation and teaching relevance.,ai_assisted_draft,"British IPA, CMUdict and MorphoLex candidate enrichment",https://github.com/open-dict-data/ipa-dict; https://github.com/cmusphinx/cmudict; https://github.com/hugomailhot/MorphoLex-en,mixed open licences; see teaching_content_sources.csv,Automated candidate enrichment only; not approved teaching truth.,high,approved_for_first_exposure
rainbow_en_gb,2,/ɹˈeɪnbəʊ/,,primary-secondary,FALSE,{(rain)}{(bow)},MorphoLex-en exact candidate: {(rain)}{(bow)}; POS=NN.,AI-assisted candidate metadata; verify British pronunciation and teaching relevance.,ai_assisted_draft,"British IPA, CMUdict and MorphoLex candidate enrichment",https://github.com/open-dict-data/ipa-dict; https://github.com/cmusphinx/cmudict; https://github.com/hugomailhot/MorphoLex-en,mixed open licences; see teaching_content_sources.csv,Automated candidate enrichment only; not approved teaching truth.,high,approved_for_first_exposure
scare_en_gb,1,/skˈeə/,,primary,FALSE,{(scare)},MorphoLex-en exact candidate: {(scare)}; POS=VB|NN.,AI-assisted candidate metadata; verify British pronunciation and teaching relevance.,ai_assisted_draft,"British IPA, CMUdict and MorphoLex candidate enrichment",https://github.com/open-dict-data/ipa-dict; https://github.com/cmusphinx/cmudict; https://github.com/hugomailhot/MorphoLex-en,mixed open licences; see teaching_content_sources.csv,Automated candidate enrichment only; not approved teaching truth.,high,approved_for_first_exposure
monkey_en_gb,2,/mˈʌnki/,,primary-unstressed,FALSE,{(monkey)},MorphoLex-en exact candidate: {(monkey)}; POS=NN|VB.,AI-assisted candidate metadata; verify British pronunciation and teaching relevance.,ai_assisted_draft,"British IPA, CMUdict and MorphoLex candidate enrichment",https://github.com/open-dict-data/ipa-dict; https://github.com/cmusphinx/cmudict; https://github.com/hugomailhot/MorphoLex-en,mixed open licences; see teaching_content_sources.csv,Automated candidate enrichment only; not approved teaching truth.,high,approved_for_first_exposure
reign_en_gb,1,/ɹˈeɪn/,,primary,FALSE,{(reign)},MorphoLex-en exact candidate: {(reign)}; POS=NN|VB.,AI-assisted candidate metadata; verify British pronunciation and teaching relevance.,ai_assisted_draft,"British IPA, CMUdict and MorphoLex candidate enrichment",https://github.com/open-dict-data/ipa-dict; https://github.com/cmusphinx/cmudict; https://github.com/hugomailhot/MorphoLex-en,mixed open licences; see teaching_content_sources.csv,Automated candidate enrichment only; not approved teaching truth.,high,approved_for_first_exposure
tremendous_en_gb,3,/tɹəmˈɛndəs/,,unstressed-primary-unstressed,TRUE,{(tremendous)},MorphoLex-en exact candidate: {(tremendous)}; POS=JJ.,AI-assisted candidate metadata; verify British pronunciation and teaching relevance.,ai_assisted_draft,"British IPA, CMUdict and MorphoLex candidate enrichment",https://github.com/open-dict-data/ipa-dict; https://github.com/cmusphinx/cmudict; https://github.com/hugomailhot/MorphoLex-en,mixed open licences; see teaching_content_sources.csv,Automated candidate enrichment only; not approved teaching truth.,high,approved_for_first_exposure
laundry_en_gb,2,/lˈɔːndɹi/,,primary-unstressed,FALSE,{(launder)>y>},MorphoLex-en exact candidate: {(launder)>y>}; POS=NN.,AI-assisted candidate metadata; verify British pronunciation and teaching relevance.,ai_assisted_draft,"British IPA, CMUdict and MorphoLex candidate enrichment",https://github.com/open-dict-data/ipa-dict; https://github.com/cmusphinx/cmudict; https://github.com/hugomailhot/MorphoLex-en,mixed open licences; see teaching_content_sources.csv,Automated candidate enrichment only; not approved teaching truth.,high,approved_for_first_exposure
tolerance_en_gb,3,/tˈɒləɹəns/,,primary-unstressed-unstressed,TRUE,{(toler)>ance>},MorphoLex-en exact candidate: {(toler)>ance>}; POS=NN.,AI-assisted candidate metadata; verify British pronunciation and teaching relevance.,ai_assisted_draft,"British IPA, CMUdict and MorphoLex candidate enrichment",https://github.com/open-dict-data/ipa-dict; https://github.com/cmusphinx/cmudict; https://github.com/hugomailhot/MorphoLex-en,mixed open licences; see teaching_content_sources.csv,Automated candidate enrichment only; not approved teaching truth.,high,approved_for_first_exposure
adorable_en_gb,4,/ɐdˈɔːɹəbəl/,,unstressed-primary-unstressed-unstressed,TRUE,{(adore)}>able>,MorphoLex-en exact candidate: {(adore)}>able>; POS=JJ.,AI-assisted candidate metadata; verify British pronunciation and teaching relevance.,ai_assisted_draft,"British IPA, CMUdict and MorphoLex candidate enrichment",https://github.com/open-dict-data/ipa-dict; https://github.com/cmusphinx/cmudict; https://github.com/hugomailhot/MorphoLex-en,mixed open licences; see teaching_content_sources.csv,Automated candidate enrichment only; not approved teaching truth.,high,approved_for_first_exposure
could_ve_en_gb,2,/ˈkʊdəv/,,primary-unstressed,TRUE,{(could)},MorphoLex-en exact candidate: {(could)}; POS=encl.,AI-assisted candidate metadata; verify British pronunciation and teaching relevance.,ai_assisted_draft,"British IPA, CMUdict and MorphoLex candidate enrichment",https://github.com/open-dict-data/ipa-dict; https://github.com/cmusphinx/cmudict; https://github.com/hugomailhot/MorphoLex-en,mixed open licences; see teaching_content_sources.csv,Automated candidate enrichment only; not approved teaching truth.,high,approved_for_first_exposure
fried_en_gb,1,/fɹˈaɪd/,,primary,FALSE,{(fry)},MorphoLex-en exact candidate: {(fry)}; POS=JJ|VB.,AI-assisted candidate metadata; verify British pronunciation and teaching relevance.,ai_assisted_draft,"British IPA, CMUdict and MorphoLex candidate enrichment",https://github.com/open-dict-data/ipa-dict; https://github.com/cmusphinx/cmudict; https://github.com/hugomailhot/MorphoLex-en,mixed open licences; see teaching_content_sources.csv,Automated candidate enrichment only; not approved teaching truth.,high,approved_for_first_exposure
martial_en_gb,2,/mˈɑːʃəl/,,primary-unstressed,TRUE,{(martial)},MorphoLex-en exact candidate: {(martial)}; POS=JJ|NN.,AI-assisted candidate metadata; verify British pronunciation and teaching relevance.,ai_assisted_draft,"British IPA, CMUdict and MorphoLex candidate enrichment",https://github.com/open-dict-data/ipa-dict; https://github.com/cmusphinx/cmudict; https://github.com/hugomailhot/MorphoLex-en,mixed open licences; see teaching_content_sources.csv,Automated candidate enrichment only; not approved teaching truth.,high,approved_for_first_exposure
cemetery_en_gb,4,/sˈɛmɪtəɹi/,,primary-unstressed-secondary-unstressed,TRUE,{(cemetery)},MorphoLex-en exact candidate: {(cemetery)}; POS=NN.,AI-assisted candidate metadata; verify British pronunciation and teaching relevance.,ai_assisted_draft,"British IPA, CMUdict and MorphoLex candidate enrichment",https://github.com/open-dict-data/ipa-dict; https://github.com/cmusphinx/cmudict; https://github.com/hugomailhot/MorphoLex-en,mixed open licences; see teaching_content_sources.csv,Automated candidate enrichment only; not approved teaching truth.,high,approved_for_first_exposure
observe_en_gb,2,/ɒbzˈɜːv/,,unstressed-primary,TRUE,{(observe)},MorphoLex-en exact candidate: {(observe)}; POS=VB|NN.,AI-assisted candidate metadata; verify British pronunciation and teaching relevance.,ai_assisted_draft,"British IPA, CMUdict and MorphoLex candidate enrichment",https://github.com/open-dict-data/ipa-dict; https://github.com/cmusphinx/cmudict; https://github.com/hugomailhot/MorphoLex-en,mixed open licences; see teaching_content_sources.csv,Automated candidate enrichment only; not approved teaching truth.,high,approved_for_first_exposure
subway_en_gb,2,/sˈʌbweɪ/,,primary-secondary,FALSE,<sub<{(way)},MorphoLex-en exact candidate: <sub<{(way)}; POS=NN.,AI-assisted candidate metadata; verify British pronunciation and teaching relevance.,ai_assisted_draft,"British IPA, CMUdict and MorphoLex candidate enrichment",https://github.com/open-dict-data/ipa-dict; https://github.com/cmusphinx/cmudict; https://github.com/hugomailhot/MorphoLex-en,mixed open licences; see teaching_content_sources.csv,Automated candidate enrichment only; not approved teaching truth.,high,approved_for_first_exposure
ignorant_en_gb,3,/ˈɪɡnəɹənt/,,primary-unstressed-unstressed,TRUE,{(ignore)}>ant>,MorphoLex-en exact candidate: {(ignore)}>ant>; POS=JJ.,AI-assisted candidate metadata; verify British pronunciation and teaching relevance.,ai_assisted_draft,"British IPA, CMUdict and MorphoLex candidate enrichment",https://github.com/open-dict-data/ipa-dict; https://github.com/cmusphinx/cmudict; https://github.com/hugomailhot/MorphoLex-en,mixed open licences; see teaching_content_sources.csv,Automated candidate enrichment only; not approved teaching truth.,high,approved_for_first_exposure
stack_en_gb,1,/stˈæk/,,primary,FALSE,{(stack)},MorphoLex-en exact candidate: {(stack)}; POS=NN|VB.,AI-assisted candidate metadata; verify British pronunciation and teaching relevance.,ai_assisted_draft,"British IPA, CMUdict and MorphoLex candidate enrichment",https://github.com/open-dict-data/ipa-dict; https://github.com/cmusphinx/cmudict; https://github.com/hugomailhot/MorphoLex-en,mixed open licences; see teaching_content_sources.csv,Automated candidate enrichment only; not approved teaching truth.,high,approved_for_first_exposure
beg_en_gb,1,/bˈɛɡ/,,primary,FALSE,{(beg)},MorphoLex-en exact candidate: {(beg)}; POS=VB.,AI-assisted candidate metadata; verify British pronunciation and teaching relevance.,ai_assisted_draft,"British IPA, CMUdict and MorphoLex candidate enrichment",https://github.com/open-dict-data/ipa-dict; https://github.com/cmusphinx/cmudict; https://github.com/hugomailhot/MorphoLex-en,mixed open licences; see teaching_content_sources.csv,Automated candidate enrichment only; not approved teaching truth.,high,approved_for_first_exposure
diesel_en_gb,2,/dˈiːzəl/,,primary-unstressed,TRUE,{(diesel)},MorphoLex-en exact candidate: {(diesel)}; POS=NN.,AI-assisted candidate metadata; verify British pronunciation and teaching relevance.,ai_assisted_draft,"British IPA, CMUdict and MorphoLex candidate enrichment",https://github.com/open-dict-data/ipa-dict; https://github.com/cmusphinx/cmudict; https://github.com/hugomailhot/MorphoLex-en,mixed open licences; see teaching_content_sources.csv,Automated candidate enrichment only; not approved teaching truth.,high,approved_for_first_exposure
foul_en_gb,1,/fˈaʊl/,,primary,FALSE,{(foul)},MorphoLex-en exact candidate: {(foul)}; POS=JJ|VB.,AI-assisted candidate metadata; verify British pronunciation and teaching relevance.,ai_assisted_draft,"British IPA, CMUdict and MorphoLex candidate enrichment",https://github.com/open-dict-data/ipa-dict; https://github.com/cmusphinx/cmudict; https://github.com/hugomailhot/MorphoLex-en,mixed open licences; see teaching_content_sources.csv,Automated candidate enrichment only; not approved teaching truth.,high,approved_for_first_exposure
alter_en_gb,2,/ˈɒltɐ/,,primary-unstressed,TRUE,{(alter)},MorphoLex-en exact candidate: {(alter)}; POS=VB.,AI-assisted candidate metadata; verify British pronunciation and teaching relevance.,ai_assisted_draft,"British IPA, CMUdict and MorphoLex candidate enrichment",https://github.com/open-dict-data/ipa-dict; https://github.com/cmusphinx/cmudict; https://github.com/hugomailhot/MorphoLex-en,mixed open licences; see teaching_content_sources.csv,Automated candidate enrichment only; not approved teaching truth.,high,approved_for_first_exposure
rhythm_en_gb,2,/ɹˈɪðəm/,,primary-unstressed,TRUE,{(rhythm)},MorphoLex-en exact candidate: {(rhythm)}; POS=NN.,AI-assisted candidate metadata; verify British pronunciation and teaching relevance.,ai_assisted_draft,"British IPA, CMUdict and MorphoLex candidate enrichment",https://github.com/open-dict-data/ipa-dict; https://github.com/cmusphinx/cmudict; https://github.com/hugomailhot/MorphoLex-en,mixed open licences; see teaching_content_sources.csv,Automated candidate enrichment only; not approved teaching truth.,high,approved_for_first_exposure
ignorance_en_gb,3,/ˈɪɡnəɹəns/,,primary-unstressed-unstressed,TRUE,{(ignore)}>ance>,MorphoLex-en exact candidate: {(ignore)}>ance>; POS=NN.,AI-assisted candidate metadata; verify British pronunciation and teaching relevance.,ai_assisted_draft,"British IPA, CMUdict and MorphoLex candidate enrichment",https://github.com/open-dict-data/ipa-dict; https://github.com/cmusphinx/cmudict; https://github.com/hugomailhot/MorphoLex-en,mixed open licences; see teaching_content_sources.csv,Automated candidate enrichment only; not approved teaching truth.,high,approved_for_first_exposure
sketch_en_gb,1,/skˈɛtʃ/,,primary,FALSE,{(sketch)},MorphoLex-en exact candidate: {(sketch)}; POS=NN|VB.,AI-assisted candidate metadata; verify British pronunciation and teaching relevance.,ai_assisted_draft,"British IPA, CMUdict and MorphoLex candidate enrichment",https://github.com/open-dict-data/ipa-dict; https://github.com/cmusphinx/cmudict; https://github.com/hugomailhot/MorphoLex-en,mixed open licences; see teaching_content_sources.csv,Automated candidate enrichment only; not approved teaching truth.,high,approved_for_first_exposure
reasonably_en_gb,4,/ɹˈiːzənəbli/,,primary-unstressed-unstressed-unstressed,TRUE,{(reason)}>able>>y>,MorphoLex-en exact candidate: {(reason)}>able>>y>; POS=RB.,AI-assisted candidate metadata; verify British pronunciation and teaching relevance.,ai_assisted_draft,"British IPA, CMUdict and MorphoLex candidate enrichment",https://github.com/open-dict-data/ipa-dict; https://github.com/cmusphinx/cmudict; https://github.com/hugomailhot/MorphoLex-en,mixed open licences; see teaching_content_sources.csv,Automated candidate enrichment only; not approved teaching truth.,high,approved_for_first_exposure
fur_en_gb,1,/fˈɜː/,,primary,FALSE,{(fur)},MorphoLex-en exact candidate: {(fur)}; POS=NN.,AI-assisted candidate metadata; verify British pronunciation and teaching relevance.,ai_assisted_draft,"British IPA, CMUdict and MorphoLex candidate enrichment",https://github.com/open-dict-data/ipa-dict; https://github.com/cmusphinx/cmudict; https://github.com/hugomailhot/MorphoLex-en,mixed open licences; see teaching_content_sources.csv,Automated candidate enrichment only; not approved teaching truth.,high,approved_for_first_exposure
varied_en_gb,2,/vˈeəɹid/,,primary-unstressed,FALSE,{(vary)},MorphoLex-en exact candidate: {(vary)}; POS=VB|JJ.,AI-assisted candidate metadata; verify British pronunciation and teaching relevance.,ai_assisted_draft,"British IPA, CMUdict and MorphoLex candidate enrichment",https://github.com/open-dict-data/ipa-dict; https://github.com/cmusphinx/cmudict; https://github.com/hugomailhot/MorphoLex-en,mixed open licences; see teaching_content_sources.csv,Automated candidate enrichment only; not approved teaching truth.,high,approved_for_first_exposure
differ_en_gb,2,/dˈɪfɐ/,,primary-unstressed,TRUE,{(differ)},MorphoLex-en exact candidate: {(differ)}; POS=VB.,AI-assisted candidate metadata; verify British pronunciation and teaching relevance.,ai_assisted_draft,"British IPA, CMUdict and MorphoLex candidate enrichment",https://github.com/open-dict-data/ipa-dict; https://github.com/cmusphinx/cmudict; https://github.com/hugomailhot/MorphoLex-en,mixed open licences; see teaching_content_sources.csv,Automated candidate enrichment only; not approved teaching truth.,high,approved_for_first_exposure
fusion_en_gb,2,/fjˈuːʒən/,,primary-unstressed,TRUE,{(fuse)}>ion>,MorphoLex-en exact candidate: {(fuse)}>ion>; POS=NN.,AI-assisted candidate metadata; verify British pronunciation and teaching relevance.,ai_assisted_draft,"British IPA, CMUdict and MorphoLex candidate enrichment",https://github.com/open-dict-data/ipa-dict; https://github.com/cmusphinx/cmudict; https://github.com/hugomailhot/MorphoLex-en,mixed open licences; see teaching_content_sources.csv,Automated candidate enrichment only; not approved teaching truth.,high,approved_for_first_exposure
dictionary_en_gb,4,/dˈɪkʃənəɹi/,,primary-unstressed-secondary-unstressed,TRUE,{(dict)>ion>>ory>},MorphoLex-en exact candidate: {(dict)>ion>>ory>}; POS=NN.,AI-assisted candidate metadata; verify British pronunciation and teaching relevance.,ai_assisted_draft,"British IPA, CMUdict and MorphoLex candidate enrichment",https://github.com/open-dict-data/ipa-dict; https://github.com/cmusphinx/cmudict; https://github.com/hugomailhot/MorphoLex-en,mixed open licences; see teaching_content_sources.csv,Automated candidate enrichment only; not approved teaching truth.,high,approved_for_first_exposure
anchor_en_gb,2,/ˈænkɐ/,,primary-unstressed,TRUE,{(anchor)},MorphoLex-en exact candidate: {(anchor)}; POS=NN|VB.,AI-assisted candidate metadata; verify British pronunciation and teaching relevance.,ai_assisted_draft,"British IPA, CMUdict and MorphoLex candidate enrichment",https://github.com/open-dict-data/ipa-dict; https://github.com/cmusphinx/cmudict; https://github.com/hugomailhot/MorphoLex-en,mixed open licences; see teaching_content_sources.csv,Automated candidate enrichment only; not approved teaching truth.,high,approved_for_first_exposure
possess_en_gb,2,/pəzˈɛs/,,unstressed-primary,TRUE,{(possess)},MorphoLex-en exact candidate: {(possess)}; POS=VB.,AI-assisted candidate metadata; verify British pronunciation and teaching relevance.,ai_assisted_draft,"British IPA, CMUdict and MorphoLex candidate enrichment",https://github.com/open-dict-data/ipa-dict; https://github.com/cmusphinx/cmudict; https://github.com/hugomailhot/MorphoLex-en,mixed open licences; see teaching_content_sources.csv,Automated candidate enrichment only; not approved teaching truth.,high,approved_for_first_exposure
accommodate_en_gb,4,/ɐkˈɒmədˌeɪt/,,unstressed-primary-unstressed-secondary,TRUE,{(accommodate)},MorphoLex-en exact candidate: {(accommodate)}; POS=VB.,AI-assisted candidate metadata; verify British pronunciation and teaching relevance.,ai_assisted_draft,"British IPA, CMUdict and MorphoLex candidate enrichment",https://github.com/open-dict-data/ipa-dict; https://github.com/cmusphinx/cmudict; https://github.com/hugomailhot/MorphoLex-en,mixed open licences; see teaching_content_sources.csv,Automated candidate enrichment only; not approved teaching truth.,high,approved_for_first_exposure
convenience_en_gb,3,/kənvˈiːnɪəns/,,unstressed-primary-unstressed,TRUE,{(convenience)},MorphoLex-en exact candidate: {(convenience)}; POS=NN.,AI-assisted candidate metadata; verify British pronunciation and teaching relevance.,ai_assisted_draft,"British IPA, CMUdict and MorphoLex candidate enrichment",https://github.com/open-dict-data/ipa-dict; https://github.com/cmusphinx/cmudict; https://github.com/hugomailhot/MorphoLex-en,mixed open licences; see teaching_content_sources.csv,Automated candidate enrichment only; not approved teaching truth.,high,approved_for_first_exposure
orchestra_en_gb,3,/ˈɔːkɛstɹɐ/,,primary-unstressed-unstressed,TRUE,{(orchestr)>a>},MorphoLex-en exact candidate: {(orchestr)>a>}; POS=NN.,AI-assisted candidate metadata; verify British pronunciation and teaching relevance.,ai_assisted_draft,"British IPA, CMUdict and MorphoLex candidate enrichment",https://github.com/open-dict-data/ipa-dict; https://github.com/cmusphinx/cmudict; https://github.com/hugomailhot/MorphoLex-en,mixed open licences; see teaching_content_sources.csv,Automated candidate enrichment only; not approved teaching truth.,high,approved_for_first_exposure
specially_en_gb,3,/spˈɛʃəlˌi/,,primary-unstressed-unstressed,TRUE,{(special)}>ly>,MorphoLex-en exact candidate: {(special)}>ly>; POS=RB.,AI-assisted candidate metadata; verify British pronunciation and teaching relevance.,ai_assisted_draft,"British IPA, CMUdict and MorphoLex candidate enrichment",https://github.com/open-dict-data/ipa-dict; https://github.com/cmusphinx/cmudict; https://github.com/hugomailhot/MorphoLex-en,mixed open licences; see teaching_content_sources.csv,Automated candidate enrichment only; not approved teaching truth.,high,approved_for_first_exposure
transparent_en_gb,3,/tɹænspˈæɹənt/,,unstressed-primary-unstressed,TRUE,{<trans<(par)>ant>},MorphoLex-en exact candidate: {<trans<(par)>ant>}; POS=JJ.,AI-assisted candidate metadata; verify British pronunciation and teaching relevance.,ai_assisted_draft,"British IPA, CMUdict and MorphoLex candidate enrichment",https://github.com/open-dict-data/ipa-dict; https://github.com/cmusphinx/cmudict; https://github.com/hugomailhot/MorphoLex-en,mixed open licences; see teaching_content_sources.csv,Automated candidate enrichment only; not approved teaching truth.,high,approved_for_first_exposure
sail_en_gb,1,/sˈeɪl/,,primary,FALSE,{(sail)},MorphoLex-en exact candidate: {(sail)}; POS=NN|VB.,AI-assisted candidate metadata; verify British pronunciation and teaching relevance.,ai_assisted_draft,"British IPA, CMUdict and MorphoLex candidate enrichment",https://github.com/open-dict-data/ipa-dict; https://github.com/cmusphinx/cmudict; https://github.com/hugomailhot/MorphoLex-en,mixed open licences; see teaching_content_sources.csv,Automated candidate enrichment only; not approved teaching truth.,high,approved_for_first_exposure
kindly_en_gb,2,/kˈaɪndli/,,primary-unstressed,FALSE,{(kind)}>ly>,MorphoLex-en exact candidate: {(kind)}>ly>; POS=RB|JJ.,AI-assisted candidate metadata; verify British pronunciation and teaching relevance.,ai_assisted_draft,"British IPA, CMUdict and MorphoLex candidate enrichment",https://github.com/open-dict-data/ipa-dict; https://github.com/cmusphinx/cmudict; https://github.com/hugomailhot/MorphoLex-en,mixed open licences; see teaching_content_sources.csv,Automated candidate enrichment only; not approved teaching truth.,high,approved_for_first_exposure
considerably_en_gb,5,/kənsˈɪdəɹəbli/,,unstressed-primary-unstressed-unstressed-unstressed,TRUE,{(consider)}>able>>y>,MorphoLex-en exact candidate: {(consider)}>able>>y>; POS=RB.,AI-assisted candidate metadata; verify British pronunciation and teaching relevance.,ai_assisted_draft,"British IPA, CMUdict and MorphoLex candidate enrichment",https://github.com/open-dict-data/ipa-dict; https://github.com/cmusphinx/cmudict; https://github.com/hugomailhot/MorphoLex-en,mixed open licences; see teaching_content_sources.csv,Automated candidate enrichment only; not approved teaching truth.,high,approved_for_first_exposure
behave_en_gb,2,/bɪhˈeɪv/,,unstressed-primary,FALSE,{(behave)},MorphoLex-en exact candidate: {(behave)}; POS=VB.,AI-assisted candidate metadata; verify British pronunciation and teaching relevance.,ai_assisted_draft,"British IPA, CMUdict and MorphoLex candidate enrichment",https://github.com/open-dict-data/ipa-dict; https://github.com/cmusphinx/cmudict; https://github.com/hugomailhot/MorphoLex-en,mixed open licences; see teaching_content_sources.csv,Automated candidate enrichment only; not approved teaching truth.,high,approved_for_first_exposure
pause_en_gb,1,/pˈɔːz/,,primary,FALSE,{(pause)},MorphoLex-en exact candidate: {(pause)}; POS=NN|VB.,AI-assisted candidate metadata; verify British pronunciation and teaching relevance.,ai_assisted_draft,"British IPA, CMUdict and MorphoLex candidate enrichment",https://github.com/open-dict-data/ipa-dict; https://github.com/cmusphinx/cmudict; https://github.com/hugomailhot/MorphoLex-en,mixed open licences; see teaching_content_sources.csv,Automated candidate enrichment only; not approved teaching truth.,high,approved_for_first_exposure
re_elect_en_gb,3,/ˌriːɪˈlekt/,,secondary-unstressed-primary,FALSE,,No exact MorphoLex-en row; human morphology review required.,AI-assisted candidate metadata; verify British pronunciation and teaching relevance.,internal_authored,Katie Sanderson reviewed pronunciation supplement,/private/tmp/scarlett-pr10-canonical-readiness.00pmR8/docs/implementation/seed-data/teaching-dictionary/candidates/2026-07-22-next-1000-word-batch/review/reviewed-pronunciation-supplements.json,internal,"British IPA supplied by the content owner in the PR #10 import review. Syllable, stress and schwa fields are the structured representation of the supplied IPA.",high,approved_for_first_exposure
dancer_en_gb,2,/dˈɑːnsɐ/,,primary-unstressed,TRUE,{(dance)}>er>,MorphoLex-en exact candidate: {(dance)}>er>; POS=NN.,AI-assisted candidate metadata; verify British pronunciation and teaching relevance.,ai_assisted_draft,"British IPA, CMUdict and MorphoLex candidate enrichment",https://github.com/open-dict-data/ipa-dict; https://github.com/cmusphinx/cmudict; https://github.com/hugomailhot/MorphoLex-en,mixed open licences; see teaching_content_sources.csv,Automated candidate enrichment only; not approved teaching truth.,high,approved_for_first_exposure
injection_en_gb,3,/ɪndʒˈɛkʃən/,,secondary-primary-unstressed,TRUE,{<in<(ject)}>ion>,MorphoLex-en exact candidate: {<in<(ject)}>ion>; POS=NN.,AI-assisted candidate metadata; verify British pronunciation and teaching relevance.,ai_assisted_draft,"British IPA, CMUdict and MorphoLex candidate enrichment",https://github.com/open-dict-data/ipa-dict; https://github.com/cmusphinx/cmudict; https://github.com/hugomailhot/MorphoLex-en,mixed open licences; see teaching_content_sources.csv,Automated candidate enrichment only; not approved teaching truth.,high,approved_for_first_exposure
consistency_en_gb,4,/kənsˈɪstənsi/,,unstressed-primary-unstressed-unstressed,TRUE,{<co<(sist)>ancy>},MorphoLex-en exact candidate: {<co<(sist)>ancy>}; POS=NN.,AI-assisted candidate metadata; verify British pronunciation and teaching relevance.,ai_assisted_draft,"British IPA, CMUdict and MorphoLex candidate enrichment",https://github.com/open-dict-data/ipa-dict; https://github.com/cmusphinx/cmudict; https://github.com/hugomailhot/MorphoLex-en,mixed open licences; see teaching_content_sources.csv,Automated candidate enrichment only; not approved teaching truth.,high,approved_for_first_exposure
expectation_en_gb,4,/ɛkspɪktˈeɪʃən/,,secondary-unstressed-primary-unstressed,TRUE,{(expect)}>ion>,MorphoLex-en exact candidate: {(expect)}>ion>; POS=NN.,AI-assisted candidate metadata; verify British pronunciation and teaching relevance.,ai_assisted_draft,"British IPA, CMUdict and MorphoLex candidate enrichment",https://github.com/open-dict-data/ipa-dict; https://github.com/cmusphinx/cmudict; https://github.com/hugomailhot/MorphoLex-en,mixed open licences; see teaching_content_sources.csv,Automated candidate enrichment only; not approved teaching truth.,high,approved_for_first_exposure
sore_en_gb,1,/sˈɔː/,,primary,FALSE,{(sore)},MorphoLex-en exact candidate: {(sore)}; POS=JJ.,AI-assisted candidate metadata; verify British pronunciation and teaching relevance.,ai_assisted_draft,"British IPA, CMUdict and MorphoLex candidate enrichment",https://github.com/open-dict-data/ipa-dict; https://github.com/cmusphinx/cmudict; https://github.com/hugomailhot/MorphoLex-en,mixed open licences; see teaching_content_sources.csv,Automated candidate enrichment only; not approved teaching truth.,high,approved_for_first_exposure
straw_en_gb,1,/stɹˈɔː/,,primary,FALSE,{(straw)},MorphoLex-en exact candidate: {(straw)}; POS=NN.,AI-assisted candidate metadata; verify British pronunciation and teaching relevance.,ai_assisted_draft,"British IPA, CMUdict and MorphoLex candidate enrichment",https://github.com/open-dict-data/ipa-dict; https://github.com/cmusphinx/cmudict; https://github.com/hugomailhot/MorphoLex-en,mixed open licences; see teaching_content_sources.csv,Automated candidate enrichment only; not approved teaching truth.,high,approved_for_first_exposure
child_s_en_gb,1,/tʃaɪldz/,,primary,FALSE,{(child)},MorphoLex-en exact candidate: {(child)}; POS=encl.,AI-assisted candidate metadata; verify British pronunciation and teaching relevance.,ai_assisted_draft,"British IPA, CMUdict and MorphoLex candidate enrichment",https://github.com/open-dict-data/ipa-dict; https://github.com/cmusphinx/cmudict; https://github.com/hugomailhot/MorphoLex-en,mixed open licences; see teaching_content_sources.csv,Automated candidate enrichment only; not approved teaching truth.,high,approved_for_first_exposure
fossil_en_gb,2,/fˈɒsəl/,,primary-unstressed,TRUE,{(fossil)},MorphoLex-en exact candidate: {(fossil)}; POS=NN|JJ.,AI-assisted candidate metadata; verify British pronunciation and teaching relevance.,ai_assisted_draft,"British IPA, CMUdict and MorphoLex candidate enrichment",https://github.com/open-dict-data/ipa-dict; https://github.com/cmusphinx/cmudict; https://github.com/hugomailhot/MorphoLex-en,mixed open licences; see teaching_content_sources.csv,Automated candidate enrichment only; not approved teaching truth.,high,approved_for_first_exposure
freight_en_gb,1,/fɹˈeɪt/,,primary,FALSE,{(freight)},MorphoLex-en exact candidate: {(freight)}; POS=NN|JJ.,AI-assisted candidate metadata; verify British pronunciation and teaching relevance.,ai_assisted_draft,"British IPA, CMUdict and MorphoLex candidate enrichment",https://github.com/open-dict-data/ipa-dict; https://github.com/cmusphinx/cmudict; https://github.com/hugomailhot/MorphoLex-en,mixed open licences; see teaching_content_sources.csv,Automated candidate enrichment only; not approved teaching truth.,high,approved_for_first_exposure
slower_en_gb,2,/slˈəʊɐ/,,primary-unstressed,TRUE,{(slow)}>er>,MorphoLex-en exact candidate: {(slow)}>er>; POS=JJ|RB.,AI-assisted candidate metadata; verify British pronunciation and teaching relevance.,ai_assisted_draft,"British IPA, CMUdict and MorphoLex candidate enrichment",https://github.com/open-dict-data/ipa-dict; https://github.com/cmusphinx/cmudict; https://github.com/hugomailhot/MorphoLex-en,mixed open licences; see teaching_content_sources.csv,Automated candidate enrichment only; not approved teaching truth.,high,approved_for_first_exposure
bicycle_en_gb,3,/bˈaɪsɪkəl/,,primary-unstressed-unstressed,TRUE,{<bi<(cycle)},MorphoLex-en exact candidate: {<bi<(cycle)}; POS=NN.,AI-assisted candidate metadata; verify British pronunciation and teaching relevance.,ai_assisted_draft,"British IPA, CMUdict and MorphoLex candidate enrichment",https://github.com/open-dict-data/ipa-dict; https://github.com/cmusphinx/cmudict; https://github.com/hugomailhot/MorphoLex-en,mixed open licences; see teaching_content_sources.csv,Automated candidate enrichment only; not approved teaching truth.,high,approved_for_first_exposure
irrelevant_en_gb,4,/ɪɹˈɛlɪvənt/,,secondary-primary-unstressed-unstressed,TRUE,<im<{(relev)>ant>},MorphoLex-en exact candidate: <im<{(relev)>ant>}; POS=JJ.,AI-assisted candidate metadata; verify British pronunciation and teaching relevance.,ai_assisted_draft,"British IPA, CMUdict and MorphoLex candidate enrichment",https://github.com/open-dict-data/ipa-dict; https://github.com/cmusphinx/cmudict; https://github.com/hugomailhot/MorphoLex-en,mixed open licences; see teaching_content_sources.csv,Automated candidate enrichment only; not approved teaching truth.,high,approved_for_first_exposure
sensible_en_gb,3,/sˈɛnsəbəl/,,primary-unstressed-unstressed,TRUE,{(sense)}>able>,MorphoLex-en exact candidate: {(sense)}>able>; POS=JJ|NN.,AI-assisted candidate metadata; verify British pronunciation and teaching relevance.,ai_assisted_draft,"British IPA, CMUdict and MorphoLex candidate enrichment",https://github.com/open-dict-data/ipa-dict; https://github.com/cmusphinx/cmudict; https://github.com/hugomailhot/MorphoLex-en,mixed open licences; see teaching_content_sources.csv,Automated candidate enrichment only; not approved teaching truth.,high,approved_for_first_exposure
jaw_en_gb,1,/dʒˈɔː/,,primary,FALSE,{(jaw)},MorphoLex-en exact candidate: {(jaw)}; POS=NN|VB.,AI-assisted candidate metadata; verify British pronunciation and teaching relevance.,ai_assisted_draft,"British IPA, CMUdict and MorphoLex candidate enrichment",https://github.com/open-dict-data/ipa-dict; https://github.com/cmusphinx/cmudict; https://github.com/hugomailhot/MorphoLex-en,mixed open licences; see teaching_content_sources.csv,Automated candidate enrichment only; not approved teaching truth.,high,approved_for_first_exposure
whale_en_gb,1,/wˈeɪl/,,primary,FALSE,{(whale)},MorphoLex-en exact candidate: {(whale)}; POS=NN.,AI-assisted candidate metadata; verify British pronunciation and teaching relevance.,ai_assisted_draft,"British IPA, CMUdict and MorphoLex candidate enrichment",https://github.com/open-dict-data/ipa-dict; https://github.com/cmusphinx/cmudict; https://github.com/hugomailhot/MorphoLex-en,mixed open licences; see teaching_content_sources.csv,Automated candidate enrichment only; not approved teaching truth.,high,approved_for_first_exposure
colleague_en_gb,2,/kˈɒliːɡ/,,primary-unstressed,FALSE,{(colleague)},MorphoLex-en exact candidate: {(colleague)}; POS=NN.,AI-assisted candidate metadata; verify British pronunciation and teaching relevance.,ai_assisted_draft,"British IPA, CMUdict and MorphoLex candidate enrichment",https://github.com/open-dict-data/ipa-dict; https://github.com/cmusphinx/cmudict; https://github.com/hugomailhot/MorphoLex-en,mixed open licences; see teaching_content_sources.csv,Automated candidate enrichment only; not approved teaching truth.,high,approved_for_first_exposure
prophet_en_gb,2,/pɹˈɒfɪt/,,primary-unstressed,TRUE,{(prophet)},MorphoLex-en exact candidate: {(prophet)}; POS=NN.,AI-assisted candidate metadata; verify British pronunciation and teaching relevance.,ai_assisted_draft,"British IPA, CMUdict and MorphoLex candidate enrichment",https://github.com/open-dict-data/ipa-dict; https://github.com/cmusphinx/cmudict; https://github.com/hugomailhot/MorphoLex-en,mixed open licences; see teaching_content_sources.csv,Automated candidate enrichment only; not approved teaching truth.,high,approved_for_first_exposure
curiosity_en_gb,5,/kjˌʊɹɪˈɒsɪti/,,secondary-unstressed-primary-unstressed-unstressed,TRUE,{(curious)}>ity>,MorphoLex-en exact candidate: {(curious)}>ity>; POS=NN.,AI-assisted candidate metadata; verify British pronunciation and teaching relevance.,ai_assisted_draft,"British IPA, CMUdict and MorphoLex candidate enrichment",https://github.com/open-dict-data/ipa-dict; https://github.com/cmusphinx/cmudict; https://github.com/hugomailhot/MorphoLex-en,mixed open licences; see teaching_content_sources.csv,Automated candidate enrichment only; not approved teaching truth.,high,approved_for_first_exposure
bullying_en_gb,3,/bˈʊlɪɪŋ/,,primary-unstressed-unstressed,FALSE,{(bully)},MorphoLex-en exact candidate: {(bully)}; POS=VB.,AI-assisted candidate metadata; verify British pronunciation and teaching relevance.,ai_assisted_draft,"British IPA, CMUdict and MorphoLex candidate enrichment",https://github.com/open-dict-data/ipa-dict; https://github.com/cmusphinx/cmudict; https://github.com/hugomailhot/MorphoLex-en,mixed open licences; see teaching_content_sources.csv,Automated candidate enrichment only; not approved teaching truth.,high,approved_for_first_exposure
occurring_en_gb,3,/əkˈɜːɹɪŋ/,,unstressed-primary-unstressed,TRUE,{(occur)},MorphoLex-en exact candidate: {(occur)}; POS=VB|NN.,AI-assisted candidate metadata; verify British pronunciation and teaching relevance.,ai_assisted_draft,"British IPA, CMUdict and MorphoLex candidate enrichment",https://github.com/open-dict-data/ipa-dict; https://github.com/cmusphinx/cmudict; https://github.com/hugomailhot/MorphoLex-en,mixed open licences; see teaching_content_sources.csv,Automated candidate enrichment only; not approved teaching truth.,high,approved_for_first_exposure
berry_en_gb,2,/bˈɛɹi/,,primary-unstressed,FALSE,{(berry)},MorphoLex-en exact candidate: {(berry)}; POS=NN.,AI-assisted candidate metadata; verify British pronunciation and teaching relevance.,ai_assisted_draft,"British IPA, CMUdict and MorphoLex candidate enrichment",https://github.com/open-dict-data/ipa-dict; https://github.com/cmusphinx/cmudict; https://github.com/hugomailhot/MorphoLex-en,mixed open licences; see teaching_content_sources.csv,Automated candidate enrichment only; not approved teaching truth.,high,approved_for_first_exposure
thorough_en_gb,2,/θˈʌɹɐ/,,primary-unstressed,FALSE,{(thorough)},MorphoLex-en exact candidate: {(thorough)}; POS=JJ.,AI-assisted candidate metadata; verify British pronunciation and teaching relevance.,ai_assisted_draft,"British IPA, CMUdict and MorphoLex candidate enrichment",https://github.com/open-dict-data/ipa-dict; https://github.com/cmusphinx/cmudict; https://github.com/hugomailhot/MorphoLex-en,mixed open licences; see teaching_content_sources.csv,Automated candidate enrichment only; not approved teaching truth.,high,approved_for_first_exposure
compatible_en_gb,4,/kəmpˈætəbəl/,,unstressed-primary-unstressed-unstressed,TRUE,{(compatible)},MorphoLex-en exact candidate: {(compatible)}; POS=JJ.,AI-assisted candidate metadata; verify British pronunciation and teaching relevance.,ai_assisted_draft,"British IPA, CMUdict and MorphoLex candidate enrichment",https://github.com/open-dict-data/ipa-dict; https://github.com/cmusphinx/cmudict; https://github.com/hugomailhot/MorphoLex-en,mixed open licences; see teaching_content_sources.csv,Automated candidate enrichment only; not approved teaching truth.,high,approved_for_first_exposure
licence_en_gb,2,/lˈaɪsəns/,,primary-unstressed,TRUE,{(licence)},MorphoLex-en exact candidate: {(licence)}; POS=NN|VB.,AI-assisted candidate metadata; verify British pronunciation and teaching relevance.,ai_assisted_draft,"British IPA, CMUdict and MorphoLex candidate enrichment",https://github.com/open-dict-data/ipa-dict; https://github.com/cmusphinx/cmudict; https://github.com/hugomailhot/MorphoLex-en,mixed open licences; see teaching_content_sources.csv,Automated candidate enrichment only; not approved teaching truth.,high,approved_for_first_exposure
resign_en_gb,2,/rɪˈzaɪn/,,unstressed-primary,FALSE,{(resign)},MorphoLex-en exact candidate: {(resign)}; POS=VB.,AI-assisted candidate metadata; verify British pronunciation and teaching relevance.,ai_assisted_draft,"British IPA, CMUdict and MorphoLex candidate enrichment",https://github.com/open-dict-data/ipa-dict; https://github.com/cmusphinx/cmudict; https://github.com/hugomailhot/MorphoLex-en,mixed open licences; see teaching_content_sources.csv,Automated candidate enrichment only; not approved teaching truth.,high,approved_for_first_exposure
forbidden_en_gb,3,/fəbˈɪdən/,,primary-unstressed-unstressed,TRUE,{(forbid)}>en>,MorphoLex-en exact candidate: {(forbid)}>en>; POS=VB|JJ.,AI-assisted candidate metadata; verify British pronunciation and teaching relevance.,ai_assisted_draft,"British IPA, CMUdict and MorphoLex candidate enrichment",https://github.com/open-dict-data/ipa-dict; https://github.com/cmusphinx/cmudict; https://github.com/hugomailhot/MorphoLex-en,mixed open licences; see teaching_content_sources.csv,Automated candidate enrichment only; not approved teaching truth.,high,approved_for_first_exposure
skirt_en_gb,1,/skˈɜːt/,,primary,FALSE,{(skirt)},MorphoLex-en exact candidate: {(skirt)}; POS=NN|VB.,AI-assisted candidate metadata; verify British pronunciation and teaching relevance.,ai_assisted_draft,"British IPA, CMUdict and MorphoLex candidate enrichment",https://github.com/open-dict-data/ipa-dict; https://github.com/cmusphinx/cmudict; https://github.com/hugomailhot/MorphoLex-en,mixed open licences; see teaching_content_sources.csv,Automated candidate enrichment only; not approved teaching truth.,high,approved_for_first_exposure
stir_en_gb,1,/stˈɜː/,,primary,FALSE,{(stir)},MorphoLex-en exact candidate: {(stir)}; POS=VB|NN.,AI-assisted candidate metadata; verify British pronunciation and teaching relevance.,ai_assisted_draft,"British IPA, CMUdict and MorphoLex candidate enrichment",https://github.com/open-dict-data/ipa-dict; https://github.com/cmusphinx/cmudict; https://github.com/hugomailhot/MorphoLex-en,mixed open licences; see teaching_content_sources.csv,Automated candidate enrichment only; not approved teaching truth.,high,approved_for_first_exposure
girl_s_en_gb,1,/ɡɜːlz/,,primary,FALSE,{(girl)},MorphoLex-en exact candidate: {(girl)}; POS=encl.,AI-assisted candidate metadata; verify British pronunciation and teaching relevance.,ai_assisted_draft,"British IPA, CMUdict and MorphoLex candidate enrichment",https://github.com/open-dict-data/ipa-dict; https://github.com/cmusphinx/cmudict; https://github.com/hugomailhot/MorphoLex-en,mixed open licences; see teaching_content_sources.csv,Automated candidate enrichment only; not approved teaching truth.,high,approved_for_first_exposure
puzzle_en_gb,2,/pˈʌzəl/,,primary-unstressed,TRUE,{(puzzle)},MorphoLex-en exact candidate: {(puzzle)}; POS=NN|VB.,AI-assisted candidate metadata; verify British pronunciation and teaching relevance.,ai_assisted_draft,"British IPA, CMUdict and MorphoLex candidate enrichment",https://github.com/open-dict-data/ipa-dict; https://github.com/cmusphinx/cmudict; https://github.com/hugomailhot/MorphoLex-en,mixed open licences; see teaching_content_sources.csv,Automated candidate enrichment only; not approved teaching truth.,high,approved_for_first_exposure
wreck_en_gb,1,/ɹˈɛk/,,primary,FALSE,{(wreck)},MorphoLex-en exact candidate: {(wreck)}; POS=NN|VB.,AI-assisted candidate metadata; verify British pronunciation and teaching relevance.,ai_assisted_draft,"British IPA, CMUdict and MorphoLex candidate enrichment",https://github.com/open-dict-data/ipa-dict; https://github.com/cmusphinx/cmudict; https://github.com/hugomailhot/MorphoLex-en,mixed open licences; see teaching_content_sources.csv,Automated candidate enrichment only; not approved teaching truth.,high,approved_for_first_exposure
waist_en_gb,1,/wˈeɪst/,,primary,FALSE,{(waist)},MorphoLex-en exact candidate: {(waist)}; POS=NN.,AI-assisted candidate metadata; verify British pronunciation and teaching relevance.,ai_assisted_draft,"British IPA, CMUdict and MorphoLex candidate enrichment",https://github.com/open-dict-data/ipa-dict; https://github.com/cmusphinx/cmudict; https://github.com/hugomailhot/MorphoLex-en,mixed open licences; see teaching_content_sources.csv,Automated candidate enrichment only; not approved teaching truth.,high,approved_for_first_exposure
conscience_en_gb,2,/kˈɒnʃəns/,,primary-unstressed,TRUE,{(conscience)},MorphoLex-en exact candidate: {(conscience)}; POS=NN.,AI-assisted candidate metadata; verify British pronunciation and teaching relevance.,ai_assisted_draft,"British IPA, CMUdict and MorphoLex candidate enrichment",https://github.com/open-dict-data/ipa-dict; https://github.com/cmusphinx/cmudict; https://github.com/hugomailhot/MorphoLex-en,mixed open licences; see teaching_content_sources.csv,Automated candidate enrichment only; not approved teaching truth.,high,approved_for_first_exposure
collision_en_gb,3,/kəlˈɪʒən/,,unstressed-primary-unstressed,TRUE,{(collide)}>ion>,MorphoLex-en exact candidate: {(collide)}>ion>; POS=NN.,AI-assisted candidate metadata; verify British pronunciation and teaching relevance.,ai_assisted_draft,"British IPA, CMUdict and MorphoLex candidate enrichment",https://github.com/open-dict-data/ipa-dict; https://github.com/cmusphinx/cmudict; https://github.com/hugomailhot/MorphoLex-en,mixed open licences; see teaching_content_sources.csv,Automated candidate enrichment only; not approved teaching truth.,high,approved_for_first_exposure
correction_en_gb,3,/kəɹˈɛkʃən/,,unstressed-primary-unstressed,TRUE,{(correct)}>ion>,MorphoLex-en exact candidate: {(correct)}>ion>; POS=NN.,AI-assisted candidate metadata; verify British pronunciation and teaching relevance.,ai_assisted_draft,"British IPA, CMUdict and MorphoLex candidate enrichment",https://github.com/open-dict-data/ipa-dict; https://github.com/cmusphinx/cmudict; https://github.com/hugomailhot/MorphoLex-en,mixed open licences; see teaching_content_sources.csv,Automated candidate enrichment only; not approved teaching truth.,high,approved_for_first_exposure
dramatically_en_gb,4,/dɹəmˈætɪkli/,,unstressed-primary-unstressed-unstressed,TRUE,{(drama)}>ic>>ly>,MorphoLex-en exact candidate: {(drama)}>ic>>ly>; POS=RB.,AI-assisted candidate metadata; verify British pronunciation and teaching relevance.,ai_assisted_draft,"British IPA, CMUdict and MorphoLex candidate enrichment",https://github.com/open-dict-data/ipa-dict; https://github.com/cmusphinx/cmudict; https://github.com/hugomailhot/MorphoLex-en,mixed open licences; see teaching_content_sources.csv,Automated candidate enrichment only; not approved teaching truth.,high,approved_for_first_exposure
ambitious_en_gb,3,/æmbˈɪʃəs/,,unstressed-primary-unstressed,TRUE,{(ambit)>ious>},MorphoLex-en exact candidate: {(ambit)>ious>}; POS=JJ.,AI-assisted candidate metadata; verify British pronunciation and teaching relevance.,ai_assisted_draft,"British IPA, CMUdict and MorphoLex candidate enrichment",https://github.com/open-dict-data/ipa-dict; https://github.com/cmusphinx/cmudict; https://github.com/hugomailhot/MorphoLex-en,mixed open licences; see teaching_content_sources.csv,Automated candidate enrichment only; not approved teaching truth.,high,approved_for_first_exposure
pencil_en_gb,2,/pˈɛnsəl/,,primary-unstressed,TRUE,{(pencil)},MorphoLex-en exact candidate: {(pencil)}; POS=NN|VB.,AI-assisted candidate metadata; verify British pronunciation and teaching relevance.,ai_assisted_draft,"British IPA, CMUdict and MorphoLex candidate enrichment",https://github.com/open-dict-data/ipa-dict; https://github.com/cmusphinx/cmudict; https://github.com/hugomailhot/MorphoLex-en,mixed open licences; see teaching_content_sources.csv,Automated candidate enrichment only; not approved teaching truth.,high,approved_for_first_exposure
brake_en_gb,1,/bɹˈeɪk/,,primary,FALSE,{(brake)},MorphoLex-en exact candidate: {(brake)}; POS=NN|VB.,AI-assisted candidate metadata; verify British pronunciation and teaching relevance.,ai_assisted_draft,"British IPA, CMUdict and MorphoLex candidate enrichment",https://github.com/open-dict-data/ipa-dict; https://github.com/cmusphinx/cmudict; https://github.com/hugomailhot/MorphoLex-en,mixed open licences; see teaching_content_sources.csv,Automated candidate enrichment only; not approved teaching truth.,high,approved_for_first_exposure
limiting_en_gb,3,/lˈɪmɪtɪŋ/,,primary-unstressed-unstressed,TRUE,{(limit)},MorphoLex-en exact candidate: {(limit)}; POS=VB|NN|JJ.,AI-assisted candidate metadata; verify British pronunciation and teaching relevance.,ai_assisted_draft,"British IPA, CMUdict and MorphoLex candidate enrichment",https://github.com/open-dict-data/ipa-dict; https://github.com/cmusphinx/cmudict; https://github.com/hugomailhot/MorphoLex-en,mixed open licences; see teaching_content_sources.csv,Automated candidate enrichment only; not approved teaching truth.,high,approved_for_first_exposure
tense_en_gb,1,/tˈɛns/,,primary,FALSE,{(tense)},MorphoLex-en exact candidate: {(tense)}; POS=JJ|NN|VB.,AI-assisted candidate metadata; verify British pronunciation and teaching relevance.,ai_assisted_draft,"British IPA, CMUdict and MorphoLex candidate enrichment",https://github.com/open-dict-data/ipa-dict; https://github.com/cmusphinx/cmudict; https://github.com/hugomailhot/MorphoLex-en,mixed open licences; see teaching_content_sources.csv,Automated candidate enrichment only; not approved teaching truth.,high,approved_for_first_exposure
bargain_en_gb,2,/bˈɑːɡɪn/,,primary-unstressed,TRUE,{(bargain)},MorphoLex-en exact candidate: {(bargain)}; POS=NN|VB.,AI-assisted candidate metadata; verify British pronunciation and teaching relevance.,ai_assisted_draft,"British IPA, CMUdict and MorphoLex candidate enrichment",https://github.com/open-dict-data/ipa-dict; https://github.com/cmusphinx/cmudict; https://github.com/hugomailhot/MorphoLex-en,mixed open licences; see teaching_content_sources.csv,Automated candidate enrichment only; not approved teaching truth.,high,approved_for_first_exposure
elegant_en_gb,3,/ˈɛlɪɡənt/,,primary-unstressed-unstressed,TRUE,{(elegant)},MorphoLex-en exact candidate: {(elegant)}; POS=JJ.,AI-assisted candidate metadata; verify British pronunciation and teaching relevance.,ai_assisted_draft,"British IPA, CMUdict and MorphoLex candidate enrichment",https://github.com/open-dict-data/ipa-dict; https://github.com/cmusphinx/cmudict; https://github.com/hugomailhot/MorphoLex-en,mixed open licences; see teaching_content_sources.csv,Automated candidate enrichment only; not approved teaching truth.,high,approved_for_first_exposure
sovereign_en_gb,2,/sˈɒvəɹˌɪn/,,primary-unstressed,TRUE,{(sovereign)},MorphoLex-en exact candidate: {(sovereign)}; POS=JJ|NN.,AI-assisted candidate metadata; verify British pronunciation and teaching relevance.,ai_assisted_draft,"British IPA, CMUdict and MorphoLex candidate enrichment",https://github.com/open-dict-data/ipa-dict; https://github.com/cmusphinx/cmudict; https://github.com/hugomailhot/MorphoLex-en,mixed open licences; see teaching_content_sources.csv,Automated candidate enrichment only; not approved teaching truth.,high,approved_for_first_exposure
automobile_en_gb,4,/ˈɔːtəməbˌiəl/,,primary-unstressed-unstressed-secondary,TRUE,{<auto<(mobile)},MorphoLex-en exact candidate: {<auto<(mobile)}; POS=NN.,AI-assisted candidate metadata; verify British pronunciation and teaching relevance.,ai_assisted_draft,"British IPA, CMUdict and MorphoLex candidate enrichment",https://github.com/open-dict-data/ipa-dict; https://github.com/cmusphinx/cmudict; https://github.com/hugomailhot/MorphoLex-en,mixed open licences; see teaching_content_sources.csv,Automated candidate enrichment only; not approved teaching truth.,high,approved_for_first_exposure
supervision_en_gb,4,/suːpəvˈɪʒən/,,secondary-unstressed-primary-unstressed,TRUE,{<super<(vis)>ion>},MorphoLex-en exact candidate: {<super<(vis)>ion>}; POS=NN.,AI-assisted candidate metadata; verify British pronunciation and teaching relevance.,ai_assisted_draft,"British IPA, CMUdict and MorphoLex candidate enrichment",https://github.com/open-dict-data/ipa-dict; https://github.com/cmusphinx/cmudict; https://github.com/hugomailhot/MorphoLex-en,mixed open licences; see teaching_content_sources.csv,Automated candidate enrichment only; not approved teaching truth.,high,approved_for_first_exposure
towel_en_gb,2,/tˈaʊəl/,,primary-unstressed,TRUE,{(towel)},MorphoLex-en exact candidate: {(towel)}; POS=NN|VB.,AI-assisted candidate metadata; verify British pronunciation and teaching relevance.,ai_assisted_draft,"British IPA, CMUdict and MorphoLex candidate enrichment",https://github.com/open-dict-data/ipa-dict; https://github.com/cmusphinx/cmudict; https://github.com/hugomailhot/MorphoLex-en,mixed open licences; see teaching_content_sources.csv,Automated candidate enrichment only; not approved teaching truth.,high,approved_for_first_exposure
varies_en_gb,2,/vˈeəɹiz/,,primary-unstressed,FALSE,{(vary)},MorphoLex-en exact candidate: {(vary)}; POS=VB.,AI-assisted candidate metadata; verify British pronunciation and teaching relevance.,ai_assisted_draft,"British IPA, CMUdict and MorphoLex candidate enrichment",https://github.com/open-dict-data/ipa-dict; https://github.com/cmusphinx/cmudict; https://github.com/hugomailhot/MorphoLex-en,mixed open licences; see teaching_content_sources.csv,Automated candidate enrichment only; not approved teaching truth.,high,approved_for_first_exposure
fare_en_gb,1,/fˈeə/,,primary,FALSE,{(fare)},MorphoLex-en exact candidate: {(fare)}; POS=NN|VB.,AI-assisted candidate metadata; verify British pronunciation and teaching relevance.,ai_assisted_draft,"British IPA, CMUdict and MorphoLex candidate enrichment",https://github.com/open-dict-data/ipa-dict; https://github.com/cmusphinx/cmudict; https://github.com/hugomailhot/MorphoLex-en,mixed open licences; see teaching_content_sources.csv,Automated candidate enrichment only; not approved teaching truth.,high,approved_for_first_exposure
descent_en_gb,2,/dɪsˈɛnt/,,unstressed-primary,FALSE,{<de<(scent)},MorphoLex-en exact candidate: {<de<(scent)}; POS=NN.,AI-assisted candidate metadata; verify British pronunciation and teaching relevance.,ai_assisted_draft,"British IPA, CMUdict and MorphoLex candidate enrichment",https://github.com/open-dict-data/ipa-dict; https://github.com/cmusphinx/cmudict; https://github.com/hugomailhot/MorphoLex-en,mixed open licences; see teaching_content_sources.csv,Automated candidate enrichment only; not approved teaching truth.,high,approved_for_first_exposure
clown_en_gb,1,/klˈaʊn/,,primary,FALSE,{(clown)},MorphoLex-en exact candidate: {(clown)}; POS=NN.,AI-assisted candidate metadata; verify British pronunciation and teaching relevance.,ai_assisted_draft,"British IPA, CMUdict and MorphoLex candidate enrichment",https://github.com/open-dict-data/ipa-dict; https://github.com/cmusphinx/cmudict; https://github.com/hugomailhot/MorphoLex-en,mixed open licences; see teaching_content_sources.csv,Automated candidate enrichment only; not approved teaching truth.,high,approved_for_first_exposure
jar_en_gb,1,/dʒˈɑː/,,primary,FALSE,{(jar)},MorphoLex-en exact candidate: {(jar)}; POS=NN.,AI-assisted candidate metadata; verify British pronunciation and teaching relevance.,ai_assisted_draft,"British IPA, CMUdict and MorphoLex candidate enrichment",https://github.com/open-dict-data/ipa-dict; https://github.com/cmusphinx/cmudict; https://github.com/hugomailhot/MorphoLex-en,mixed open licences; see teaching_content_sources.csv,Automated candidate enrichment only; not approved teaching truth.,high,approved_for_first_exposure
begging_en_gb,2,/bˈɛɡɪŋ/,,primary-unstressed,FALSE,{(beg)},MorphoLex-en exact candidate: {(beg)}; POS=VB|NN.,AI-assisted candidate metadata; verify British pronunciation and teaching relevance.,ai_assisted_draft,"British IPA, CMUdict and MorphoLex candidate enrichment",https://github.com/open-dict-data/ipa-dict; https://github.com/cmusphinx/cmudict; https://github.com/hugomailhot/MorphoLex-en,mixed open licences; see teaching_content_sources.csv,Automated candidate enrichment only; not approved teaching truth.,high,approved_for_first_exposure
dodge_en_gb,1,/dˈɒdʒ/,,primary,FALSE,{(dodge)},MorphoLex-en exact candidate: {(dodge)}; POS=VB|NN.,AI-assisted candidate metadata; verify British pronunciation and teaching relevance.,ai_assisted_draft,"British IPA, CMUdict and MorphoLex candidate enrichment",https://github.com/open-dict-data/ipa-dict; https://github.com/cmusphinx/cmudict; https://github.com/hugomailhot/MorphoLex-en,mixed open licences; see teaching_content_sources.csv,Automated candidate enrichment only; not approved teaching truth.,high,approved_for_first_exposure
texture_en_gb,2,/tˈɛkstʃɐ/,,primary-unstressed,TRUE,{(texture)},MorphoLex-en exact candidate: {(texture)}; POS=NN|VB.,AI-assisted candidate metadata; verify British pronunciation and teaching relevance.,ai_assisted_draft,"British IPA, CMUdict and MorphoLex candidate enrichment",https://github.com/open-dict-data/ipa-dict; https://github.com/cmusphinx/cmudict; https://github.com/hugomailhot/MorphoLex-en,mixed open licences; see teaching_content_sources.csv,Automated candidate enrichment only; not approved teaching truth.,high,approved_for_first_exposure
translate_en_gb,2,/tɹænslˈeɪt/,,unstressed-primary,FALSE,{(translate)},MorphoLex-en exact candidate: {(translate)}; POS=VB.,AI-assisted candidate metadata; verify British pronunciation and teaching relevance.,ai_assisted_draft,"British IPA, CMUdict and MorphoLex candidate enrichment",https://github.com/open-dict-data/ipa-dict; https://github.com/cmusphinx/cmudict; https://github.com/hugomailhot/MorphoLex-en,mixed open licences; see teaching_content_sources.csv,Automated candidate enrichment only; not approved teaching truth.,high,approved_for_first_exposure
occupy_en_gb,3,/ˈɒkjʊpˌaɪ/,,primary-unstressed-secondary,TRUE,{(occupy)},MorphoLex-en exact candidate: {(occupy)}; POS=VB.,AI-assisted candidate metadata; verify British pronunciation and teaching relevance.,ai_assisted_draft,"British IPA, CMUdict and MorphoLex candidate enrichment",https://github.com/open-dict-data/ipa-dict; https://github.com/cmusphinx/cmudict; https://github.com/hugomailhot/MorphoLex-en,mixed open licences; see teaching_content_sources.csv,Automated candidate enrichment only; not approved teaching truth.,high,approved_for_first_exposure
pierce_en_gb,1,/pˈiəs/,,primary,FALSE,{(pierce)},MorphoLex-en exact candidate: {(pierce)}; POS=VB|NN.,AI-assisted candidate metadata; verify British pronunciation and teaching relevance.,ai_assisted_draft,"British IPA, CMUdict and MorphoLex candidate enrichment",https://github.com/open-dict-data/ipa-dict; https://github.com/cmusphinx/cmudict; https://github.com/hugomailhot/MorphoLex-en,mixed open licences; see teaching_content_sources.csv,Automated candidate enrichment only; not approved teaching truth.,high,approved_for_first_exposure
siege_en_gb,1,/sˈiːdʒ/,,primary,FALSE,{(siege)},MorphoLex-en exact candidate: {(siege)}; POS=NN.,AI-assisted candidate metadata; verify British pronunciation and teaching relevance.,ai_assisted_draft,"British IPA, CMUdict and MorphoLex candidate enrichment",https://github.com/open-dict-data/ipa-dict; https://github.com/cmusphinx/cmudict; https://github.com/hugomailhot/MorphoLex-en,mixed open licences; see teaching_content_sources.csv,Automated candidate enrichment only; not approved teaching truth.,high,approved_for_first_exposure
luckily_en_gb,3,/lˈʌkili/,,primary-unstressed-unstressed,TRUE,{(luck)}>y>>ly>,MorphoLex-en exact candidate: {(luck)}>y>>ly>; POS=RB.,AI-assisted candidate metadata; verify British pronunciation and teaching relevance.,ai_assisted_draft,"British IPA, CMUdict and MorphoLex candidate enrichment",https://github.com/open-dict-data/ipa-dict; https://github.com/cmusphinx/cmudict; https://github.com/hugomailhot/MorphoLex-en,mixed open licences; see teaching_content_sources.csv,Automated candidate enrichment only; not approved teaching truth.,high,approved_for_first_exposure
sculpture_en_gb,2,/skˈʌlptʃɐ/,,primary-unstressed,TRUE,{(sculpt)}>ure>,MorphoLex-en exact candidate: {(sculpt)}>ure>; POS=NN|VB.,AI-assisted candidate metadata; verify British pronunciation and teaching relevance.,ai_assisted_draft,"British IPA, CMUdict and MorphoLex candidate enrichment",https://github.com/open-dict-data/ipa-dict; https://github.com/cmusphinx/cmudict; https://github.com/hugomailhot/MorphoLex-en,mixed open licences; see teaching_content_sources.csv,Automated candidate enrichment only; not approved teaching truth.,high,approved_for_first_exposure
affection_en_gb,3,/ɐfˈɛkʃən/,,unstressed-primary-unstressed,TRUE,{<a<(fect)}>ion>,MorphoLex-en exact candidate: {<a<(fect)}>ion>; POS=NN.,AI-assisted candidate metadata; verify British pronunciation and teaching relevance.,ai_assisted_draft,"British IPA, CMUdict and MorphoLex candidate enrichment",https://github.com/open-dict-data/ipa-dict; https://github.com/cmusphinx/cmudict; https://github.com/hugomailhot/MorphoLex-en,mixed open licences; see teaching_content_sources.csv,Automated candidate enrichment only; not approved teaching truth.,high,approved_for_first_exposure
baking_en_gb,2,/bˈeɪkɪŋ/,,primary-unstressed,FALSE,{(bake)},MorphoLex-en exact candidate: {(bake)}; POS=NN|VB.,AI-assisted candidate metadata; verify British pronunciation and teaching relevance.,ai_assisted_draft,"British IPA, CMUdict and MorphoLex candidate enrichment",https://github.com/open-dict-data/ipa-dict; https://github.com/cmusphinx/cmudict; https://github.com/hugomailhot/MorphoLex-en,mixed open licences; see teaching_content_sources.csv,Automated candidate enrichment only; not approved teaching truth.,high,approved_for_first_exposure
leisure_en_gb,2,/lˈɛʒɐ/,,primary-unstressed,TRUE,{(leisure)},MorphoLex-en exact candidate: {(leisure)}; POS=NN.,AI-assisted candidate metadata; verify British pronunciation and teaching relevance.,ai_assisted_draft,"British IPA, CMUdict and MorphoLex candidate enrichment",https://github.com/open-dict-data/ipa-dict; https://github.com/cmusphinx/cmudict; https://github.com/hugomailhot/MorphoLex-en,mixed open licences; see teaching_content_sources.csv,Automated candidate enrichment only; not approved teaching truth.,high,approved_for_first_exposure
educate_en_gb,3,/ˈɛdʒuːkˌeɪt/,,primary-unstressed-secondary,TRUE,{(educate)},MorphoLex-en exact candidate: {(educate)}; POS=VB.,AI-assisted candidate metadata; verify British pronunciation and teaching relevance.,ai_assisted_draft,"British IPA, CMUdict and MorphoLex candidate enrichment",https://github.com/open-dict-data/ipa-dict; https://github.com/cmusphinx/cmudict; https://github.com/hugomailhot/MorphoLex-en,mixed open licences; see teaching_content_sources.csv,Automated candidate enrichment only; not approved teaching truth.,high,approved_for_first_exposure
forgetting_en_gb,3,/fəɡˈɛtɪŋ/,,unstressed-primary-unstressed,TRUE,{(forget)},MorphoLex-en exact candidate: {(forget)}; POS=VB.,AI-assisted candidate metadata; verify British pronunciation and teaching relevance.,ai_assisted_draft,"British IPA, CMUdict and MorphoLex candidate enrichment",https://github.com/open-dict-data/ipa-dict; https://github.com/cmusphinx/cmudict; https://github.com/hugomailhot/MorphoLex-en,mixed open licences; see teaching_content_sources.csv,Automated candidate enrichment only; not approved teaching truth.,high,approved_for_first_exposure
polite_en_gb,2,/pəlˈaɪt/,,unstressed-primary,TRUE,{(polite)},MorphoLex-en exact candidate: {(polite)}; POS=JJ.,AI-assisted candidate metadata; verify British pronunciation and teaching relevance.,ai_assisted_draft,"British IPA, CMUdict and MorphoLex candidate enrichment",https://github.com/open-dict-data/ipa-dict; https://github.com/cmusphinx/cmudict; https://github.com/hugomailhot/MorphoLex-en,mixed open licences; see teaching_content_sources.csv,Automated candidate enrichment only; not approved teaching truth.,high,approved_for_first_exposure
debris_en_gb,2,/dˈɛbɹiː/,,unstressed-primary,TRUE,{(debris)},MorphoLex-en exact candidate: {(debris)}; POS=NN.,AI-assisted candidate metadata; verify British pronunciation and teaching relevance.,ai_assisted_draft,"British IPA, CMUdict and MorphoLex candidate enrichment",https://github.com/open-dict-data/ipa-dict; https://github.com/cmusphinx/cmudict; https://github.com/hugomailhot/MorphoLex-en,mixed open licences; see teaching_content_sources.csv,Automated candidate enrichment only; not approved teaching truth.,high,approved_for_first_exposure
fierce_en_gb,1,/fˈiəs/,,primary,FALSE,{(fierce)},MorphoLex-en exact candidate: {(fierce)}; POS=JJ.,AI-assisted candidate metadata; verify British pronunciation and teaching relevance.,ai_assisted_draft,"British IPA, CMUdict and MorphoLex candidate enrichment",https://github.com/open-dict-data/ipa-dict; https://github.com/cmusphinx/cmudict; https://github.com/hugomailhot/MorphoLex-en,mixed open licences; see teaching_content_sources.csv,Automated candidate enrichment only; not approved teaching truth.,high,approved_for_first_exposure
receipt_en_gb,2,/ɹɪsˈiːt/,,unstressed-primary,FALSE,{(receipt)},MorphoLex-en exact candidate: {(receipt)}; POS=NN.,AI-assisted candidate metadata; verify British pronunciation and teaching relevance.,ai_assisted_draft,"British IPA, CMUdict and MorphoLex candidate enrichment",https://github.com/open-dict-data/ipa-dict; https://github.com/cmusphinx/cmudict; https://github.com/hugomailhot/MorphoLex-en,mixed open licences; see teaching_content_sources.csv,Automated candidate enrichment only; not approved teaching truth.,high,approved_for_first_exposure
recognise_en_gb,3,/ɹˈɛkəɡnˌaɪz/,,primary-unstressed-secondary,TRUE,,No exact MorphoLex-en row; human morphology review required.,AI-assisted candidate metadata; verify British pronunciation and teaching relevance.,ai_assisted_draft,"British IPA, CMUdict and MorphoLex candidate enrichment",https://github.com/open-dict-data/ipa-dict; https://github.com/cmusphinx/cmudict; https://github.com/hugomailhot/MorphoLex-en,mixed open licences; see teaching_content_sources.csv,Automated candidate enrichment only; not approved teaching truth.,high,approved_for_first_exposure
continually_en_gb,5,/kəntˈɪnjuːəli/,,unstressed-primary-unstressed-unstressed-unstressed,TRUE,{(continue)}>al>>ly>,MorphoLex-en exact candidate: {(continue)}>al>>ly>; POS=RB.,AI-assisted candidate metadata; verify British pronunciation and teaching relevance.,ai_assisted_draft,"British IPA, CMUdict and MorphoLex candidate enrichment",https://github.com/open-dict-data/ipa-dict; https://github.com/cmusphinx/cmudict; https://github.com/hugomailhot/MorphoLex-en,mixed open licences; see teaching_content_sources.csv,Automated candidate enrichment only; not approved teaching truth.,high,approved_for_first_exposure
terribly_en_gb,3,/tˈɛɹəbli/,,primary-unstressed-unstressed,TRUE,{(terr)>able>}>y>,MorphoLex-en exact candidate: {(terr)>able>}>y>; POS=RB.,AI-assisted candidate metadata; verify British pronunciation and teaching relevance.,ai_assisted_draft,"British IPA, CMUdict and MorphoLex candidate enrichment",https://github.com/open-dict-data/ipa-dict; https://github.com/cmusphinx/cmudict; https://github.com/hugomailhot/MorphoLex-en,mixed open licences; see teaching_content_sources.csv,Automated candidate enrichment only; not approved teaching truth.,high,approved_for_first_exposure
hay_en_gb,1,/hˈeɪ/,,primary,FALSE,{(hay)},MorphoLex-en exact candidate: {(hay)}; POS=NN.,AI-assisted candidate metadata; verify British pronunciation and teaching relevance.,ai_assisted_draft,"British IPA, CMUdict and MorphoLex candidate enrichment",https://github.com/open-dict-data/ipa-dict; https://github.com/cmusphinx/cmudict; https://github.com/hugomailhot/MorphoLex-en,mixed open licences; see teaching_content_sources.csv,Automated candidate enrichment only; not approved teaching truth.,high,approved_for_first_exposure
sack_en_gb,1,/sˈæk/,,primary,FALSE,{(sack)},MorphoLex-en exact candidate: {(sack)}; POS=NN|VB.,AI-assisted candidate metadata; verify British pronunciation and teaching relevance.,ai_assisted_draft,"British IPA, CMUdict and MorphoLex candidate enrichment",https://github.com/open-dict-data/ipa-dict; https://github.com/cmusphinx/cmudict; https://github.com/hugomailhot/MorphoLex-en,mixed open licences; see teaching_content_sources.csv,Automated candidate enrichment only; not approved teaching truth.,high,approved_for_first_exposure
stare_en_gb,1,/stˈeə/,,primary,FALSE,{(stare)},MorphoLex-en exact candidate: {(stare)}; POS=VB|NN.,AI-assisted candidate metadata; verify British pronunciation and teaching relevance.,ai_assisted_draft,"British IPA, CMUdict and MorphoLex candidate enrichment",https://github.com/open-dict-data/ipa-dict; https://github.com/cmusphinx/cmudict; https://github.com/hugomailhot/MorphoLex-en,mixed open licences; see teaching_content_sources.csv,Automated candidate enrichment only; not approved teaching truth.,high,approved_for_first_exposure
catalogue_en_gb,3,/kˈætɐlˌɒɡ/,,primary-unstressed-secondary,TRUE,{(catalogue)},MorphoLex-en exact candidate: {(catalogue)}; POS=NN.,AI-assisted candidate metadata; verify British pronunciation and teaching relevance.,ai_assisted_draft,"British IPA, CMUdict and MorphoLex candidate enrichment",https://github.com/open-dict-data/ipa-dict; https://github.com/cmusphinx/cmudict; https://github.com/hugomailhot/MorphoLex-en,mixed open licences; see teaching_content_sources.csv,Automated candidate enrichment only; not approved teaching truth.,high,approved_for_first_exposure
compliment_en_gb,3,/ˈkɒmplɪmənt/,,primary-unstressed-unstressed,TRUE,{(compliment)},MorphoLex-en exact candidate: {(compliment)}; POS=NN.,AI-assisted candidate metadata; verify British pronunciation and teaching relevance.,ai_assisted_draft,"British IPA, CMUdict and MorphoLex candidate enrichment",https://github.com/open-dict-data/ipa-dict; https://github.com/cmusphinx/cmudict; https://github.com/hugomailhot/MorphoLex-en,mixed open licences; see teaching_content_sources.csv,Automated candidate enrichment only; not approved teaching truth.,high,approved_for_first_exposure
rebuild_en_gb,2,/ɹɪbˈɪld/,,unstressed-primary,FALSE,<re<{(build)},MorphoLex-en exact candidate: <re<{(build)}; POS=VB.,AI-assisted candidate metadata; verify British pronunciation and teaching relevance.,ai_assisted_draft,"British IPA, CMUdict and MorphoLex candidate enrichment",https://github.com/open-dict-data/ipa-dict; https://github.com/cmusphinx/cmudict; https://github.com/hugomailhot/MorphoLex-en,mixed open licences; see teaching_content_sources.csv,Automated candidate enrichment only; not approved teaching truth.,high,approved_for_first_exposure
obsession_en_gb,3,/ɒbsˈɛʃən/,,unstressed-primary-unstressed,TRUE,{(obsess)}>ion>,MorphoLex-en exact candidate: {(obsess)}>ion>; POS=NN.,AI-assisted candidate metadata; verify British pronunciation and teaching relevance.,ai_assisted_draft,"British IPA, CMUdict and MorphoLex candidate enrichment",https://github.com/open-dict-data/ipa-dict; https://github.com/cmusphinx/cmudict; https://github.com/hugomailhot/MorphoLex-en,mixed open licences; see teaching_content_sources.csv,Automated candidate enrichment only; not approved teaching truth.,high,approved_for_first_exposure
progression_en_gb,3,/pɹəɡɹˈɛʃən/,,unstressed-primary-unstressed,TRUE,{<pro<(gress)}>ion>,MorphoLex-en exact candidate: {<pro<(gress)}>ion>; POS=NN.,AI-assisted candidate metadata; verify British pronunciation and teaching relevance.,ai_assisted_draft,"British IPA, CMUdict and MorphoLex candidate enrichment",https://github.com/open-dict-data/ipa-dict; https://github.com/cmusphinx/cmudict; https://github.com/hugomailhot/MorphoLex-en,mixed open licences; see teaching_content_sources.csv,Automated candidate enrichment only; not approved teaching truth.,high,approved_for_first_exposure
sensation_en_gb,3,/sɛnsˈeɪʃən/,,unstressed-primary-unstressed,TRUE,{(sense)}>ate>>ion>,MorphoLex-en exact candidate: {(sense)}>ate>>ion>; POS=NN.,AI-assisted candidate metadata; verify British pronunciation and teaching relevance.,ai_assisted_draft,"British IPA, CMUdict and MorphoLex candidate enrichment",https://github.com/open-dict-data/ipa-dict; https://github.com/cmusphinx/cmudict; https://github.com/hugomailhot/MorphoLex-en,mixed open licences; see teaching_content_sources.csv,Automated candidate enrichment only; not approved teaching truth.,high,approved_for_first_exposure
confidential_en_gb,4,/kˌɒnfɪdˈɛnʃəl/,,secondary-unstressed-primary-unstressed,TRUE,{(confide)}>ance>>al>,MorphoLex-en exact candidate: {(confide)}>ance>>al>; POS=JJ.,AI-assisted candidate metadata; verify British pronunciation and teaching relevance.,ai_assisted_draft,"British IPA, CMUdict and MorphoLex candidate enrichment",https://github.com/open-dict-data/ipa-dict; https://github.com/cmusphinx/cmudict; https://github.com/hugomailhot/MorphoLex-en,mixed open licences; see teaching_content_sources.csv,Automated candidate enrichment only; not approved teaching truth.,high,approved_for_first_exposure
transparency_en_gb,4,/tɹænspˈæɹənsi/,,unstressed-primary-unstressed-unstressed,TRUE,{<trans<(par)>ance>}>y>,MorphoLex-en exact candidate: {<trans<(par)>ance>}>y>; POS=NN.,AI-assisted candidate metadata; verify British pronunciation and teaching relevance.,ai_assisted_draft,"British IPA, CMUdict and MorphoLex candidate enrichment",https://github.com/open-dict-data/ipa-dict; https://github.com/cmusphinx/cmudict; https://github.com/hugomailhot/MorphoLex-en,mixed open licences; see teaching_content_sources.csv,Automated candidate enrichment only; not approved teaching truth.,high,approved_for_first_exposure
champagne_en_gb,2,/ʃæmpˈeɪn/,,unstressed-primary,FALSE,{(champagne)},MorphoLex-en exact candidate: {(champagne)}; POS=NN.,AI-assisted candidate metadata; verify British pronunciation and teaching relevance.,ai_assisted_draft,"British IPA, CMUdict and MorphoLex candidate enrichment",https://github.com/open-dict-data/ipa-dict; https://github.com/cmusphinx/cmudict; https://github.com/hugomailhot/MorphoLex-en,mixed open licences; see teaching_content_sources.csv,Automated candidate enrichment only; not approved teaching truth.,high,approved_for_first_exposure
drought_en_gb,1,/dɹˈaʊt/,,primary,FALSE,{(drought)},MorphoLex-en exact candidate: {(drought)}; POS=NN.,AI-assisted candidate metadata; verify British pronunciation and teaching relevance.,ai_assisted_draft,"British IPA, CMUdict and MorphoLex candidate enrichment",https://github.com/open-dict-data/ipa-dict; https://github.com/cmusphinx/cmudict; https://github.com/hugomailhot/MorphoLex-en,mixed open licences; see teaching_content_sources.csv,Automated candidate enrichment only; not approved teaching truth.,high,approved_for_first_exposure
sincerely_en_gb,3,/sɪnsˈiəli/,,unstressed-primary-unstressed,FALSE,{(sincere)}>ly>,MorphoLex-en exact candidate: {(sincere)}>ly>; POS=RB.,AI-assisted candidate metadata; verify British pronunciation and teaching relevance.,ai_assisted_draft,"British IPA, CMUdict and MorphoLex candidate enrichment",https://github.com/open-dict-data/ipa-dict; https://github.com/cmusphinx/cmudict; https://github.com/hugomailhot/MorphoLex-en,mixed open licences; see teaching_content_sources.csv,Automated candidate enrichment only; not approved teaching truth.,high,approved_for_first_exposure
fry_en_gb,1,/fɹˈaɪ/,,primary,FALSE,{(fry)},MorphoLex-en exact candidate: {(fry)}; POS=VB|NN.,AI-assisted candidate metadata; verify British pronunciation and teaching relevance.,ai_assisted_draft,"British IPA, CMUdict and MorphoLex candidate enrichment",https://github.com/open-dict-data/ipa-dict; https://github.com/cmusphinx/cmudict; https://github.com/hugomailhot/MorphoLex-en,mixed open licences; see teaching_content_sources.csv,Automated candidate enrichment only; not approved teaching truth.,high,approved_for_first_exposure
bury_en_gb,2,/bˈɛɹi/,,primary-unstressed,FALSE,{(bury)},MorphoLex-en exact candidate: {(bury)}; POS=VB|NN.,AI-assisted candidate metadata; verify British pronunciation and teaching relevance.,ai_assisted_draft,"British IPA, CMUdict and MorphoLex candidate enrichment",https://github.com/open-dict-data/ipa-dict; https://github.com/cmusphinx/cmudict; https://github.com/hugomailhot/MorphoLex-en,mixed open licences; see teaching_content_sources.csv,Automated candidate enrichment only; not approved teaching truth.,high,approved_for_first_exposure
mosque_en_gb,1,/mˈɒsk/,,primary,FALSE,{(mosque)},MorphoLex-en exact candidate: {(mosque)}; POS=NN.,AI-assisted candidate metadata; verify British pronunciation and teaching relevance.,ai_assisted_draft,"British IPA, CMUdict and MorphoLex candidate enrichment",https://github.com/open-dict-data/ipa-dict; https://github.com/cmusphinx/cmudict; https://github.com/hugomailhot/MorphoLex-en,mixed open licences; see teaching_content_sources.csv,Automated candidate enrichment only; not approved teaching truth.,high,approved_for_first_exposure
plague_en_gb,1,/plˈeɪɡ/,,primary,FALSE,{(plague)},MorphoLex-en exact candidate: {(plague)}; POS=NN|VB.,AI-assisted candidate metadata; verify British pronunciation and teaching relevance.,ai_assisted_draft,"British IPA, CMUdict and MorphoLex candidate enrichment",https://github.com/open-dict-data/ipa-dict; https://github.com/cmusphinx/cmudict; https://github.com/hugomailhot/MorphoLex-en,mixed open licences; see teaching_content_sources.csv,Automated candidate enrichment only; not approved teaching truth.,high,approved_for_first_exposure
rogue_en_gb,1,/ɹˈəʊɡ/,,primary,FALSE,{(rogue)},MorphoLex-en exact candidate: {(rogue)}; POS=JJ|NN.,AI-assisted candidate metadata; verify British pronunciation and teaching relevance.,ai_assisted_draft,"British IPA, CMUdict and MorphoLex candidate enrichment",https://github.com/open-dict-data/ipa-dict; https://github.com/cmusphinx/cmudict; https://github.com/hugomailhot/MorphoLex-en,mixed open licences; see teaching_content_sources.csv,Automated candidate enrichment only; not approved teaching truth.,high,approved_for_first_exposure
tomb_en_gb,1,/tˈuːm/,,primary,FALSE,{(tomb)},MorphoLex-en exact candidate: {(tomb)}; POS=NN.,AI-assisted candidate metadata; verify British pronunciation and teaching relevance.,ai_assisted_draft,"British IPA, CMUdict and MorphoLex candidate enrichment",https://github.com/open-dict-data/ipa-dict; https://github.com/cmusphinx/cmudict; https://github.com/hugomailhot/MorphoLex-en,mixed open licences; see teaching_content_sources.csv,Automated candidate enrichment only; not approved teaching truth.,high,approved_for_first_exposure
shiny_en_gb,2,/ʃˈaɪni/,,primary-unstressed,FALSE,{(shine)}>y>,MorphoLex-en exact candidate: {(shine)}>y>; POS=JJ.,AI-assisted candidate metadata; verify British pronunciation and teaching relevance.,ai_assisted_draft,"British IPA, CMUdict and MorphoLex candidate enrichment",https://github.com/open-dict-data/ipa-dict; https://github.com/cmusphinx/cmudict; https://github.com/hugomailhot/MorphoLex-en,mixed open licences; see teaching_content_sources.csv,Automated candidate enrichment only; not approved teaching truth.,high,approved_for_first_exposure
confession_en_gb,3,/kənfˈɛʃən/,,unstressed-primary-unstressed,TRUE,{(confess)}>ion>,MorphoLex-en exact candidate: {(confess)}>ion>; POS=NN.,AI-assisted candidate metadata; verify British pronunciation and teaching relevance.,ai_assisted_draft,"British IPA, CMUdict and MorphoLex candidate enrichment",https://github.com/open-dict-data/ipa-dict; https://github.com/cmusphinx/cmudict; https://github.com/hugomailhot/MorphoLex-en,mixed open licences; see teaching_content_sources.csv,Automated candidate enrichment only; not approved teaching truth.,high,approved_for_first_exposure
interfere_en_gb,3,/ˌɪntəfˈiə/,,secondary-unstressed-primary,TRUE,{<inter<(fere)},MorphoLex-en exact candidate: {<inter<(fere)}; POS=VB.,AI-assisted candidate metadata; verify British pronunciation and teaching relevance.,ai_assisted_draft,"British IPA, CMUdict and MorphoLex candidate enrichment",https://github.com/open-dict-data/ipa-dict; https://github.com/cmusphinx/cmudict; https://github.com/hugomailhot/MorphoLex-en,mixed open licences; see teaching_content_sources.csv,Automated candidate enrichment only; not approved teaching truth.,high,approved_for_first_exposure
haul_en_gb,1,/hˈɔːl/,,primary,FALSE,{(haul)},MorphoLex-en exact candidate: {(haul)}; POS=NN|VB.,AI-assisted candidate metadata; verify British pronunciation and teaching relevance.,ai_assisted_draft,"British IPA, CMUdict and MorphoLex candidate enrichment",https://github.com/open-dict-data/ipa-dict; https://github.com/cmusphinx/cmudict; https://github.com/hugomailhot/MorphoLex-en,mixed open licences; see teaching_content_sources.csv,Automated candidate enrichment only; not approved teaching truth.,high,approved_for_first_exposure
thief_en_gb,1,/θˈiːf/,,primary,FALSE,{(thief)},MorphoLex-en exact candidate: {(thief)}; POS=NN.,AI-assisted candidate metadata; verify British pronunciation and teaching relevance.,ai_assisted_draft,"British IPA, CMUdict and MorphoLex candidate enrichment",https://github.com/open-dict-data/ipa-dict; https://github.com/cmusphinx/cmudict; https://github.com/hugomailhot/MorphoLex-en,mixed open licences; see teaching_content_sources.csv,Automated candidate enrichment only; not approved teaching truth.,high,approved_for_first_exposure
robbed_en_gb,1,/ɹˈɒbd/,,primary,FALSE,{(rob)},MorphoLex-en exact candidate: {(rob)}; POS=VB.,AI-assisted candidate metadata; verify British pronunciation and teaching relevance.,ai_assisted_draft,"British IPA, CMUdict and MorphoLex candidate enrichment",https://github.com/open-dict-data/ipa-dict; https://github.com/cmusphinx/cmudict; https://github.com/hugomailhot/MorphoLex-en,mixed open licences; see teaching_content_sources.csv,Automated candidate enrichment only; not approved teaching truth.,high,approved_for_first_exposure
choir_en_gb,2,/kwˈaɪə/,,primary-unstressed,TRUE,{(choir)},MorphoLex-en exact candidate: {(choir)}; POS=NN.,AI-assisted candidate metadata; verify British pronunciation and teaching relevance.,ai_assisted_draft,"British IPA, CMUdict and MorphoLex candidate enrichment",https://github.com/open-dict-data/ipa-dict; https://github.com/cmusphinx/cmudict; https://github.com/hugomailhot/MorphoLex-en,mixed open licences; see teaching_content_sources.csv,Automated candidate enrichment only; not approved teaching truth.,high,approved_for_first_exposure
committing_en_gb,3,/kəmˈɪtɪŋ/,,unstressed-primary-unstressed,TRUE,{(commit)},MorphoLex-en exact candidate: {(commit)}; POS=VB.,AI-assisted candidate metadata; verify British pronunciation and teaching relevance.,ai_assisted_draft,"British IPA, CMUdict and MorphoLex candidate enrichment",https://github.com/open-dict-data/ipa-dict; https://github.com/cmusphinx/cmudict; https://github.com/hugomailhot/MorphoLex-en,mixed open licences; see teaching_content_sources.csv,Automated candidate enrichment only; not approved teaching truth.,high,approved_for_first_exposure
baron_en_gb,2,/bˈæɹən/,,primary-unstressed,TRUE,{(baron)},MorphoLex-en exact candidate: {(baron)}; POS=NN.,AI-assisted candidate metadata; verify British pronunciation and teaching relevance.,ai_assisted_draft,"British IPA, CMUdict and MorphoLex candidate enrichment",https://github.com/open-dict-data/ipa-dict; https://github.com/cmusphinx/cmudict; https://github.com/hugomailhot/MorphoLex-en,mixed open licences; see teaching_content_sources.csv,Automated candidate enrichment only; not approved teaching truth.,high,approved_for_first_exposure
whistle_en_gb,2,/wˈɪsəl/,,primary-unstressed,TRUE,{(whistle)},MorphoLex-en exact candidate: {(whistle)}; POS=NN.,AI-assisted candidate metadata; verify British pronunciation and teaching relevance.,ai_assisted_draft,"British IPA, CMUdict and MorphoLex candidate enrichment",https://github.com/open-dict-data/ipa-dict; https://github.com/cmusphinx/cmudict; https://github.com/hugomailhot/MorphoLex-en,mixed open licences; see teaching_content_sources.csv,Automated candidate enrichment only; not approved teaching truth.,high,approved_for_first_exposure
uncommon_en_gb,3,/ʌnkˈɒmən/,,unstressed-primary-unstressed,TRUE,<un<{(common)},MorphoLex-en exact candidate: <un<{(common)}; POS=JJ.,AI-assisted candidate metadata; verify British pronunciation and teaching relevance.,ai_assisted_draft,"British IPA, CMUdict and MorphoLex candidate enrichment",https://github.com/open-dict-data/ipa-dict; https://github.com/cmusphinx/cmudict; https://github.com/hugomailhot/MorphoLex-en,mixed open licences; see teaching_content_sources.csv,Automated candidate enrichment only; not approved teaching truth.,high,approved_for_first_exposure
dominate_en_gb,3,/dˈɒmɪnˌeɪt/,,primary-unstressed-secondary,TRUE,{(domin)>ate>},MorphoLex-en exact candidate: {(domin)>ate>}; POS=VB.,AI-assisted candidate metadata; verify British pronunciation and teaching relevance.,ai_assisted_draft,"British IPA, CMUdict and MorphoLex candidate enrichment",https://github.com/open-dict-data/ipa-dict; https://github.com/cmusphinx/cmudict; https://github.com/hugomailhot/MorphoLex-en,mixed open licences; see teaching_content_sources.csv,Automated candidate enrichment only; not approved teaching truth.,high,approved_for_first_exposure
bully_en_gb,2,/bˈʊli/,,primary-unstressed,FALSE,{(bully)},MorphoLex-en exact candidate: {(bully)}; POS=NN|VB.,AI-assisted candidate metadata; verify British pronunciation and teaching relevance.,ai_assisted_draft,"British IPA, CMUdict and MorphoLex candidate enrichment",https://github.com/open-dict-data/ipa-dict; https://github.com/cmusphinx/cmudict; https://github.com/hugomailhot/MorphoLex-en,mixed open licences; see teaching_content_sources.csv,Automated candidate enrichment only; not approved teaching truth.,high,approved_for_first_exposure
hiking_en_gb,2,/hˈaɪkɪŋ/,,primary-unstressed,FALSE,{(hike)},MorphoLex-en exact candidate: {(hike)}; POS=VB|NN.,AI-assisted candidate metadata; verify British pronunciation and teaching relevance.,ai_assisted_draft,"British IPA, CMUdict and MorphoLex candidate enrichment",https://github.com/open-dict-data/ipa-dict; https://github.com/cmusphinx/cmudict; https://github.com/hugomailhot/MorphoLex-en,mixed open licences; see teaching_content_sources.csv,Automated candidate enrichment only; not approved teaching truth.,high,approved_for_first_exposure
swallow_en_gb,2,/swˈɒləʊ/,,primary-unstressed,FALSE,{(swallow)},MorphoLex-en exact candidate: {(swallow)}; POS=VB|NN.,AI-assisted candidate metadata; verify British pronunciation and teaching relevance.,ai_assisted_draft,"British IPA, CMUdict and MorphoLex candidate enrichment",https://github.com/open-dict-data/ipa-dict; https://github.com/cmusphinx/cmudict; https://github.com/hugomailhot/MorphoLex-en,mixed open licences; see teaching_content_sources.csv,Automated candidate enrichment only; not approved teaching truth.,high,approved_for_first_exposure
marshal_en_gb,2,/mˈɑːʃəl/,,primary-unstressed,TRUE,{(marshall)},MorphoLex-en exact candidate: {(marshall)}; POS=NN|VB.,AI-assisted candidate metadata; verify British pronunciation and teaching relevance.,ai_assisted_draft,"British IPA, CMUdict and MorphoLex candidate enrichment",https://github.com/open-dict-data/ipa-dict; https://github.com/cmusphinx/cmudict; https://github.com/hugomailhot/MorphoLex-en,mixed open licences; see teaching_content_sources.csv,Automated candidate enrichment only; not approved teaching truth.,high,approved_for_first_exposure
referee_en_gb,3,/ɹˌɛfəɹˈiː/,,secondary-unstressed-primary,TRUE,{(refer)}>ee>,MorphoLex-en exact candidate: {(refer)}>ee>; POS=NN.,AI-assisted candidate metadata; verify British pronunciation and teaching relevance.,ai_assisted_draft,"British IPA, CMUdict and MorphoLex candidate enrichment",https://github.com/open-dict-data/ipa-dict; https://github.com/cmusphinx/cmudict; https://github.com/hugomailhot/MorphoLex-en,mixed open licences; see teaching_content_sources.csv,Automated candidate enrichment only; not approved teaching truth.,high,approved_for_first_exposure
surf_en_gb,1,/sˈɜːf/,,primary,FALSE,{(surf)},MorphoLex-en exact candidate: {(surf)}; POS=NN|VB.,AI-assisted candidate metadata; verify British pronunciation and teaching relevance.,ai_assisted_draft,"British IPA, CMUdict and MorphoLex candidate enrichment",https://github.com/open-dict-data/ipa-dict; https://github.com/cmusphinx/cmudict; https://github.com/hugomailhot/MorphoLex-en,mixed open licences; see teaching_content_sources.csv,Automated candidate enrichment only; not approved teaching truth.,high,approved_for_first_exposure
monkeys_en_gb,2,/mˈʌnkɪz/,,primary-unstressed,FALSE,{(monkey)},MorphoLex-en exact candidate: {(monkey)}; POS=NN|VB.,AI-assisted candidate metadata; verify British pronunciation and teaching relevance.,ai_assisted_draft,"British IPA, CMUdict and MorphoLex candidate enrichment",https://github.com/open-dict-data/ipa-dict; https://github.com/cmusphinx/cmudict; https://github.com/hugomailhot/MorphoLex-en,mixed open licences; see teaching_content_sources.csv,Automated candidate enrichment only; not approved teaching truth.,high,approved_for_first_exposure
dough_en_gb,1,/dˈəʊ/,,primary,FALSE,{(dough)},MorphoLex-en exact candidate: {(dough)}; POS=NN.,AI-assisted candidate metadata; verify British pronunciation and teaching relevance.,ai_assisted_draft,"British IPA, CMUdict and MorphoLex candidate enrichment",https://github.com/open-dict-data/ipa-dict; https://github.com/cmusphinx/cmudict; https://github.com/hugomailhot/MorphoLex-en,mixed open licences; see teaching_content_sources.csv,Automated candidate enrichment only; not approved teaching truth.,high,approved_for_first_exposure
heavier_en_gb,3,/hˈɛviɐ/,,primary-unstressed-unstressed,TRUE,{(heavy)}>er>,MorphoLex-en exact candidate: {(heavy)}>er>; POS=JJ.,AI-assisted candidate metadata; verify British pronunciation and teaching relevance.,ai_assisted_draft,"British IPA, CMUdict and MorphoLex candidate enrichment",https://github.com/open-dict-data/ipa-dict; https://github.com/cmusphinx/cmudict; https://github.com/hugomailhot/MorphoLex-en,mixed open licences; see teaching_content_sources.csv,Automated candidate enrichment only; not approved teaching truth.,high,approved_for_first_exposure
incomplete_en_gb,3,/ɪnkəmplˈiːt/,,secondary-unstressed-primary,TRUE,<im<{(complete)},MorphoLex-en exact candidate: <im<{(complete)}; POS=JJ.,AI-assisted candidate metadata; verify British pronunciation and teaching relevance.,ai_assisted_draft,"British IPA, CMUdict and MorphoLex candidate enrichment",https://github.com/open-dict-data/ipa-dict; https://github.com/cmusphinx/cmudict; https://github.com/hugomailhot/MorphoLex-en,mixed open licences; see teaching_content_sources.csv,Automated candidate enrichment only; not approved teaching truth.,high,approved_for_first_exposure
desirable_en_gb,4,/dɪzˈaɪəɹəbəl/,,unstressed-primary-unstressed-unstressed,TRUE,{(desire)}>able>,MorphoLex-en exact candidate: {(desire)}>able>; POS=JJ.,AI-assisted candidate metadata; verify British pronunciation and teaching relevance.,ai_assisted_draft,"British IPA, CMUdict and MorphoLex candidate enrichment",https://github.com/open-dict-data/ipa-dict; https://github.com/cmusphinx/cmudict; https://github.com/hugomailhot/MorphoLex-en,mixed open licences; see teaching_content_sources.csv,Automated candidate enrichment only; not approved teaching truth.,high,approved_for_first_exposure
farther_en_gb,2,/fˈɑːðɐ/,,primary-unstressed,TRUE,{(farther)},MorphoLex-en exact candidate: {(farther)}; POS=RB.,AI-assisted candidate metadata; verify British pronunciation and teaching relevance.,ai_assisted_draft,"British IPA, CMUdict and MorphoLex candidate enrichment",https://github.com/open-dict-data/ipa-dict; https://github.com/cmusphinx/cmudict; https://github.com/hugomailhot/MorphoLex-en,mixed open licences; see teaching_content_sources.csv,Automated candidate enrichment only; not approved teaching truth.,high,approved_for_first_exposure
tolerate_en_gb,3,/tˈɒləɹˌeɪt/,,primary-unstressed-secondary,TRUE,{(toler)>ate>},MorphoLex-en exact candidate: {(toler)>ate>}; POS=VB.,AI-assisted candidate metadata; verify British pronunciation and teaching relevance.,ai_assisted_draft,"British IPA, CMUdict and MorphoLex candidate enrichment",https://github.com/open-dict-data/ipa-dict; https://github.com/cmusphinx/cmudict; https://github.com/hugomailhot/MorphoLex-en,mixed open licences; see teaching_content_sources.csv,Automated candidate enrichment only; not approved teaching truth.,high,approved_for_first_exposure
swan_en_gb,1,/swˈɒn/,,primary,FALSE,{(swan)},MorphoLex-en exact candidate: {(swan)}; POS=NN|VB.,AI-assisted candidate metadata; verify British pronunciation and teaching relevance.,ai_assisted_draft,"British IPA, CMUdict and MorphoLex candidate enrichment",https://github.com/open-dict-data/ipa-dict; https://github.com/cmusphinx/cmudict; https://github.com/hugomailhot/MorphoLex-en,mixed open licences; see teaching_content_sources.csv,Automated candidate enrichment only; not approved teaching truth.,high,approved_for_first_exposure
heel_en_gb,1,/hˈiːl/,,primary,FALSE,{(heel)},MorphoLex-en exact candidate: {(heel)}; POS=NN.,AI-assisted candidate metadata; verify British pronunciation and teaching relevance.,ai_assisted_draft,"British IPA, CMUdict and MorphoLex candidate enrichment",https://github.com/open-dict-data/ipa-dict; https://github.com/cmusphinx/cmudict; https://github.com/hugomailhot/MorphoLex-en,mixed open licences; see teaching_content_sources.csv,Automated candidate enrichment only; not approved teaching truth.,high,approved_for_first_exposure
sincere_en_gb,2,/sɪnsˈiə/,,unstressed-primary,FALSE,{(sincere)},MorphoLex-en exact candidate: {(sincere)}; POS=JJ.,AI-assisted candidate metadata; verify British pronunciation and teaching relevance.,ai_assisted_draft,"British IPA, CMUdict and MorphoLex candidate enrichment",https://github.com/open-dict-data/ipa-dict; https://github.com/cmusphinx/cmudict; https://github.com/hugomailhot/MorphoLex-en,mixed open licences; see teaching_content_sources.csv,Automated candidate enrichment only; not approved teaching truth.,high,approved_for_first_exposure
slaughter_en_gb,2,/slˈɔːtɐ/,,primary-unstressed,TRUE,{(slaughter)},MorphoLex-en exact candidate: {(slaughter)}; POS=NN|VB.,AI-assisted candidate metadata; verify British pronunciation and teaching relevance.,ai_assisted_draft,"British IPA, CMUdict and MorphoLex candidate enrichment",https://github.com/open-dict-data/ipa-dict; https://github.com/cmusphinx/cmudict; https://github.com/hugomailhot/MorphoLex-en,mixed open licences; see teaching_content_sources.csv,Automated candidate enrichment only; not approved teaching truth.,high,approved_for_first_exposure
superstar_en_gb,3,/sˈuːpəstˌɑː/,,secondary-unstressed-primary,TRUE,<super<{(star)},MorphoLex-en exact candidate: <super<{(star)}; POS=NN.,AI-assisted candidate metadata; verify British pronunciation and teaching relevance.,ai_assisted_draft,"British IPA, CMUdict and MorphoLex candidate enrichment",https://github.com/open-dict-data/ipa-dict; https://github.com/cmusphinx/cmudict; https://github.com/hugomailhot/MorphoLex-en,mixed open licences; see teaching_content_sources.csv,Automated candidate enrichment only; not approved teaching truth.,high,approved_for_first_exposure
wholly_en_gb,2,/hˈəʊli/,,primary-unstressed,FALSE,{(whole)}>ly>,MorphoLex-en exact candidate: {(whole)}>ly>; POS=RB.,AI-assisted candidate metadata; verify British pronunciation and teaching relevance.,ai_assisted_draft,"British IPA, CMUdict and MorphoLex candidate enrichment",https://github.com/open-dict-data/ipa-dict; https://github.com/cmusphinx/cmudict; https://github.com/hugomailhot/MorphoLex-en,mixed open licences; see teaching_content_sources.csv,Automated candidate enrichment only; not approved teaching truth.,high,approved_for_first_exposure
dominance_en_gb,3,/dˈɒmɪnəns/,,primary-unstressed-unstressed,TRUE,{(domin)>ance>},MorphoLex-en exact candidate: {(domin)>ance>}; POS=NN.,AI-assisted candidate metadata; verify British pronunciation and teaching relevance.,ai_assisted_draft,"British IPA, CMUdict and MorphoLex candidate enrichment",https://github.com/open-dict-data/ipa-dict; https://github.com/cmusphinx/cmudict; https://github.com/hugomailhot/MorphoLex-en,mixed open licences; see teaching_content_sources.csv,Automated candidate enrichment only; not approved teaching truth.,high,approved_for_first_exposure
innocence_en_gb,3,/ˈɪnəsəns/,,primary-unstressed-unstressed,TRUE,{(innoc)>ance>},MorphoLex-en exact candidate: {(innoc)>ance>}; POS=NN.,AI-assisted candidate metadata; verify British pronunciation and teaching relevance.,ai_assisted_draft,"British IPA, CMUdict and MorphoLex candidate enrichment",https://github.com/open-dict-data/ipa-dict; https://github.com/cmusphinx/cmudict; https://github.com/hugomailhot/MorphoLex-en,mixed open licences; see teaching_content_sources.csv,Automated candidate enrichment only; not approved teaching truth.,high,approved_for_first_exposure
thoughtful_en_gb,2,/θˈɔːtfəl/,,primary-unstressed,TRUE,{(thought)}>ful>,MorphoLex-en exact candidate: {(thought)}>ful>; POS=JJ.,AI-assisted candidate metadata; verify British pronunciation and teaching relevance.,ai_assisted_draft,"British IPA, CMUdict and MorphoLex candidate enrichment",https://github.com/open-dict-data/ipa-dict; https://github.com/cmusphinx/cmudict; https://github.com/hugomailhot/MorphoLex-en,mixed open licences; see teaching_content_sources.csv,Automated candidate enrichment only; not approved teaching truth.,high,approved_for_first_exposure
merry_en_gb,2,/mˈɛɹi/,,primary-unstressed,FALSE,{(merry)},MorphoLex-en exact candidate: {(merry)}; POS=JJ|NN.,AI-assisted candidate metadata; verify British pronunciation and teaching relevance.,ai_assisted_draft,"British IPA, CMUdict and MorphoLex candidate enrichment",https://github.com/open-dict-data/ipa-dict; https://github.com/cmusphinx/cmudict; https://github.com/hugomailhot/MorphoLex-en,mixed open licences; see teaching_content_sources.csv,Automated candidate enrichment only; not approved teaching truth.,high,approved_for_first_exposure
naughty_en_gb,2,/nˈɔːti/,,primary-unstressed,FALSE,{(naughty)},MorphoLex-en exact candidate: {(naughty)}; POS=JJ.,AI-assisted candidate metadata; verify British pronunciation and teaching relevance.,ai_assisted_draft,"British IPA, CMUdict and MorphoLex candidate enrichment",https://github.com/open-dict-data/ipa-dict; https://github.com/cmusphinx/cmudict; https://github.com/hugomailhot/MorphoLex-en,mixed open licences; see teaching_content_sources.csv,Automated candidate enrichment only; not approved teaching truth.,high,approved_for_first_exposure
obey_en_gb,2,/əʊbˈeɪ/,,unstressed-primary,FALSE,{(obey)},MorphoLex-en exact candidate: {(obey)}; POS=VB.,AI-assisted candidate metadata; verify British pronunciation and teaching relevance.,ai_assisted_draft,"British IPA, CMUdict and MorphoLex candidate enrichment",https://github.com/open-dict-data/ipa-dict; https://github.com/cmusphinx/cmudict; https://github.com/hugomailhot/MorphoLex-en,mixed open licences; see teaching_content_sources.csv,Automated candidate enrichment only; not approved teaching truth.,high,approved_for_first_exposure
convey_en_gb,2,/kənvˈeɪ/,,unstressed-primary,TRUE,{(convey)},MorphoLex-en exact candidate: {(convey)}; POS=VB.,AI-assisted candidate metadata; verify British pronunciation and teaching relevance.,ai_assisted_draft,"British IPA, CMUdict and MorphoLex candidate enrichment",https://github.com/open-dict-data/ipa-dict; https://github.com/cmusphinx/cmudict; https://github.com/hugomailhot/MorphoLex-en,mixed open licences; see teaching_content_sources.csv,Automated candidate enrichment only; not approved teaching truth.,high,approved_for_first_exposure
humour_en_gb,2,/hjˈuːmɐ/,,primary-unstressed,TRUE,{(humor)},MorphoLex-en exact candidate: {(humor)}; POS=NN|VB.,AI-assisted candidate metadata; verify British pronunciation and teaching relevance.,ai_assisted_draft,"British IPA, CMUdict and MorphoLex candidate enrichment",https://github.com/open-dict-data/ipa-dict; https://github.com/cmusphinx/cmudict; https://github.com/hugomailhot/MorphoLex-en,mixed open licences; see teaching_content_sources.csv,Automated candidate enrichment only; not approved teaching truth.,high,approved_for_first_exposure
borough_en_gb,2,/bˈʌɹɐ/,,primary-secondary,FALSE,{(borough)},MorphoLex-en exact candidate: {(borough)}; POS=NN.,AI-assisted candidate metadata; verify British pronunciation and teaching relevance.,ai_assisted_draft,"British IPA, CMUdict and MorphoLex candidate enrichment",https://github.com/open-dict-data/ipa-dict; https://github.com/cmusphinx/cmudict; https://github.com/hugomailhot/MorphoLex-en,mixed open licences; see teaching_content_sources.csv,Automated candidate enrichment only; not approved teaching truth.,high,approved_for_first_exposure
dessert_en_gb,2,/dɪzˈɜːt/,,unstressed-primary,FALSE,{(dessert)},MorphoLex-en exact candidate: {(dessert)}; POS=NN.,AI-assisted candidate metadata; verify British pronunciation and teaching relevance.,ai_assisted_draft,"British IPA, CMUdict and MorphoLex candidate enrichment",https://github.com/open-dict-data/ipa-dict; https://github.com/cmusphinx/cmudict; https://github.com/hugomailhot/MorphoLex-en,mixed open licences; see teaching_content_sources.csv,Automated candidate enrichment only; not approved teaching truth.,high,approved_for_first_exposure
isle_en_gb,1,/ˈaɪəl/,,primary,FALSE,{(isle)},MorphoLex-en exact candidate: {(isle)}; POS=NN.,AI-assisted candidate metadata; verify British pronunciation and teaching relevance.,ai_assisted_draft,"British IPA, CMUdict and MorphoLex candidate enrichment",https://github.com/open-dict-data/ipa-dict; https://github.com/cmusphinx/cmudict; https://github.com/hugomailhot/MorphoLex-en,mixed open licences; see teaching_content_sources.csv,Automated candidate enrichment only; not approved teaching truth.,high,approved_for_first_exposure
vicious_en_gb,2,/vˈɪʃəs/,,primary-unstressed,TRUE,{(vicious)},MorphoLex-en exact candidate: {(vicious)}; POS=JJ|NN.,AI-assisted candidate metadata; verify British pronunciation and teaching relevance.,ai_assisted_draft,"British IPA, CMUdict and MorphoLex candidate enrichment",https://github.com/open-dict-data/ipa-dict; https://github.com/cmusphinx/cmudict; https://github.com/hugomailhot/MorphoLex-en,mixed open licences; see teaching_content_sources.csv,Automated candidate enrichment only; not approved teaching truth.,high,approved_for_first_exposure
breakthrough_en_gb,2,/bɹˈeɪkθɹuː/,,primary-secondary,FALSE,{(break)}{(through)},MorphoLex-en exact candidate: {(break)}{(through)}; POS=NN.,AI-assisted candidate metadata; verify British pronunciation and teaching relevance.,ai_assisted_draft,"British IPA, CMUdict and MorphoLex candidate enrichment",https://github.com/open-dict-data/ipa-dict; https://github.com/cmusphinx/cmudict; https://github.com/hugomailhot/MorphoLex-en,mixed open licences; see teaching_content_sources.csv,Automated candidate enrichment only; not approved teaching truth.,high,approved_for_first_exposure
louder_en_gb,2,/lˈaʊdɐ/,,primary-unstressed,TRUE,{(loud)}>er>,MorphoLex-en exact candidate: {(loud)}>er>; POS=JJ|RB.,AI-assisted candidate metadata; verify British pronunciation and teaching relevance.,ai_assisted_draft,"British IPA, CMUdict and MorphoLex candidate enrichment",https://github.com/open-dict-data/ipa-dict; https://github.com/cmusphinx/cmudict; https://github.com/hugomailhot/MorphoLex-en,mixed open licences; see teaching_content_sources.csv,Automated candidate enrichment only; not approved teaching truth.,high,approved_for_first_exposure
vocabulary_en_gb,5,/vəʊkˈæbjʊləɹi/,,unstressed-primary-unstressed-secondary-unstressed,TRUE,{(voc)>abulary>},MorphoLex-en exact candidate: {(voc)>abulary>}; POS=NN.,AI-assisted candidate metadata; verify British pronunciation and teaching relevance.,ai_assisted_draft,"British IPA, CMUdict and MorphoLex candidate enrichment",https://github.com/open-dict-data/ipa-dict; https://github.com/cmusphinx/cmudict; https://github.com/hugomailhot/MorphoLex-en,mixed open licences; see teaching_content_sources.csv,Automated candidate enrichment only; not approved teaching truth.,high,approved_for_first_exposure
relied_en_gb,2,/ɹɪlˈaɪd/,,unstressed-primary,FALSE,{(rely)},MorphoLex-en exact candidate: {(rely)}; POS=VB.,AI-assisted candidate metadata; verify British pronunciation and teaching relevance.,ai_assisted_draft,"British IPA, CMUdict and MorphoLex candidate enrichment",https://github.com/open-dict-data/ipa-dict; https://github.com/cmusphinx/cmudict; https://github.com/hugomailhot/MorphoLex-en,mixed open licences; see teaching_content_sources.csv,Automated candidate enrichment only; not approved teaching truth.,high,approved_for_first_exposure
persuade_en_gb,2,/pəswˈeɪd/,,unstressed-primary,TRUE,{(persuade)},MorphoLex-en exact candidate: {(persuade)}; POS=VB.,AI-assisted candidate metadata; verify British pronunciation and teaching relevance.,ai_assisted_draft,"British IPA, CMUdict and MorphoLex candidate enrichment",https://github.com/open-dict-data/ipa-dict; https://github.com/cmusphinx/cmudict; https://github.com/hugomailhot/MorphoLex-en,mixed open licences; see teaching_content_sources.csv,Automated candidate enrichment only; not approved teaching truth.,high,approved_for_first_exposure
yacht_en_gb,1,/jˈɒt/,,primary,FALSE,{(yacht)},MorphoLex-en exact candidate: {(yacht)}; POS=NN.,AI-assisted candidate metadata; verify British pronunciation and teaching relevance.,ai_assisted_draft,"British IPA, CMUdict and MorphoLex candidate enrichment",https://github.com/open-dict-data/ipa-dict; https://github.com/cmusphinx/cmudict; https://github.com/hugomailhot/MorphoLex-en,mixed open licences; see teaching_content_sources.csv,Automated candidate enrichment only; not approved teaching truth.,high,approved_for_first_exposure
eighteen_en_gb,2,/eɪtˈiːn/,,unstressed-primary,FALSE,{(eight)>een>},MorphoLex-en exact candidate: {(eight)>een>}; POS=minor|NN.,AI-assisted candidate metadata; verify British pronunciation and teaching relevance.,ai_assisted_draft,"British IPA, CMUdict and MorphoLex candidate enrichment",https://github.com/open-dict-data/ipa-dict; https://github.com/cmusphinx/cmudict; https://github.com/hugomailhot/MorphoLex-en,mixed open licences; see teaching_content_sources.csv,Automated candidate enrichment only; not approved teaching truth.,high,approved_for_first_exposure
infectious_en_gb,3,/ɪnfˈɛkʃəs/,,secondary-primary-unstressed,TRUE,{<in<(fect)}>ious>,MorphoLex-en exact candidate: {<in<(fect)}>ious>; POS=JJ.,AI-assisted candidate metadata; verify British pronunciation and teaching relevance.,ai_assisted_draft,"British IPA, CMUdict and MorphoLex candidate enrichment",https://github.com/open-dict-data/ipa-dict; https://github.com/cmusphinx/cmudict; https://github.com/hugomailhot/MorphoLex-en,mixed open licences; see teaching_content_sources.csv,Automated candidate enrichment only; not approved teaching truth.,high,approved_for_first_exposure
accompany_en_gb,4,/ɐkˈʌmpəni/,,unstressed-primary-unstressed-unstressed,TRUE,{<a<(compan)>y>},MorphoLex-en exact candidate: {<a<(compan)>y>}; POS=VB.,AI-assisted candidate metadata; verify British pronunciation and teaching relevance.,ai_assisted_draft,"British IPA, CMUdict and MorphoLex candidate enrichment",https://github.com/open-dict-data/ipa-dict; https://github.com/cmusphinx/cmudict; https://github.com/hugomailhot/MorphoLex-en,mixed open licences; see teaching_content_sources.csv,Automated candidate enrichment only; not approved teaching truth.,high,approved_for_first_exposure
fries_en_gb,1,/fɹˈaɪz/,,primary,FALSE,{(fry)},MorphoLex-en exact candidate: {(fry)}; POS=NN|VB.,AI-assisted candidate metadata; verify British pronunciation and teaching relevance.,ai_assisted_draft,"British IPA, CMUdict and MorphoLex candidate enrichment",https://github.com/open-dict-data/ipa-dict; https://github.com/cmusphinx/cmudict; https://github.com/hugomailhot/MorphoLex-en,mixed open licences; see teaching_content_sources.csv,Automated candidate enrichment only; not approved teaching truth.,high,approved_for_first_exposure
relies_en_gb,2,/ɹɪlˈaɪz/,,unstressed-primary,FALSE,{(rely)},MorphoLex-en exact candidate: {(rely)}; POS=VB.,AI-assisted candidate metadata; verify British pronunciation and teaching relevance.,ai_assisted_draft,"British IPA, CMUdict and MorphoLex candidate enrichment",https://github.com/open-dict-data/ipa-dict; https://github.com/cmusphinx/cmudict; https://github.com/hugomailhot/MorphoLex-en,mixed open licences; see teaching_content_sources.csv,Automated candidate enrichment only; not approved teaching truth.,high,approved_for_first_exposure
archer_en_gb,2,/ˈɑːtʃɐ/,,primary-unstressed,TRUE,{(archer)},MorphoLex-en exact candidate: {(archer)}; POS=NN.,AI-assisted candidate metadata; verify British pronunciation and teaching relevance.,ai_assisted_draft,"British IPA, CMUdict and MorphoLex candidate enrichment",https://github.com/open-dict-data/ipa-dict; https://github.com/cmusphinx/cmudict; https://github.com/hugomailhot/MorphoLex-en,mixed open licences; see teaching_content_sources.csv,Automated candidate enrichment only; not approved teaching truth.,high,approved_for_first_exposure
forwards_en_gb,2,/fˈɔːwədz/,,primary-unstressed,TRUE,{(forward)},MorphoLex-en exact candidate: {(forward)}; POS=RB|JJ|VB|NN.,AI-assisted candidate metadata; verify British pronunciation and teaching relevance.,ai_assisted_draft,"British IPA, CMUdict and MorphoLex candidate enrichment",https://github.com/open-dict-data/ipa-dict; https://github.com/cmusphinx/cmudict; https://github.com/hugomailhot/MorphoLex-en,mixed open licences; see teaching_content_sources.csv,Automated candidate enrichment only; not approved teaching truth.,high,approved_for_first_exposure
exhaust_en_gb,2,/ɛɡzˈɔːst/,,unstressed-primary,FALSE,{(exhaust)},MorphoLex-en exact candidate: {(exhaust)}; POS=NN|VB.,AI-assisted candidate metadata; verify British pronunciation and teaching relevance.,ai_assisted_draft,"British IPA, CMUdict and MorphoLex candidate enrichment",https://github.com/open-dict-data/ipa-dict; https://github.com/cmusphinx/cmudict; https://github.com/hugomailhot/MorphoLex-en,mixed open licences; see teaching_content_sources.csv,Automated candidate enrichment only; not approved teaching truth.,high,approved_for_first_exposure
reluctant_en_gb,3,/ɹɪlˈʌktənt/,,unstressed-primary-unstressed,TRUE,{(reluctant)},MorphoLex-en exact candidate: {(reluctant)}; POS=JJ.,AI-assisted candidate metadata; verify British pronunciation and teaching relevance.,ai_assisted_draft,"British IPA, CMUdict and MorphoLex candidate enrichment",https://github.com/open-dict-data/ipa-dict; https://github.com/cmusphinx/cmudict; https://github.com/hugomailhot/MorphoLex-en,mixed open licences; see teaching_content_sources.csv,Automated candidate enrichment only; not approved teaching truth.,high,approved_for_first_exposure
inheritance_en_gb,4,/ɪnhˈɛɹɪtəns/,,secondary-primary-unstressed-unstressed,TRUE,{<in<(herit)}>ance>,MorphoLex-en exact candidate: {<in<(herit)}>ance>; POS=NN.,AI-assisted candidate metadata; verify British pronunciation and teaching relevance.,ai_assisted_draft,"British IPA, CMUdict and MorphoLex candidate enrichment",https://github.com/open-dict-data/ipa-dict; https://github.com/cmusphinx/cmudict; https://github.com/hugomailhot/MorphoLex-en,mixed open licences; see teaching_content_sources.csv,Automated candidate enrichment only; not approved teaching truth.,high,approved_for_first_exposure
dad_s_en_gb,1,/dædz/,,primary,FALSE,,No exact MorphoLex-en row; human morphology review required.,AI-assisted candidate metadata; verify British pronunciation and teaching relevance.,ai_assisted_draft,"British IPA, CMUdict and MorphoLex candidate enrichment",https://github.com/open-dict-data/ipa-dict; https://github.com/cmusphinx/cmudict; https://github.com/hugomailhot/MorphoLex-en,mixed open licences; see teaching_content_sources.csv,Automated candidate enrichment only; not approved teaching truth.,high,approved_for_first_exposure
admitting_en_gb,3,/ɐdmˈɪtɪŋ/,,unstressed-primary-unstressed,FALSE,{(admit)},MorphoLex-en exact candidate: {(admit)}; POS=VB|NN.,AI-assisted candidate metadata; verify British pronunciation and teaching relevance.,ai_assisted_draft,"British IPA, CMUdict and MorphoLex candidate enrichment",https://github.com/open-dict-data/ipa-dict; https://github.com/cmusphinx/cmudict; https://github.com/hugomailhot/MorphoLex-en,mixed open licences; see teaching_content_sources.csv,Automated candidate enrichment only; not approved teaching truth.,high,approved_for_first_exposure
seize_en_gb,1,/sˈiːz/,,primary,FALSE,{(seize)},MorphoLex-en exact candidate: {(seize)}; POS=VB.,AI-assisted candidate metadata; verify British pronunciation and teaching relevance.,ai_assisted_draft,"British IPA, CMUdict and MorphoLex candidate enrichment",https://github.com/open-dict-data/ipa-dict; https://github.com/cmusphinx/cmudict; https://github.com/hugomailhot/MorphoLex-en,mixed open licences; see teaching_content_sources.csv,Automated candidate enrichment only; not approved teaching truth.,high,approved_for_first_exposure
altar_en_gb,2,/ˈɒltɐ/,,primary-unstressed,TRUE,{(altar)},MorphoLex-en exact candidate: {(altar)}; POS=NN.,AI-assisted candidate metadata; verify British pronunciation and teaching relevance.,ai_assisted_draft,"British IPA, CMUdict and MorphoLex candidate enrichment",https://github.com/open-dict-data/ipa-dict; https://github.com/cmusphinx/cmudict; https://github.com/hugomailhot/MorphoLex-en,mixed open licences; see teaching_content_sources.csv,Automated candidate enrichment only; not approved teaching truth.,high,approved_for_first_exposure
probable_en_gb,3,/pɹˈɒbəbəl/,,primary-unstressed-unstressed,TRUE,{(prob)>able>},MorphoLex-en exact candidate: {(prob)>able>}; POS=JJ.,AI-assisted candidate metadata; verify British pronunciation and teaching relevance.,ai_assisted_draft,"British IPA, CMUdict and MorphoLex candidate enrichment",https://github.com/open-dict-data/ipa-dict; https://github.com/cmusphinx/cmudict; https://github.com/hugomailhot/MorphoLex-en,mixed open licences; see teaching_content_sources.csv,Automated candidate enrichment only; not approved teaching truth.,high,approved_for_first_exposure
mechanic_en_gb,3,/mɪkˈænɪk/,,unstressed-primary-unstressed,TRUE,{(mechan)>ic>},MorphoLex-en exact candidate: {(mechan)>ic>}; POS=NN|JJ.,AI-assisted candidate metadata; verify British pronunciation and teaching relevance.,ai_assisted_draft,"British IPA, CMUdict and MorphoLex candidate enrichment",https://github.com/open-dict-data/ipa-dict; https://github.com/cmusphinx/cmudict; https://github.com/hugomailhot/MorphoLex-en,mixed open licences; see teaching_content_sources.csv,Automated candidate enrichment only; not approved teaching truth.,high,approved_for_first_exposure
cautious_en_gb,2,/kˈɔːʃəs/,,primary-unstressed,TRUE,{(caut)>ious>},MorphoLex-en exact candidate: {(caut)>ious>}; POS=JJ.,AI-assisted candidate metadata; verify British pronunciation and teaching relevance.,ai_assisted_draft,"British IPA, CMUdict and MorphoLex candidate enrichment",https://github.com/open-dict-data/ipa-dict; https://github.com/cmusphinx/cmudict; https://github.com/hugomailhot/MorphoLex-en,mixed open licences; see teaching_content_sources.csv,Automated candidate enrichment only; not approved teaching truth.,high,approved_for_first_exposure
hesitate_en_gb,3,/hˈɛsɪtˌeɪt/,,primary-unstressed-secondary,TRUE,{(hesit)>ate>},MorphoLex-en exact candidate: {(hesit)>ate>}; POS=VB.,AI-assisted candidate metadata; verify British pronunciation and teaching relevance.,ai_assisted_draft,"British IPA, CMUdict and MorphoLex candidate enrichment",https://github.com/open-dict-data/ipa-dict; https://github.com/cmusphinx/cmudict; https://github.com/hugomailhot/MorphoLex-en,mixed open licences; see teaching_content_sources.csv,Automated candidate enrichment only; not approved teaching truth.,high,approved_for_first_exposure
prejudice_en_gb,3,/pɹˈɛdʒuːdɪs/,,primary-unstressed-unstressed,TRUE,{<pre<(judic)},MorphoLex-en exact candidate: {<pre<(judic)}; POS=NN|VB.,AI-assisted candidate metadata; verify British pronunciation and teaching relevance.,ai_assisted_draft,"British IPA, CMUdict and MorphoLex candidate enrichment",https://github.com/open-dict-data/ipa-dict; https://github.com/cmusphinx/cmudict; https://github.com/hugomailhot/MorphoLex-en,mixed open licences; see teaching_content_sources.csv,Automated candidate enrichment only; not approved teaching truth.,high,approved_for_first_exposure
stall_en_gb,1,/stˈɔːl/,,primary,FALSE,{(stall)},MorphoLex-en exact candidate: {(stall)}; POS=NN|VB.,AI-assisted candidate metadata; verify British pronunciation and teaching relevance.,ai_assisted_draft,"British IPA, CMUdict and MorphoLex candidate enrichment",https://github.com/open-dict-data/ipa-dict; https://github.com/cmusphinx/cmudict; https://github.com/hugomailhot/MorphoLex-en,mixed open licences; see teaching_content_sources.csv,Automated candidate enrichment only; not approved teaching truth.,high,approved_for_first_exposure
hygiene_en_gb,2,/hˈaɪdʒiːn/,,primary-secondary,FALSE,{(hygiene)},MorphoLex-en exact candidate: {(hygiene)}; POS=NN.,AI-assisted candidate metadata; verify British pronunciation and teaching relevance.,ai_assisted_draft,"British IPA, CMUdict and MorphoLex candidate enrichment",https://github.com/open-dict-data/ipa-dict; https://github.com/cmusphinx/cmudict; https://github.com/hugomailhot/MorphoLex-en,mixed open licences; see teaching_content_sources.csv,Automated candidate enrichment only; not approved teaching truth.,high,approved_for_first_exposure
definite_en_gb,3,/dˈɛfɪnət/,,primary-unstressed-unstressed,TRUE,{(define)}>ite>,MorphoLex-en exact candidate: {(define)}>ite>; POS=JJ.,AI-assisted candidate metadata; verify British pronunciation and teaching relevance.,ai_assisted_draft,"British IPA, CMUdict and MorphoLex candidate enrichment",https://github.com/open-dict-data/ipa-dict; https://github.com/cmusphinx/cmudict; https://github.com/hugomailhot/MorphoLex-en,mixed open licences; see teaching_content_sources.csv,Automated candidate enrichment only; not approved teaching truth.,high,approved_for_first_exposure
queue_en_gb,1,/kjˈuː/,,primary,FALSE,{(queue)},MorphoLex-en exact candidate: {(queue)}; POS=NN|VB.,AI-assisted candidate metadata; verify British pronunciation and teaching relevance.,ai_assisted_draft,"British IPA, CMUdict and MorphoLex candidate enrichment",https://github.com/open-dict-data/ipa-dict; https://github.com/cmusphinx/cmudict; https://github.com/hugomailhot/MorphoLex-en,mixed open licences; see teaching_content_sources.csv,Automated candidate enrichment only; not approved teaching truth.,high,approved_for_first_exposure
credible_en_gb,3,/kɹˈɛdɪbəl/,,primary-unstressed-unstressed,TRUE,{(cred)>able>},MorphoLex-en exact candidate: {(cred)>able>}; POS=JJ.,AI-assisted candidate metadata; verify British pronunciation and teaching relevance.,ai_assisted_draft,"British IPA, CMUdict and MorphoLex candidate enrichment",https://github.com/open-dict-data/ipa-dict; https://github.com/cmusphinx/cmudict; https://github.com/hugomailhot/MorphoLex-en,mixed open licences; see teaching_content_sources.csv,Automated candidate enrichment only; not approved teaching truth.,high,approved_for_first_exposure
immortal_en_gb,3,/ɪmˈɔːtəl/,,secondary-primary-unstressed,TRUE,<im<{(mort)>al>},MorphoLex-en exact candidate: <im<{(mort)>al>}; POS=JJ.,AI-assisted candidate metadata; verify British pronunciation and teaching relevance.,ai_assisted_draft,"British IPA, CMUdict and MorphoLex candidate enrichment",https://github.com/open-dict-data/ipa-dict; https://github.com/cmusphinx/cmudict; https://github.com/hugomailhot/MorphoLex-en,mixed open licences; see teaching_content_sources.csv,Automated candidate enrichment only; not approved teaching truth.,high,approved_for_first_exposure
occurrence_en_gb,3,/əkˈɜːɹəns/,,unstressed-primary-unstressed,TRUE,{(occur)}>ance>,MorphoLex-en exact candidate: {(occur)}>ance>; POS=NN.,AI-assisted candidate metadata; verify British pronunciation and teaching relevance.,ai_assisted_draft,"British IPA, CMUdict and MorphoLex candidate enrichment",https://github.com/open-dict-data/ipa-dict; https://github.com/cmusphinx/cmudict; https://github.com/hugomailhot/MorphoLex-en,mixed open licences; see teaching_content_sources.csv,Automated candidate enrichment only; not approved teaching truth.,high,approved_for_first_exposure
outrageous_en_gb,3,/aʊtɹˈeɪdʒəs/,,unstressed-primary-unstressed,TRUE,<out<{(rage)}>ious>,MorphoLex-en exact candidate: <out<{(rage)}>ious>; POS=JJ.,AI-assisted candidate metadata; verify British pronunciation and teaching relevance.,ai_assisted_draft,"British IPA, CMUdict and MorphoLex candidate enrichment",https://github.com/open-dict-data/ipa-dict; https://github.com/cmusphinx/cmudict; https://github.com/hugomailhot/MorphoLex-en,mixed open licences; see teaching_content_sources.csv,Automated candidate enrichment only; not approved teaching truth.,high,approved_for_first_exposure
complement_en_gb,3,/kˈɒmplɪmənt/,,primary-unstressed-unstressed,TRUE,{<co<(plement)},MorphoLex-en exact candidate: {<co<(plement)}; POS=NN.,AI-assisted candidate metadata; verify British pronunciation and teaching relevance.,ai_assisted_draft,"British IPA, CMUdict and MorphoLex candidate enrichment",https://github.com/open-dict-data/ipa-dict; https://github.com/cmusphinx/cmudict; https://github.com/hugomailhot/MorphoLex-en,mixed open licences; see teaching_content_sources.csv,Automated candidate enrichment only; not approved teaching truth.,high,approved_for_first_exposure
remarkably_en_gb,4,/ɹɪmˈɑːkəbli/,,unstressed-primary-unstressed-unstressed,TRUE,{(remark)}>able>>y>,MorphoLex-en exact candidate: {(remark)}>able>>y>; POS=RB.,AI-assisted candidate metadata; verify British pronunciation and teaching relevance.,ai_assisted_draft,"British IPA, CMUdict and MorphoLex candidate enrichment",https://github.com/open-dict-data/ipa-dict; https://github.com/cmusphinx/cmudict; https://github.com/hugomailhot/MorphoLex-en,mixed open licences; see teaching_content_sources.csv,Automated candidate enrichment only; not approved teaching truth.,high,approved_for_first_exposure
crawl_en_gb,1,/kɹˈɔːl/,,primary,FALSE,{(crawl)},MorphoLex-en exact candidate: {(crawl)}; POS=VB|NN.,AI-assisted candidate metadata; verify British pronunciation and teaching relevance.,ai_assisted_draft,"British IPA, CMUdict and MorphoLex candidate enrichment",https://github.com/open-dict-data/ipa-dict; https://github.com/cmusphinx/cmudict; https://github.com/hugomailhot/MorphoLex-en,mixed open licences; see teaching_content_sources.csv,Automated candidate enrichment only; not approved teaching truth.,high,approved_for_first_exposure
dinosaur_en_gb,3,/dˈaɪnəsˌɔː/,,primary-unstressed-secondary,TRUE,{(dino)(saur)},MorphoLex-en exact candidate: {(dino)(saur)}; POS=NN.,AI-assisted candidate metadata; verify British pronunciation and teaching relevance.,ai_assisted_draft,"British IPA, CMUdict and MorphoLex candidate enrichment",https://github.com/open-dict-data/ipa-dict; https://github.com/cmusphinx/cmudict; https://github.com/hugomailhot/MorphoLex-en,mixed open licences; see teaching_content_sources.csv,Automated candidate enrichment only; not approved teaching truth.,high,approved_for_first_exposure
herd_en_gb,1,/hˈɜːd/,,primary,FALSE,{(herd)},MorphoLex-en exact candidate: {(herd)}; POS=NN|VB.,AI-assisted candidate metadata; verify British pronunciation and teaching relevance.,ai_assisted_draft,"British IPA, CMUdict and MorphoLex candidate enrichment",https://github.com/open-dict-data/ipa-dict; https://github.com/cmusphinx/cmudict; https://github.com/hugomailhot/MorphoLex-en,mixed open licences; see teaching_content_sources.csv,Automated candidate enrichment only; not approved teaching truth.,high,approved_for_first_exposure
vein_en_gb,1,/vˈeɪn/,,primary,FALSE,{(vein)},MorphoLex-en exact candidate: {(vein)}; POS=NN.,AI-assisted candidate metadata; verify British pronunciation and teaching relevance.,ai_assisted_draft,"British IPA, CMUdict and MorphoLex candidate enrichment",https://github.com/open-dict-data/ipa-dict; https://github.com/cmusphinx/cmudict; https://github.com/hugomailhot/MorphoLex-en,mixed open licences; see teaching_content_sources.csv,Automated candidate enrichment only; not approved teaching truth.,high,approved_for_first_exposure
calculation_en_gb,4,/kˌælkjʊlˈeɪʃən/,,secondary-unstressed-primary-unstressed,TRUE,{(calcul)>ate>}>ion>,MorphoLex-en exact candidate: {(calcul)>ate>}>ion>; POS=NN.,AI-assisted candidate metadata; verify British pronunciation and teaching relevance.,ai_assisted_draft,"British IPA, CMUdict and MorphoLex candidate enrichment",https://github.com/open-dict-data/ipa-dict; https://github.com/cmusphinx/cmudict; https://github.com/hugomailhot/MorphoLex-en,mixed open licences; see teaching_content_sources.csv,Automated candidate enrichment only; not approved teaching truth.,high,approved_for_first_exposure
spatial_en_gb,2,/spˈeɪʃəl/,,primary-unstressed,TRUE,{(space)}>al>,MorphoLex-en exact candidate: {(space)}>al>; POS=JJ.,AI-assisted candidate metadata; verify British pronunciation and teaching relevance.,ai_assisted_draft,"British IPA, CMUdict and MorphoLex candidate enrichment",https://github.com/open-dict-data/ipa-dict; https://github.com/cmusphinx/cmudict; https://github.com/hugomailhot/MorphoLex-en,mixed open licences; see teaching_content_sources.csv,Automated candidate enrichment only; not approved teaching truth.,high,approved_for_first_exposure
predictable_en_gb,4,/pɹɪdˈɪktəbəl/,,unstressed-primary-unstressed-unstressed,TRUE,{<pre<(dict)}>able>,MorphoLex-en exact candidate: {<pre<(dict)}>able>; POS=JJ.,AI-assisted candidate metadata; verify British pronunciation and teaching relevance.,ai_assisted_draft,"British IPA, CMUdict and MorphoLex candidate enrichment",https://github.com/open-dict-data/ipa-dict; https://github.com/cmusphinx/cmudict; https://github.com/hugomailhot/MorphoLex-en,mixed open licences; see teaching_content_sources.csv,Automated candidate enrichment only; not approved teaching truth.,high,approved_for_first_exposure
foil_en_gb,1,/fˈɔɪl/,,primary,FALSE,{(foil)},MorphoLex-en exact candidate: {(foil)}; POS=NN|VB.,AI-assisted candidate metadata; verify British pronunciation and teaching relevance.,ai_assisted_draft,"British IPA, CMUdict and MorphoLex candidate enrichment",https://github.com/open-dict-data/ipa-dict; https://github.com/cmusphinx/cmudict; https://github.com/hugomailhot/MorphoLex-en,mixed open licences; see teaching_content_sources.csv,Automated candidate enrichment only; not approved teaching truth.,high,approved_for_first_exposure
dice_en_gb,1,/dˈaɪs/,,primary,FALSE,{(dice)},MorphoLex-en exact candidate: {(dice)}; POS=NN.,AI-assisted candidate metadata; verify British pronunciation and teaching relevance.,ai_assisted_draft,"British IPA, CMUdict and MorphoLex candidate enrichment",https://github.com/open-dict-data/ipa-dict; https://github.com/cmusphinx/cmudict; https://github.com/hugomailhot/MorphoLex-en,mixed open licences; see teaching_content_sources.csv,Automated candidate enrichment only; not approved teaching truth.,high,approved_for_first_exposure
syrup_en_gb,2,/sˈɪɹʌp/,,primary-unstressed,TRUE,{(syrup)},MorphoLex-en exact candidate: {(syrup)}; POS=NN.,AI-assisted candidate metadata; verify British pronunciation and teaching relevance.,ai_assisted_draft,"British IPA, CMUdict and MorphoLex candidate enrichment",https://github.com/open-dict-data/ipa-dict; https://github.com/cmusphinx/cmudict; https://github.com/hugomailhot/MorphoLex-en,mixed open licences; see teaching_content_sources.csv,Automated candidate enrichment only; not approved teaching truth.,high,approved_for_first_exposure
relevance_en_gb,3,/ɹˈɛlɪvəns/,,primary-unstressed-unstressed,TRUE,{(relev)>ance>},MorphoLex-en exact candidate: {(relev)>ance>}; POS=NN.,AI-assisted candidate metadata; verify British pronunciation and teaching relevance.,ai_assisted_draft,"British IPA, CMUdict and MorphoLex candidate enrichment",https://github.com/open-dict-data/ipa-dict; https://github.com/cmusphinx/cmudict; https://github.com/hugomailhot/MorphoLex-en,mixed open licences; see teaching_content_sources.csv,Automated candidate enrichment only; not approved teaching truth.,high,approved_for_first_exposure
noticeable_en_gb,4,/nˈəʊtɪsəbəl/,,primary-unstressed-unstressed-unstressed,TRUE,{(notice)}>able>,MorphoLex-en exact candidate: {(notice)}>able>; POS=JJ.,AI-assisted candidate metadata; verify British pronunciation and teaching relevance.,ai_assisted_draft,"British IPA, CMUdict and MorphoLex candidate enrichment",https://github.com/open-dict-data/ipa-dict; https://github.com/cmusphinx/cmudict; https://github.com/hugomailhot/MorphoLex-en,mixed open licences; see teaching_content_sources.csv,Automated candidate enrichment only; not approved teaching truth.,high,approved_for_first_exposure
marrying_en_gb,3,/mˈæɹɪɪŋ/,,primary-unstressed-unstressed,FALSE,{(marry)},MorphoLex-en exact candidate: {(marry)}; POS=VB.,AI-assisted candidate metadata; verify British pronunciation and teaching relevance.,ai_assisted_draft,"British IPA, CMUdict and MorphoLex candidate enrichment",https://github.com/open-dict-data/ipa-dict; https://github.com/cmusphinx/cmudict; https://github.com/hugomailhot/MorphoLex-en,mixed open licences; see teaching_content_sources.csv,Automated candidate enrichment only; not approved teaching truth.,high,approved_for_first_exposure
butcher_en_gb,2,/bˈʊtʃɐ/,,primary-unstressed,TRUE,{(butcher)},MorphoLex-en exact candidate: {(butcher)}; POS=NN|VB.,AI-assisted candidate metadata; verify British pronunciation and teaching relevance.,ai_assisted_draft,"British IPA, CMUdict and MorphoLex candidate enrichment",https://github.com/open-dict-data/ipa-dict; https://github.com/cmusphinx/cmudict; https://github.com/hugomailhot/MorphoLex-en,mixed open licences; see teaching_content_sources.csv,Automated candidate enrichment only; not approved teaching truth.,high,approved_for_first_exposure
pyramid_en_gb,3,/pˈɪɹɐmˌɪd/,,primary-unstressed-unstressed,TRUE,{(pyramid)},MorphoLex-en exact candidate: {(pyramid)}; POS=NN.,AI-assisted candidate metadata; verify British pronunciation and teaching relevance.,ai_assisted_draft,"British IPA, CMUdict and MorphoLex candidate enrichment",https://github.com/open-dict-data/ipa-dict; https://github.com/cmusphinx/cmudict; https://github.com/hugomailhot/MorphoLex-en,mixed open licences; see teaching_content_sources.csv,Automated candidate enrichment only; not approved teaching truth.,high,approved_for_first_exposure
boxer_en_gb,2,/bˈɒksɐ/,,primary-unstressed,TRUE,{(box)}>er>,MorphoLex-en exact candidate: {(box)}>er>; POS=NN.,AI-assisted candidate metadata; verify British pronunciation and teaching relevance.,ai_assisted_draft,"British IPA, CMUdict and MorphoLex candidate enrichment",https://github.com/open-dict-data/ipa-dict; https://github.com/cmusphinx/cmudict; https://github.com/hugomailhot/MorphoLex-en,mixed open licences; see teaching_content_sources.csv,Automated candidate enrichment only; not approved teaching truth.,high,approved_for_first_exposure
comfortably_en_gb,4,/kˈʌmftəbli/,,primary-unstressed-unstressed-unstressed,TRUE,{(comfort)}>able>>y>,MorphoLex-en exact candidate: {(comfort)}>able>>y>; POS=RB.,AI-assisted candidate metadata; verify British pronunciation and teaching relevance.,ai_assisted_draft,"British IPA, CMUdict and MorphoLex candidate enrichment",https://github.com/open-dict-data/ipa-dict; https://github.com/cmusphinx/cmudict; https://github.com/hugomailhot/MorphoLex-en,mixed open licences; see teaching_content_sources.csv,Automated candidate enrichment only; not approved teaching truth.,high,approved_for_first_exposure
understandable_en_gb,5,/ˌʌndəstˈændəbəl/,,secondary-unstressed-primary-unstressed-unstressed,TRUE,{(understand)}>able>,MorphoLex-en exact candidate: {(understand)}>able>; POS=JJ.,AI-assisted candidate metadata; verify British pronunciation and teaching relevance.,ai_assisted_draft,"British IPA, CMUdict and MorphoLex candidate enrichment",https://github.com/open-dict-data/ipa-dict; https://github.com/cmusphinx/cmudict; https://github.com/hugomailhot/MorphoLex-en,mixed open licences; see teaching_content_sources.csv,Automated candidate enrichment only; not approved teaching truth.,high,approved_for_first_exposure
kisses_en_gb,2,/kˈɪsɪz/,,primary-unstressed,TRUE,{(kiss)},MorphoLex-en exact candidate: {(kiss)}; POS=NN|VB.,AI-assisted candidate metadata; verify British pronunciation and teaching relevance.,ai_assisted_draft,"British IPA, CMUdict and MorphoLex candidate enrichment",https://github.com/open-dict-data/ipa-dict; https://github.com/cmusphinx/cmudict; https://github.com/hugomailhot/MorphoLex-en,mixed open licences; see teaching_content_sources.csv,Automated candidate enrichment only; not approved teaching truth.,high,approved_for_first_exposure
hedge_en_gb,1,/hˈɛdʒ/,,primary,FALSE,{(hedge)},MorphoLex-en exact candidate: {(hedge)}; POS=NN|VB.,AI-assisted candidate metadata; verify British pronunciation and teaching relevance.,ai_assisted_draft,"British IPA, CMUdict and MorphoLex candidate enrichment",https://github.com/open-dict-data/ipa-dict; https://github.com/cmusphinx/cmudict; https://github.com/hugomailhot/MorphoLex-en,mixed open licences; see teaching_content_sources.csv,Automated candidate enrichment only; not approved teaching truth.,high,approved_for_first_exposure
cereal_en_gb,3,/sˈiəɹɪəl/,,primary-unstressed-unstressed,TRUE,{(cereal)},MorphoLex-en exact candidate: {(cereal)}; POS=NN.,AI-assisted candidate metadata; verify British pronunciation and teaching relevance.,ai_assisted_draft,"British IPA, CMUdict and MorphoLex candidate enrichment",https://github.com/open-dict-data/ipa-dict; https://github.com/cmusphinx/cmudict; https://github.com/hugomailhot/MorphoLex-en,mixed open licences; see teaching_content_sources.csv,Automated candidate enrichment only; not approved teaching truth.,high,approved_for_first_exposure
transferring_en_gb,3,/tɹænsfˈɜːɹɪŋ/,,unstressed-primary-unstressed,FALSE,{(transfer)},MorphoLex-en exact candidate: {(transfer)}; POS=VB.,AI-assisted candidate metadata; verify British pronunciation and teaching relevance.,ai_assisted_draft,"British IPA, CMUdict and MorphoLex candidate enrichment",https://github.com/open-dict-data/ipa-dict; https://github.com/cmusphinx/cmudict; https://github.com/hugomailhot/MorphoLex-en,mixed open licences; see teaching_content_sources.csv,Automated candidate enrichment only; not approved teaching truth.,high,approved_for_first_exposure
pneumonia_en_gb,3,/njuːmˈəʊniə/,,unstressed-primary-unstressed,TRUE,{(pneumonia)},MorphoLex-en exact candidate: {(pneumonia)}; POS=NN.,AI-assisted candidate metadata; verify British pronunciation and teaching relevance.,ai_assisted_draft,"British IPA, CMUdict and MorphoLex candidate enrichment",https://github.com/open-dict-data/ipa-dict; https://github.com/cmusphinx/cmudict; https://github.com/hugomailhot/MorphoLex-en,mixed open licences; see teaching_content_sources.csv,Automated candidate enrichment only; not approved teaching truth.,high,approved_for_first_exposure
coil_en_gb,1,/kˈɔɪl/,,primary,FALSE,{(coil)},MorphoLex-en exact candidate: {(coil)}; POS=NN|VB.,AI-assisted candidate metadata; verify British pronunciation and teaching relevance.,ai_assisted_draft,"British IPA, CMUdict and MorphoLex candidate enrichment",https://github.com/open-dict-data/ipa-dict; https://github.com/cmusphinx/cmudict; https://github.com/hugomailhot/MorphoLex-en,mixed open licences; see teaching_content_sources.csv,Automated candidate enrichment only; not approved teaching truth.,high,approved_for_first_exposure
confrontation_en_gb,4,/kɒnfɹəntˈeɪʃən/,,secondary-unstressed-primary-unstressed,TRUE,{<co<(front)}>ion>,MorphoLex-en exact candidate: {<co<(front)}>ion>; POS=NN.,AI-assisted candidate metadata; verify British pronunciation and teaching relevance.,ai_assisted_draft,"British IPA, CMUdict and MorphoLex candidate enrichment",https://github.com/open-dict-data/ipa-dict; https://github.com/cmusphinx/cmudict; https://github.com/hugomailhot/MorphoLex-en,mixed open licences; see teaching_content_sources.csv,Automated candidate enrichment only; not approved teaching truth.,high,approved_for_first_exposure
temptation_en_gb,3,/tɛmptˈeɪʃən/,,unstressed-primary-unstressed,TRUE,{(tempt)}>ion>,MorphoLex-en exact candidate: {(tempt)}>ion>; POS=NN.,AI-assisted candidate metadata; verify British pronunciation and teaching relevance.,ai_assisted_draft,"British IPA, CMUdict and MorphoLex candidate enrichment",https://github.com/open-dict-data/ipa-dict; https://github.com/cmusphinx/cmudict; https://github.com/hugomailhot/MorphoLex-en,mixed open licences; see teaching_content_sources.csv,Automated candidate enrichment only; not approved teaching truth.,high,approved_for_first_exposure
perceive_en_gb,2,/pəsˈiːv/,,unstressed-primary,TRUE,{<per<(ceive)},MorphoLex-en exact candidate: {<per<(ceive)}; POS=VB|NN.,AI-assisted candidate metadata; verify British pronunciation and teaching relevance.,ai_assisted_draft,"British IPA, CMUdict and MorphoLex candidate enrichment",https://github.com/open-dict-data/ipa-dict; https://github.com/cmusphinx/cmudict; https://github.com/hugomailhot/MorphoLex-en,mixed open licences; see teaching_content_sources.csv,Automated candidate enrichment only; not approved teaching truth.,high,approved_for_first_exposure
feasible_en_gb,3,/fˈiːzəbəl/,,primary-unstressed-unstressed,TRUE,{(fact)>able>},MorphoLex-en exact candidate: {(fact)>able>}; POS=JJ.,AI-assisted candidate metadata; verify British pronunciation and teaching relevance.,ai_assisted_draft,"British IPA, CMUdict and MorphoLex candidate enrichment",https://github.com/open-dict-data/ipa-dict; https://github.com/cmusphinx/cmudict; https://github.com/hugomailhot/MorphoLex-en,mixed open licences; see teaching_content_sources.csv,Automated candidate enrichment only; not approved teaching truth.,high,approved_for_first_exposure
verb_en_gb,1,/vˈɜːb/,,primary,FALSE,{(verb)},MorphoLex-en exact candidate: {(verb)}; POS=NN.,AI-assisted candidate metadata; verify British pronunciation and teaching relevance.,ai_assisted_draft,"British IPA, CMUdict and MorphoLex candidate enrichment",https://github.com/open-dict-data/ipa-dict; https://github.com/cmusphinx/cmudict; https://github.com/hugomailhot/MorphoLex-en,mixed open licences; see teaching_content_sources.csv,Automated candidate enrichment only; not approved teaching truth.,high,approved_for_first_exposure
boy_s_en_gb,1,/bɔɪz/,,primary,FALSE,{(boy)},MorphoLex-en exact candidate: {(boy)}; POS=encl.,AI-assisted candidate metadata; verify British pronunciation and teaching relevance.,ai_assisted_draft,"British IPA, CMUdict and MorphoLex candidate enrichment",https://github.com/open-dict-data/ipa-dict; https://github.com/cmusphinx/cmudict; https://github.com/hugomailhot/MorphoLex-en,mixed open licences; see teaching_content_sources.csv,Automated candidate enrichment only; not approved teaching truth.,high,approved_for_first_exposure
caption_en_gb,2,/kˈæpʃən/,,primary-unstressed,TRUE,{(caption)},MorphoLex-en exact candidate: {(caption)}; POS=NN|VB.,AI-assisted candidate metadata; verify British pronunciation and teaching relevance.,ai_assisted_draft,"British IPA, CMUdict and MorphoLex candidate enrichment",https://github.com/open-dict-data/ipa-dict; https://github.com/cmusphinx/cmudict; https://github.com/hugomailhot/MorphoLex-en,mixed open licences; see teaching_content_sources.csv,Automated candidate enrichment only; not approved teaching truth.,high,approved_for_first_exposure
knot_en_gb,1,/nˈɒt/,,primary,FALSE,{(knot)},MorphoLex-en exact candidate: {(knot)}; POS=NN.,AI-assisted candidate metadata; verify British pronunciation and teaching relevance.,ai_assisted_draft,"British IPA, CMUdict and MorphoLex candidate enrichment",https://github.com/open-dict-data/ipa-dict; https://github.com/cmusphinx/cmudict; https://github.com/hugomailhot/MorphoLex-en,mixed open licences; see teaching_content_sources.csv,Automated candidate enrichment only; not approved teaching truth.,high,approved_for_first_exposure
aisle_en_gb,1,/ˈaɪəl/,,primary,FALSE,{(aisle)},MorphoLex-en exact candidate: {(aisle)}; POS=NN.,AI-assisted candidate metadata; verify British pronunciation and teaching relevance.,ai_assisted_draft,"British IPA, CMUdict and MorphoLex candidate enrichment",https://github.com/open-dict-data/ipa-dict; https://github.com/cmusphinx/cmudict; https://github.com/hugomailhot/MorphoLex-en,mixed open licences; see teaching_content_sources.csv,Automated candidate enrichment only; not approved teaching truth.,high,approved_for_first_exposure
guessed_en_gb,1,/ɡˈɛst/,,primary,FALSE,{(guess)},MorphoLex-en exact candidate: {(guess)}; POS=VB.,AI-assisted candidate metadata; verify British pronunciation and teaching relevance.,ai_assisted_draft,"British IPA, CMUdict and MorphoLex candidate enrichment",https://github.com/open-dict-data/ipa-dict; https://github.com/cmusphinx/cmudict; https://github.com/hugomailhot/MorphoLex-en,mixed open licences; see teaching_content_sources.csv,Automated candidate enrichment only; not approved teaching truth.,high,approved_for_first_exposure
proudly_en_gb,2,/pɹˈaʊdli/,,primary-unstressed,FALSE,{(proud)}>ly>,MorphoLex-en exact candidate: {(proud)}>ly>; POS=RB.,AI-assisted candidate metadata; verify British pronunciation and teaching relevance.,ai_assisted_draft,"British IPA, CMUdict and MorphoLex candidate enrichment",https://github.com/open-dict-data/ipa-dict; https://github.com/cmusphinx/cmudict; https://github.com/hugomailhot/MorphoLex-en,mixed open licences; see teaching_content_sources.csv,Automated candidate enrichment only; not approved teaching truth.,high,approved_for_first_exposure
respectful_en_gb,3,/ɹɪspˈɛktfəl/,,unstressed-primary-unstressed,TRUE,{(respect)}>ful>,MorphoLex-en exact candidate: {(respect)}>ful>; POS=JJ.,AI-assisted candidate metadata; verify British pronunciation and teaching relevance.,ai_assisted_draft,"British IPA, CMUdict and MorphoLex candidate enrichment",https://github.com/open-dict-data/ipa-dict; https://github.com/cmusphinx/cmudict; https://github.com/hugomailhot/MorphoLex-en,mixed open licences; see teaching_content_sources.csv,Automated candidate enrichment only; not approved teaching truth.,high,approved_for_first_exposure
richer_en_gb,2,/ɹˈɪtʃɐ/,,primary-unstressed,TRUE,{(rich)}>er>,MorphoLex-en exact candidate: {(rich)}>er>; POS=JJ|NN.,AI-assisted candidate metadata; verify British pronunciation and teaching relevance.,ai_assisted_draft,"British IPA, CMUdict and MorphoLex candidate enrichment",https://github.com/open-dict-data/ipa-dict; https://github.com/cmusphinx/cmudict; https://github.com/hugomailhot/MorphoLex-en,mixed open licences; see teaching_content_sources.csv,Automated candidate enrichment only; not approved teaching truth.,high,approved_for_first_exposure
spontaneous_en_gb,4,/spɒntˈeɪniəs/,,unstressed-primary-unstressed-unstressed,TRUE,{(spontane)>ious>},MorphoLex-en exact candidate: {(spontane)>ious>}; POS=JJ.,AI-assisted candidate metadata; verify British pronunciation and teaching relevance.,ai_assisted_draft,"British IPA, CMUdict and MorphoLex candidate enrichment",https://github.com/open-dict-data/ipa-dict; https://github.com/cmusphinx/cmudict; https://github.com/hugomailhot/MorphoLex-en,mixed open licences; see teaching_content_sources.csv,Automated candidate enrichment only; not approved teaching truth.,high,approved_for_first_exposure
respectable_en_gb,4,/ɹɪspˈɛktəbəl/,,unstressed-primary-unstressed-unstressed,TRUE,{(respect)}>able>,MorphoLex-en exact candidate: {(respect)}>able>; POS=JJ.,AI-assisted candidate metadata; verify British pronunciation and teaching relevance.,ai_assisted_draft,"British IPA, CMUdict and MorphoLex candidate enrichment",https://github.com/open-dict-data/ipa-dict; https://github.com/cmusphinx/cmudict; https://github.com/hugomailhot/MorphoLex-en,mixed open licences; see teaching_content_sources.csv,Automated candidate enrichment only; not approved teaching truth.,high,approved_for_first_exposure
descendants_en_gb,3,/dɪsˈɛndənts/,,unstressed-primary-unstressed,TRUE,{(descend)}>ant>,MorphoLex-en exact candidate: {(descend)}>ant>; POS=NN.,AI-assisted candidate metadata; verify British pronunciation and teaching relevance.,ai_assisted_draft,"British IPA, CMUdict and MorphoLex candidate enrichment",https://github.com/open-dict-data/ipa-dict; https://github.com/cmusphinx/cmudict; https://github.com/hugomailhot/MorphoLex-en,mixed open licences; see teaching_content_sources.csv,Automated candidate enrichment only; not approved teaching truth.,high,approved_for_first_exposure
tore_en_gb,1,/tˈɔː/,,primary,FALSE,{(tore)},MorphoLex-en exact candidate: {(tore)}; POS=VB.,AI-assisted candidate metadata; verify British pronunciation and teaching relevance.,ai_assisted_draft,"British IPA, CMUdict and MorphoLex candidate enrichment",https://github.com/open-dict-data/ipa-dict; https://github.com/cmusphinx/cmudict; https://github.com/hugomailhot/MorphoLex-en,mixed open licences; see teaching_content_sources.csv,Automated candidate enrichment only; not approved teaching truth.,high,approved_for_first_exposure
jumper_en_gb,2,/dʒˈʌmpɐ/,,primary-unstressed,TRUE,{(jump)}>er>,MorphoLex-en exact candidate: {(jump)}>er>; POS=NN.,AI-assisted candidate metadata; verify British pronunciation and teaching relevance.,ai_assisted_draft,"British IPA, CMUdict and MorphoLex candidate enrichment",https://github.com/open-dict-data/ipa-dict; https://github.com/cmusphinx/cmudict; https://github.com/hugomailhot/MorphoLex-en,mixed open licences; see teaching_content_sources.csv,Automated candidate enrichment only; not approved teaching truth.,high,approved_for_first_exposure
fracture_en_gb,2,/fɹˈæktʃɐ/,,primary-unstressed,TRUE,{(fract)>ure>},MorphoLex-en exact candidate: {(fract)>ure>}; POS=NN.,AI-assisted candidate metadata; verify British pronunciation and teaching relevance.,ai_assisted_draft,"British IPA, CMUdict and MorphoLex candidate enrichment",https://github.com/open-dict-data/ipa-dict; https://github.com/cmusphinx/cmudict; https://github.com/hugomailhot/MorphoLex-en,mixed open licences; see teaching_content_sources.csv,Automated candidate enrichment only; not approved teaching truth.,high,approved_for_first_exposure
comprehend_en_gb,3,/kˌɒmpɹɪhˈɛnd/,,secondary-unstressed-primary,FALSE,{<co<(prehend)},MorphoLex-en exact candidate: {<co<(prehend)}; POS=VB.,AI-assisted candidate metadata; verify British pronunciation and teaching relevance.,ai_assisted_draft,"British IPA, CMUdict and MorphoLex candidate enrichment",https://github.com/open-dict-data/ipa-dict; https://github.com/cmusphinx/cmudict; https://github.com/hugomailhot/MorphoLex-en,mixed open licences; see teaching_content_sources.csv,Automated candidate enrichment only; not approved teaching truth.,high,approved_for_first_exposure
technician_en_gb,3,/tɛknˈɪʃən/,,unstressed-primary-unstressed,TRUE,{(tech)>ian>},MorphoLex-en exact candidate: {(tech)>ian>}; POS=NN.,AI-assisted candidate metadata; verify British pronunciation and teaching relevance.,ai_assisted_draft,"British IPA, CMUdict and MorphoLex candidate enrichment",https://github.com/open-dict-data/ipa-dict; https://github.com/cmusphinx/cmudict; https://github.com/hugomailhot/MorphoLex-en,mixed open licences; see teaching_content_sources.csv,Automated candidate enrichment only; not approved teaching truth.,high,approved_for_first_exposure
domination_en_gb,4,/dˌɒmɪnˈeɪʃən/,,secondary-unstressed-primary-unstressed,TRUE,{(domin)>ate>}>ion>,MorphoLex-en exact candidate: {(domin)>ate>}>ion>; POS=NN.,AI-assisted candidate metadata; verify British pronunciation and teaching relevance.,ai_assisted_draft,"British IPA, CMUdict and MorphoLex candidate enrichment",https://github.com/open-dict-data/ipa-dict; https://github.com/cmusphinx/cmudict; https://github.com/hugomailhot/MorphoLex-en,mixed open licences; see teaching_content_sources.csv,Automated candidate enrichment only; not approved teaching truth.,high,approved_for_first_exposure
psychiatrist_en_gb,4,/saɪkˈaɪətɹɪst/,,unstressed-primary-unstressed-unstressed,TRUE,{(psycho)>ater>>ist>},MorphoLex-en exact candidate: {(psycho)>ater>>ist>}; POS=NN.,AI-assisted candidate metadata; verify British pronunciation and teaching relevance.,ai_assisted_draft,"British IPA, CMUdict and MorphoLex candidate enrichment",https://github.com/open-dict-data/ipa-dict; https://github.com/cmusphinx/cmudict; https://github.com/hugomailhot/MorphoLex-en,mixed open licences; see teaching_content_sources.csv,Automated candidate enrichment only; not approved teaching truth.,high,approved_for_first_exposure
sank_en_gb,1,/sˈæŋk/,,primary,FALSE,{(sank)},MorphoLex-en exact candidate: {(sank)}; POS=VB.,AI-assisted candidate metadata; verify British pronunciation and teaching relevance.,ai_assisted_draft,"British IPA, CMUdict and MorphoLex candidate enrichment",https://github.com/open-dict-data/ipa-dict; https://github.com/cmusphinx/cmudict; https://github.com/hugomailhot/MorphoLex-en,mixed open licences; see teaching_content_sources.csv,Automated candidate enrichment only; not approved teaching truth.,high,approved_for_first_exposure
spear_en_gb,1,/spˈiə/,,primary,FALSE,{(spear)},MorphoLex-en exact candidate: {(spear)}; POS=NN|VB.,AI-assisted candidate metadata; verify British pronunciation and teaching relevance.,ai_assisted_draft,"British IPA, CMUdict and MorphoLex candidate enrichment",https://github.com/open-dict-data/ipa-dict; https://github.com/cmusphinx/cmudict; https://github.com/hugomailhot/MorphoLex-en,mixed open licences; see teaching_content_sources.csv,Automated candidate enrichment only; not approved teaching truth.,high,approved_for_first_exposure
quad_en_gb,1,/kwˈɒd/,,primary,FALSE,{(quad)},MorphoLex-en exact candidate: {(quad)}; POS=NN.,AI-assisted candidate metadata; verify British pronunciation and teaching relevance.,ai_assisted_draft,"British IPA, CMUdict and MorphoLex candidate enrichment",https://github.com/open-dict-data/ipa-dict; https://github.com/cmusphinx/cmudict; https://github.com/hugomailhot/MorphoLex-en,mixed open licences; see teaching_content_sources.csv,Automated candidate enrichment only; not approved teaching truth.,high,approved_for_first_exposure
spies_en_gb,1,/spˈaɪz/,,primary,FALSE,{(spy)},MorphoLex-en exact candidate: {(spy)}; POS=NN|VB.,AI-assisted candidate metadata; verify British pronunciation and teaching relevance.,ai_assisted_draft,"British IPA, CMUdict and MorphoLex candidate enrichment",https://github.com/open-dict-data/ipa-dict; https://github.com/cmusphinx/cmudict; https://github.com/hugomailhot/MorphoLex-en,mixed open licences; see teaching_content_sources.csv,Automated candidate enrichment only; not approved teaching truth.,high,approved_for_first_exposure
appoint_en_gb,2,/ɐpˈɔɪnt/,,unstressed-primary,TRUE,{(appoint)},MorphoLex-en exact candidate: {(appoint)}; POS=VB.,AI-assisted candidate metadata; verify British pronunciation and teaching relevance.,ai_assisted_draft,"British IPA, CMUdict and MorphoLex candidate enrichment",https://github.com/open-dict-data/ipa-dict; https://github.com/cmusphinx/cmudict; https://github.com/hugomailhot/MorphoLex-en,mixed open licences; see teaching_content_sources.csv,Automated candidate enrichment only; not approved teaching truth.,high,approved_for_first_exposure
adore_en_gb,2,/ɐdˈɔː/,,unstressed-primary,TRUE,{(adore)},MorphoLex-en exact candidate: {(adore)}; POS=VB.,AI-assisted candidate metadata; verify British pronunciation and teaching relevance.,ai_assisted_draft,"British IPA, CMUdict and MorphoLex candidate enrichment",https://github.com/open-dict-data/ipa-dict; https://github.com/cmusphinx/cmudict; https://github.com/hugomailhot/MorphoLex-en,mixed open licences; see teaching_content_sources.csv,Automated candidate enrichment only; not approved teaching truth.,high,approved_for_first_exposure
limb_en_gb,1,/lˈɪm/,,primary,FALSE,{(limb)},MorphoLex-en exact candidate: {(limb)}; POS=NN.,AI-assisted candidate metadata; verify British pronunciation and teaching relevance.,ai_assisted_draft,"British IPA, CMUdict and MorphoLex candidate enrichment",https://github.com/open-dict-data/ipa-dict; https://github.com/cmusphinx/cmudict; https://github.com/hugomailhot/MorphoLex-en,mixed open licences; see teaching_content_sources.csv,Automated candidate enrichment only; not approved teaching truth.,high,approved_for_first_exposure
monarch_en_gb,2,/mˈɒnək/,,primary-secondary,FALSE,{<mono<(arch)},MorphoLex-en exact candidate: {<mono<(arch)}; POS=NN.,AI-assisted candidate metadata; verify British pronunciation and teaching relevance.,ai_assisted_draft,"British IPA, CMUdict and MorphoLex candidate enrichment",https://github.com/open-dict-data/ipa-dict; https://github.com/cmusphinx/cmudict; https://github.com/hugomailhot/MorphoLex-en,mixed open licences; see teaching_content_sources.csv,Automated candidate enrichment only; not approved teaching truth.,high,approved_for_first_exposure
bullied_en_gb,2,/bˈʊlɪd/,,primary-unstressed,FALSE,{(bully)},MorphoLex-en exact candidate: {(bully)}; POS=VB.,AI-assisted candidate metadata; verify British pronunciation and teaching relevance.,ai_assisted_draft,"British IPA, CMUdict and MorphoLex candidate enrichment",https://github.com/open-dict-data/ipa-dict; https://github.com/cmusphinx/cmudict; https://github.com/hugomailhot/MorphoLex-en,mixed open licences; see teaching_content_sources.csv,Automated candidate enrichment only; not approved teaching truth.,high,approved_for_first_exposure
chalk_en_gb,1,/tʃˈɔːk/,,primary,FALSE,{(chalk)},MorphoLex-en exact candidate: {(chalk)}; POS=NN|VB.,AI-assisted candidate metadata; verify British pronunciation and teaching relevance.,ai_assisted_draft,"British IPA, CMUdict and MorphoLex candidate enrichment",https://github.com/open-dict-data/ipa-dict; https://github.com/cmusphinx/cmudict; https://github.com/hugomailhot/MorphoLex-en,mixed open licences; see teaching_content_sources.csv,Automated candidate enrichment only; not approved teaching truth.,high,approved_for_first_exposure
plaque_en_gb,1,/plˈæk/,,primary,FALSE,{(plaque)},MorphoLex-en exact candidate: {(plaque)}; POS=NN.,AI-assisted candidate metadata; verify British pronunciation and teaching relevance.,ai_assisted_draft,"British IPA, CMUdict and MorphoLex candidate enrichment",https://github.com/open-dict-data/ipa-dict; https://github.com/cmusphinx/cmudict; https://github.com/hugomailhot/MorphoLex-en,mixed open licences; see teaching_content_sources.csv,Automated candidate enrichment only; not approved teaching truth.,high,approved_for_first_exposure
mourning_en_gb,2,/mˈɔːnɪŋ/,,primary-unstressed,FALSE,{(mourn)},MorphoLex-en exact candidate: {(mourn)}; POS=VB|NN.,AI-assisted candidate metadata; verify British pronunciation and teaching relevance.,ai_assisted_draft,"British IPA, CMUdict and MorphoLex candidate enrichment",https://github.com/open-dict-data/ipa-dict; https://github.com/cmusphinx/cmudict; https://github.com/hugomailhot/MorphoLex-en,mixed open licences; see teaching_content_sources.csv,Automated candidate enrichment only; not approved teaching truth.,high,approved_for_first_exposure
retrieve_en_gb,2,/ɹɪtɹˈiːv/,,unstressed-primary,FALSE,{(retrieve)},MorphoLex-en exact candidate: {(retrieve)}; POS=VB|NN.,AI-assisted candidate metadata; verify British pronunciation and teaching relevance.,ai_assisted_draft,"British IPA, CMUdict and MorphoLex candidate enrichment",https://github.com/open-dict-data/ipa-dict; https://github.com/cmusphinx/cmudict; https://github.com/hugomailhot/MorphoLex-en,mixed open licences; see teaching_content_sources.csv,Automated candidate enrichment only; not approved teaching truth.,high,approved_for_first_exposure
