word_key,raw_morpholex_segmentation,raw_morpholex_pos,morphology_parts,feature_keys,morphology_joins,transformation_notes,word_sum,analysis_status,source_category,source_name,source_url,source_licence,source_use_note,confidence,review_status,reviewed_by,reviewed_at,review_notes
either_en_gb,{(either)},,[],[],[],,,in_review,open_licensed,MorphoLex-en,https://github.com/hugomailhot/MorphoLex-en,CC BY-NC-SA 4.0,Raw linguistic candidate only. Reviewer must decide structured analysis and child-facing word sum; neither is inferred from MorphoLex.,medium,in_review,,,
belief_en_gb,{(belief)},,[],[],[],,,in_review,open_licensed,MorphoLex-en,https://github.com/hugomailhot/MorphoLex-en,CC BY-NC-SA 4.0,Raw linguistic candidate only. Reviewer must decide structured analysis and child-facing word sum; neither is inferred from MorphoLex.,medium,in_review,,,
immigrants_en_gb,{<in<(migr)>ant>},,[],[],[],,,in_review,open_licensed,MorphoLex-en,https://github.com/hugomailhot/MorphoLex-en,CC BY-NC-SA 4.0,Raw linguistic candidate only. Reviewer must decide structured analysis and child-facing word sum; neither is inferred from MorphoLex.,medium,in_review,,,
summary_en_gb,{(summar)>y>},,[],[],[],,,in_review,open_licensed,MorphoLex-en,https://github.com/hugomailhot/MorphoLex-en,CC BY-NC-SA 4.0,Raw linguistic candidate only. Reviewer must decide structured analysis and child-facing word sum; neither is inferred from MorphoLex.,medium,in_review,,,
diabetes_en_gb,{(diabetes)},,[],[],[],,,in_review,open_licensed,MorphoLex-en,https://github.com/hugomailhot/MorphoLex-en,CC BY-NC-SA 4.0,Raw linguistic candidate only. Reviewer must decide structured analysis and child-facing word sum; neither is inferred from MorphoLex.,medium,in_review,,,
brownie_en_gb,{(brown)}>y>,,[],[],[],,,in_review,open_licensed,MorphoLex-en,https://github.com/hugomailhot/MorphoLex-en,CC BY-NC-SA 4.0,Raw linguistic candidate only. Reviewer must decide structured analysis and child-facing word sum; neither is inferred from MorphoLex.,medium,in_review,,,
i_en_gb,{(i)},,[],[],[],,,in_review,open_licensed,MorphoLex-en,https://github.com/hugomailhot/MorphoLex-en,CC BY-NC-SA 4.0,Raw linguistic candidate only. Reviewer must decide structured analysis and child-facing word sum; neither is inferred from MorphoLex.,medium,in_review,,,
be_en_gb,{(be)},,[],[],[],,,in_review,open_licensed,MorphoLex-en,https://github.com/hugomailhot/MorphoLex-en,CC BY-NC-SA 4.0,Raw linguistic candidate only. Reviewer must decide structured analysis and child-facing word sum; neither is inferred from MorphoLex.,medium,in_review,,,
not_en_gb,{(not)},,[],[],[],,,in_review,open_licensed,MorphoLex-en,https://github.com/hugomailhot/MorphoLex-en,CC BY-NC-SA 4.0,Raw linguistic candidate only. Reviewer must decide structured analysis and child-facing word sum; neither is inferred from MorphoLex.,medium,in_review,,,
by_en_gb,{(by)},,[],[],[],,,in_review,open_licensed,MorphoLex-en,https://github.com/hugomailhot/MorphoLex-en,CC BY-NC-SA 4.0,Raw linguistic candidate only. Reviewer must decide structured analysis and child-facing word sum; neither is inferred from MorphoLex.,medium,in_review,,,
it_s_en_gb,{(it)},,[],[],[],,,in_review,open_licensed,MorphoLex-en,https://github.com/hugomailhot/MorphoLex-en,CC BY-NC-SA 4.0,Raw linguistic candidate only. Reviewer must decide structured analysis and child-facing word sum; neither is inferred from MorphoLex.,medium,in_review,,,
which_en_gb,{(which)},,[],[],[],,,in_review,open_licensed,MorphoLex-en,https://github.com/hugomailhot/MorphoLex-en,CC BY-NC-SA 4.0,Raw linguistic candidate only. Reviewer must decide structured analysis and child-facing word sum; neither is inferred from MorphoLex.,medium,in_review,,,
she_en_gb,{(she)},,[],[],[],,,in_review,open_licensed,MorphoLex-en,https://github.com/hugomailhot/MorphoLex-en,CC BY-NC-SA 4.0,Raw linguistic candidate only. Reviewer must decide structured analysis and child-facing word sum; neither is inferred from MorphoLex.,medium,in_review,,,
how_en_gb,{(how)},,[],[],[],,,in_review,open_licensed,MorphoLex-en,https://github.com/hugomailhot/MorphoLex-en,CC BY-NC-SA 4.0,Raw linguistic candidate only. Reviewer must decide structured analysis and child-facing word sum; neither is inferred from MorphoLex.,medium,in_review,,,
some_en_gb,{(some)},,[],[],[],,,in_review,open_licensed,MorphoLex-en,https://github.com/hugomailhot/MorphoLex-en,CC BY-NC-SA 4.0,Raw linguistic candidate only. Reviewer must decide structured analysis and child-facing word sum; neither is inferred from MorphoLex.,medium,in_review,,,
also_en_gb,{(also)},,[],[],[],,,in_review,open_licensed,MorphoLex-en,https://github.com/hugomailhot/MorphoLex-en,CC BY-NC-SA 4.0,Raw linguistic candidate only. Reviewer must decide structured analysis and child-facing word sum; neither is inferred from MorphoLex.,medium,in_review,,,
other_en_gb,{(other)},,[],[],[],,,in_review,open_licensed,MorphoLex-en,https://github.com/hugomailhot/MorphoLex-en,CC BY-NC-SA 4.0,Raw linguistic candidate only. Reviewer must decide structured analysis and child-facing word sum; neither is inferred from MorphoLex.,medium,in_review,,,
our_en_gb,{(our)},,[],[],[],,,in_review,open_licensed,MorphoLex-en,https://github.com/hugomailhot/MorphoLex-en,CC BY-NC-SA 4.0,Raw linguistic candidate only. Reviewer must decide structured analysis and child-facing word sum; neither is inferred from MorphoLex.,medium,in_review,,,
only_en_gb,{(only)},,[],[],[],,,in_review,open_licensed,MorphoLex-en,https://github.com/hugomailhot/MorphoLex-en,CC BY-NC-SA 4.0,Raw linguistic candidate only. Reviewer must decide structured analysis and child-facing word sum; neither is inferred from MorphoLex.,medium,in_review,,,
into_en_gb,<in<{(to)},,[],[],[],,,in_review,open_licensed,MorphoLex-en,https://github.com/hugomailhot/MorphoLex-en,CC BY-NC-SA 4.0,Raw linguistic candidate only. Reviewer must decide structured analysis and child-facing word sum; neither is inferred from MorphoLex.,medium,in_review,,,
after_en_gb,{(after)},,[],[],[],,,in_review,open_licensed,MorphoLex-en,https://github.com/hugomailhot/MorphoLex-en,CC BY-NC-SA 4.0,Raw linguistic candidate only. Reviewer must decide structured analysis and child-facing word sum; neither is inferred from MorphoLex.,medium,in_review,,,
over_en_gb,{(over)},,[],[],[],,,in_review,open_licensed,MorphoLex-en,https://github.com/hugomailhot/MorphoLex-en,CC BY-NC-SA 4.0,Raw linguistic candidate only. Reviewer must decide structured analysis and child-facing word sum; neither is inferred from MorphoLex.,medium,in_review,,,
think_en_gb,{(think)},,[],[],[],,,in_review,open_licensed,MorphoLex-en,https://github.com/hugomailhot/MorphoLex-en,CC BY-NC-SA 4.0,Raw linguistic candidate only. Reviewer must decide structured analysis and child-facing word sum; neither is inferred from MorphoLex.,medium,in_review,,,
any_en_gb,{(any)},,[],[],[],,,in_review,open_licensed,MorphoLex-en,https://github.com/hugomailhot/MorphoLex-en,CC BY-NC-SA 4.0,Raw linguistic candidate only. Reviewer must decide structured analysis and child-facing word sum; neither is inferred from MorphoLex.,medium,in_review,,,
well_en_gb,{(well)},,[],[],[],,,in_review,open_licensed,MorphoLex-en,https://github.com/hugomailhot/MorphoLex-en,CC BY-NC-SA 4.0,Raw linguistic candidate only. Reviewer must decide structured analysis and child-facing word sum; neither is inferred from MorphoLex.,medium,in_review,,,
very_en_gb,{(very)},,[],[],[],,,in_review,open_licensed,MorphoLex-en,https://github.com/hugomailhot/MorphoLex-en,CC BY-NC-SA 4.0,Raw linguistic candidate only. Reviewer must decide structured analysis and child-facing word sum; neither is inferred from MorphoLex.,medium,in_review,,,
most_en_gb,{(most)},,[],[],[],,,in_review,open_licensed,MorphoLex-en,https://github.com/hugomailhot/MorphoLex-en,CC BY-NC-SA 4.0,Raw linguistic candidate only. Reviewer must decide structured analysis and child-facing word sum; neither is inferred from MorphoLex.,medium,in_review,,,
here_en_gb,{(here)},,[],[],[],,,in_review,open_licensed,MorphoLex-en,https://github.com/hugomailhot/MorphoLex-en,CC BY-NC-SA 4.0,Raw linguistic candidate only. Reviewer must decide structured analysis and child-facing word sum; neither is inferred from MorphoLex.,medium,in_review,,,
need_en_gb,{(need)},,[],[],[],,,in_review,open_licensed,MorphoLex-en,https://github.com/hugomailhot/MorphoLex-en,CC BY-NC-SA 4.0,Raw linguistic candidate only. Reviewer must decide structured analysis and child-facing word sum; neither is inferred from MorphoLex.,medium,in_review,,,
why_en_gb,{(why)},,[],[],[],,,in_review,open_licensed,MorphoLex-en,https://github.com/hugomailhot/MorphoLex-en,CC BY-NC-SA 4.0,Raw linguistic candidate only. Reviewer must decide structured analysis and child-facing word sum; neither is inferred from MorphoLex.,medium,in_review,,,
those_en_gb,{(those)},,[],[],[],,,in_review,open_licensed,MorphoLex-en,https://github.com/hugomailhot/MorphoLex-en,CC BY-NC-SA 4.0,Raw linguistic candidate only. Reviewer must decide structured analysis and child-facing word sum; neither is inferred from MorphoLex.,medium,in_review,,,
you_re_en_gb,{(you)},,[],[],[],,,in_review,open_licensed,MorphoLex-en,https://github.com/hugomailhot/MorphoLex-en,CC BY-NC-SA 4.0,Raw linguistic candidate only. Reviewer must decide structured analysis and child-facing word sum; neither is inferred from MorphoLex.,medium,in_review,,,
while_en_gb,{(while)},,[],[],[],,,in_review,open_licensed,MorphoLex-en,https://github.com/hugomailhot/MorphoLex-en,CC BY-NC-SA 4.0,Raw linguistic candidate only. Reviewer must decide structured analysis and child-facing word sum; neither is inferred from MorphoLex.,medium,in_review,,,
last_en_gb,{(last)},,[],[],[],,,in_review,open_licensed,MorphoLex-en,https://github.com/hugomailhot/MorphoLex-en,CC BY-NC-SA 4.0,Raw linguistic candidate only. Reviewer must decide structured analysis and child-facing word sum; neither is inferred from MorphoLex.,medium,in_review,,,
both_en_gb,{(both)},,[],[],[],,,in_review,open_licensed,MorphoLex-en,https://github.com/hugomailhot/MorphoLex-en,CC BY-NC-SA 4.0,Raw linguistic candidate only. Reviewer must decide structured analysis and child-facing word sum; neither is inferred from MorphoLex.,medium,in_review,,,
come_en_gb,{(come)},,[],[],[],,,in_review,open_licensed,MorphoLex-en,https://github.com/hugomailhot/MorphoLex-en,CC BY-NC-SA 4.0,Raw linguistic candidate only. Reviewer must decide structured analysis and child-facing word sum; neither is inferred from MorphoLex.,medium,in_review,,,
better_en_gb,{(better)},,[],[],[],,,in_review,open_licensed,MorphoLex-en,https://github.com/hugomailhot/MorphoLex-en,CC BY-NC-SA 4.0,Raw linguistic candidate only. Reviewer must decide structured analysis and child-facing word sum; neither is inferred from MorphoLex.,medium,in_review,,,
always_en_gb,{(always)},,[],[],[],,,in_review,open_licensed,MorphoLex-en,https://github.com/hugomailhot/MorphoLex-en,CC BY-NC-SA 4.0,Raw linguistic candidate only. Reviewer must decide structured analysis and child-facing word sum; neither is inferred from MorphoLex.,medium,in_review,,,
high_en_gb,{(high)},,[],[],[],,,in_review,open_licensed,MorphoLex-en,https://github.com/hugomailhot/MorphoLex-en,CC BY-NC-SA 4.0,Raw linguistic candidate only. Reviewer must decide structured analysis and child-facing word sum; neither is inferred from MorphoLex.,medium,in_review,,,
under_en_gb,{(under)},,[],[],[],,,in_review,open_licensed,MorphoLex-en,https://github.com/hugomailhot/MorphoLex-en,CC BY-NC-SA 4.0,Raw linguistic candidate only. Reviewer must decide structured analysis and child-facing word sum; neither is inferred from MorphoLex.,medium,in_review,,,
mr_en_gb,,,[],[],[],,,in_review,internal_authored,No exact MorphoLex-en row,,,Raw linguistic candidate only. Reviewer must decide structured analysis and child-facing word sum; neither is inferred from MorphoLex.,low,in_review,,,
didn_t_en_gb,{(did)},,[],[],[],,,in_review,open_licensed,MorphoLex-en,https://github.com/hugomailhot/MorphoLex-en,CC BY-NC-SA 4.0,Raw linguistic candidate only. Reviewer must decide structured analysis and child-facing word sum; neither is inferred from MorphoLex.,medium,in_review,,,
feel_en_gb,{(feel)},,[],[],[],,,in_review,open_licensed,MorphoLex-en,https://github.com/hugomailhot/MorphoLex-en,CC BY-NC-SA 4.0,Raw linguistic candidate only. Reviewer must decide structured analysis and child-facing word sum; neither is inferred from MorphoLex.,medium,in_review,,,
sure_en_gb,{(sure)},,[],[],[],,,in_review,open_licensed,MorphoLex-en,https://github.com/hugomailhot/MorphoLex-en,CC BY-NC-SA 4.0,Raw linguistic candidate only. Reviewer must decide structured analysis and child-facing word sum; neither is inferred from MorphoLex.,medium,in_review,,,
might_en_gb,{(might)},,[],[],[],,,in_review,open_licensed,MorphoLex-en,https://github.com/hugomailhot/MorphoLex-en,CC BY-NC-SA 4.0,Raw linguistic candidate only. Reviewer must decide structured analysis and child-facing word sum; neither is inferred from MorphoLex.,medium,in_review,,,
name_en_gb,{(name)},,[],[],[],,,in_review,open_licensed,MorphoLex-en,https://github.com/hugomailhot/MorphoLex-en,CC BY-NC-SA 4.0,Raw linguistic candidate only. Reviewer must decide structured analysis and child-facing word sum; neither is inferred from MorphoLex.,medium,in_review,,,
he_s_en_gb,{(he)},,[],[],[],,,in_review,open_licensed,MorphoLex-en,https://github.com/hugomailhot/MorphoLex-en,CC BY-NC-SA 4.0,Raw linguistic candidate only. Reviewer must decide structured analysis and child-facing word sum; neither is inferred from MorphoLex.,medium,in_review,,,
thought_en_gb,{(thought)},,[],[],[],,,in_review,open_licensed,MorphoLex-en,https://github.com/hugomailhot/MorphoLex-en,CC BY-NC-SA 4.0,Raw linguistic candidate only. Reviewer must decide structured analysis and child-facing word sum; neither is inferred from MorphoLex.,medium,in_review,,,
done_en_gb,{(done)},,[],[],[],,,in_review,open_licensed,MorphoLex-en,https://github.com/hugomailhot/MorphoLex-en,CC BY-NC-SA 4.0,Raw linguistic candidate only. Reviewer must decide structured analysis and child-facing word sum; neither is inferred from MorphoLex.,medium,in_review,,,
women_en_gb,{(women)},,[],[],[],,,in_review,open_licensed,MorphoLex-en,https://github.com/hugomailhot/MorphoLex-en,CC BY-NC-SA 4.0,Raw linguistic candidate only. Reviewer must decide structured analysis and child-facing word sum; neither is inferred from MorphoLex.,medium,in_review,,,
system_en_gb,{(system)},,[],[],[],,,in_review,open_licensed,MorphoLex-en,https://github.com/hugomailhot/MorphoLex-en,CC BY-NC-SA 4.0,Raw linguistic candidate only. Reviewer must decide structured analysis and child-facing word sum; neither is inferred from MorphoLex.,medium,in_review,,,
case_en_gb,{(case)},,[],[],[],,,in_review,open_licensed,MorphoLex-en,https://github.com/hugomailhot/MorphoLex-en,CC BY-NC-SA 4.0,Raw linguistic candidate only. Reviewer must decide structured analysis and child-facing word sum; neither is inferred from MorphoLex.,medium,in_review,,,
today_en_gb,{(to)(day)},,[],[],[],,,in_review,open_licensed,MorphoLex-en,https://github.com/hugomailhot/MorphoLex-en,CC BY-NC-SA 4.0,Raw linguistic candidate only. Reviewer must decide structured analysis and child-facing word sum; neither is inferred from MorphoLex.,medium,in_review,,,
already_en_gb,{(already)},,[],[],[],,,in_review,open_licensed,MorphoLex-en,https://github.com/hugomailhot/MorphoLex-en,CC BY-NC-SA 4.0,Raw linguistic candidate only. Reviewer must decide structured analysis and child-facing word sum; neither is inferred from MorphoLex.,medium,in_review,,,
nothing_en_gb,{(no)(thing)},,[],[],[],,,in_review,open_licensed,MorphoLex-en,https://github.com/hugomailhot/MorphoLex-en,CC BY-NC-SA 4.0,Raw linguistic candidate only. Reviewer must decide structured analysis and child-facing word sum; neither is inferred from MorphoLex.,medium,in_review,,,
told_en_gb,{(told)},,[],[],[],,,in_review,open_licensed,MorphoLex-en,https://github.com/hugomailhot/MorphoLex-en,CC BY-NC-SA 4.0,Raw linguistic candidate only. Reviewer must decide structured analysis and child-facing word sum; neither is inferred from MorphoLex.,medium,in_review,,,
doesn_t_en_gb,{(do)},,[],[],[],,,in_review,open_licensed,MorphoLex-en,https://github.com/hugomailhot/MorphoLex-en,CC BY-NC-SA 4.0,Raw linguistic candidate only. Reviewer must decide structured analysis and child-facing word sum; neither is inferred from MorphoLex.,medium,in_review,,,
seen_en_gb,{(see)}>n>,,[],[],[],,,in_review,open_licensed,MorphoLex-en,https://github.com/hugomailhot/MorphoLex-en,CC BY-NC-SA 4.0,Raw linguistic candidate only. Reviewer must decide structured analysis and child-facing word sum; neither is inferred from MorphoLex.,medium,in_review,,,
water_en_gb,{(water)},,[],[],[],,,in_review,open_licensed,MorphoLex-en,https://github.com/hugomailhot/MorphoLex-en,CC BY-NC-SA 4.0,Raw linguistic candidate only. Reviewer must decide structured analysis and child-facing word sum; neither is inferred from MorphoLex.,medium,in_review,,,
call_en_gb,{(call)},,[],[],[],,,in_review,open_licensed,MorphoLex-en,https://github.com/hugomailhot/MorphoLex-en,CC BY-NC-SA 4.0,Raw linguistic candidate only. Reviewer must decide structured analysis and child-facing word sum; neither is inferred from MorphoLex.,medium,in_review,,,
head_en_gb,{(head)},,[],[],[],,,in_review,open_licensed,MorphoLex-en,https://github.com/hugomailhot/MorphoLex-en,CC BY-NC-SA 4.0,Raw linguistic candidate only. Reviewer must decide structured analysis and child-facing word sum; neither is inferred from MorphoLex.,medium,in_review,,,
took_en_gb,{(took)},,[],[],[],,,in_review,open_licensed,MorphoLex-en,https://github.com/hugomailhot/MorphoLex-en,CC BY-NC-SA 4.0,Raw linguistic candidate only. Reviewer must decide structured analysis and child-facing word sum; neither is inferred from MorphoLex.,medium,in_review,,,
white_en_gb,{(white)},,[],[],[],,,in_review,open_licensed,MorphoLex-en,https://github.com/hugomailhot/MorphoLex-en,CC BY-NC-SA 4.0,Raw linguistic candidate only. Reviewer must decide structured analysis and child-facing word sum; neither is inferred from MorphoLex.,medium,in_review,,,
believe_en_gb,{(believe)},,[],[],[],,,in_review,open_licensed,MorphoLex-en,https://github.com/hugomailhot/MorphoLex-en,CC BY-NC-SA 4.0,Raw linguistic candidate only. Reviewer must decide structured analysis and child-facing word sum; neither is inferred from MorphoLex.,medium,in_review,,,
side_en_gb,{(side)},,[],[],[],,,in_review,open_licensed,MorphoLex-en,https://github.com/hugomailhot/MorphoLex-en,CC BY-NC-SA 4.0,Raw linguistic candidate only. Reviewer must decide structured analysis and child-facing word sum; neither is inferred from MorphoLex.,medium,in_review,,,
though_en_gb,{(though)},,[],[],[],,,in_review,open_licensed,MorphoLex-en,https://github.com/hugomailhot/MorphoLex-en,CC BY-NC-SA 4.0,Raw linguistic candidate only. Reviewer must decide structured analysis and child-facing word sum; neither is inferred from MorphoLex.,medium,in_review,,,
actually_en_gb,{(act)>al>}>y>,,[],[],[],,,in_review,open_licensed,MorphoLex-en,https://github.com/hugomailhot/MorphoLex-en,CC BY-NC-SA 4.0,Raw linguistic candidate only. Reviewer must decide structured analysis and child-facing word sum; neither is inferred from MorphoLex.,medium,in_review,,,
line_en_gb,{(line)},,[],[],[],,,in_review,open_licensed,MorphoLex-en,https://github.com/hugomailhot/MorphoLex-en,CC BY-NC-SA 4.0,Raw linguistic candidate only. Reviewer must decide structured analysis and child-facing word sum; neither is inferred from MorphoLex.,medium,in_review,,,
party_en_gb,{(party)},,[],[],[],,,in_review,open_licensed,MorphoLex-en,https://github.com/hugomailhot/MorphoLex-en,CC BY-NC-SA 4.0,Raw linguistic candidate only. Reviewer must decide structured analysis and child-facing word sum; neither is inferred from MorphoLex.,medium,in_review,,,
country_en_gb,{(country)},,[],[],[],,,in_review,open_licensed,MorphoLex-en,https://github.com/hugomailhot/MorphoLex-en,CC BY-NC-SA 4.0,Raw linguistic candidate only. Reviewer must decide structured analysis and child-facing word sum; neither is inferred from MorphoLex.,medium,in_review,,,
they_re_en_gb,{(they)},,[],[],[],,,in_review,open_licensed,MorphoLex-en,https://github.com/hugomailhot/MorphoLex-en,CC BY-NC-SA 4.0,Raw linguistic candidate only. Reviewer must decide structured analysis and child-facing word sum; neither is inferred from MorphoLex.,medium,in_review,,,
five_en_gb,{(five)},,[],[],[],,,in_review,open_licensed,MorphoLex-en,https://github.com/hugomailhot/MorphoLex-en,CC BY-NC-SA 4.0,Raw linguistic candidate only. Reviewer must decide structured analysis and child-facing word sum; neither is inferred from MorphoLex.,medium,in_review,,,
important_en_gb,{(import)>ant>},,[],[],[],,,in_review,open_licensed,MorphoLex-en,https://github.com/hugomailhot/MorphoLex-en,CC BY-NC-SA 4.0,Raw linguistic candidate only. Reviewer must decide structured analysis and child-facing word sum; neither is inferred from MorphoLex.,medium,in_review,,,
i_ll_en_gb,{(i)},,[],[],[],,,in_review,open_licensed,MorphoLex-en,https://github.com/hugomailhot/MorphoLex-en,CC BY-NC-SA 4.0,Raw linguistic candidate only. Reviewer must decide structured analysis and child-facing word sum; neither is inferred from MorphoLex.,medium,in_review,,,
young_en_gb,{(young)},,[],[],[],,,in_review,open_licensed,MorphoLex-en,https://github.com/hugomailhot/MorphoLex-en,CC BY-NC-SA 4.0,Raw linguistic candidate only. Reviewer must decide structured analysis and child-facing word sum; neither is inferred from MorphoLex.,medium,in_review,,,
often_en_gb,{(often)},,[],[],[],,,in_review,open_licensed,MorphoLex-en,https://github.com/hugomailhot/MorphoLex-en,CC BY-NC-SA 4.0,Raw linguistic candidate only. Reviewer must decide structured analysis and child-facing word sum; neither is inferred from MorphoLex.,medium,in_review,,,
pay_en_gb,{(pay)},,[],[],[],,,in_review,open_licensed,MorphoLex-en,https://github.com/hugomailhot/MorphoLex-en,CC BY-NC-SA 4.0,Raw linguistic candidate only. Reviewer must decide structured analysis and child-facing word sum; neither is inferred from MorphoLex.,medium,in_review,,,
room_en_gb,{(room)},,[],[],[],,,in_review,open_licensed,MorphoLex-en,https://github.com/hugomailhot/MorphoLex-en,CC BY-NC-SA 4.0,Raw linguistic candidate only. Reviewer must decide structured analysis and child-facing word sum; neither is inferred from MorphoLex.,medium,in_review,,,
almost_en_gb,{(almost)},,[],[],[],,,in_review,open_licensed,MorphoLex-en,https://github.com/hugomailhot/MorphoLex-en,CC BY-NC-SA 4.0,Raw linguistic candidate only. Reviewer must decide structured analysis and child-facing word sum; neither is inferred from MorphoLex.,medium,in_review,,,
probably_en_gb,{(prob)>able>}>y>,,[],[],[],,,in_review,open_licensed,MorphoLex-en,https://github.com/hugomailhot/MorphoLex-en,CC BY-NC-SA 4.0,Raw linguistic candidate only. Reviewer must decide structured analysis and child-facing word sum; neither is inferred from MorphoLex.,medium,in_review,,,
understand_en_gb,{(understand)},,[],[],[],,,in_review,open_licensed,MorphoLex-en,https://github.com/hugomailhot/MorphoLex-en,CC BY-NC-SA 4.0,Raw linguistic candidate only. Reviewer must decide structured analysis and child-facing word sum; neither is inferred from MorphoLex.,medium,in_review,,,
international_en_gb,<inter<{(nation)}>al>,,[],[],[],,,in_review,open_licensed,MorphoLex-en,https://github.com/hugomailhot/MorphoLex-en,CC BY-NC-SA 4.0,Raw linguistic candidate only. Reviewer must decide structured analysis and child-facing word sum; neither is inferred from MorphoLex.,medium,in_review,,,
class_en_gb,{(class)},,[],[],[],,,in_review,open_licensed,MorphoLex-en,https://github.com/hugomailhot/MorphoLex-en,CC BY-NC-SA 4.0,Raw linguistic candidate only. Reviewer must decide structured analysis and child-facing word sum; neither is inferred from MorphoLex.,medium,in_review,,,
ask_en_gb,{(ask)},,[],[],[],,,in_review,open_licensed,MorphoLex-en,https://github.com/hugomailhot/MorphoLex-en,CC BY-NC-SA 4.0,Raw linguistic candidate only. Reviewer must decide structured analysis and child-facing word sum; neither is inferred from MorphoLex.,medium,in_review,,,
morning_en_gb,{(morning)},,[],[],[],,,in_review,open_licensed,MorphoLex-en,https://github.com/hugomailhot/MorphoLex-en,CC BY-NC-SA 4.0,Raw linguistic candidate only. Reviewer must decide structured analysis and child-facing word sum; neither is inferred from MorphoLex.,medium,in_review,,,
soon_en_gb,{(soon)},,[],[],[],,,in_review,open_licensed,MorphoLex-en,https://github.com/hugomailhot/MorphoLex-en,CC BY-NC-SA 4.0,Raw linguistic candidate only. Reviewer must decide structured analysis and child-facing word sum; neither is inferred from MorphoLex.,medium,in_review,,,
age_en_gb,{(age)},,[],[],[],,,in_review,open_licensed,MorphoLex-en,https://github.com/hugomailhot/MorphoLex-en,CC BY-NC-SA 4.0,Raw linguistic candidate only. Reviewer must decide structured analysis and child-facing word sum; neither is inferred from MorphoLex.,medium,in_review,,,
whether_en_gb,{(whether)},,[],[],[],,,in_review,open_licensed,MorphoLex-en,https://github.com/hugomailhot/MorphoLex-en,CC BY-NC-SA 4.0,Raw linguistic candidate only. Reviewer must decide structured analysis and child-facing word sum; neither is inferred from MorphoLex.,medium,in_review,,,
reason_en_gb,{(reason)},,[],[],[],,,in_review,open_licensed,MorphoLex-en,https://github.com/hugomailhot/MorphoLex-en,CC BY-NC-SA 4.0,Raw linguistic candidate only. Reviewer must decide structured analysis and child-facing word sum; neither is inferred from MorphoLex.,medium,in_review,,,
heart_en_gb,{(heart)},,[],[],[],,,in_review,open_licensed,MorphoLex-en,https://github.com/hugomailhot/MorphoLex-en,CC BY-NC-SA 4.0,Raw linguistic candidate only. Reviewer must decide structured analysis and child-facing word sum; neither is inferred from MorphoLex.,medium,in_review,,,
although_en_gb,{<al<(though)},,[],[],[],,,in_review,open_licensed,MorphoLex-en,https://github.com/hugomailhot/MorphoLex-en,CC BY-NC-SA 4.0,Raw linguistic candidate only. Reviewer must decide structured analysis and child-facing word sum; neither is inferred from MorphoLex.,medium,in_review,,,
easy_en_gb,{(ease)}>y>,,[],[],[],,,in_review,open_licensed,MorphoLex-en,https://github.com/hugomailhot/MorphoLex-en,CC BY-NC-SA 4.0,Raw linguistic candidate only. Reviewer must decide structured analysis and child-facing word sum; neither is inferred from MorphoLex.,medium,in_review,,,
art_en_gb,{(art)},,[],[],[],,,in_review,open_licensed,MorphoLex-en,https://github.com/hugomailhot/MorphoLex-en,CC BY-NC-SA 4.0,Raw linguistic candidate only. Reviewer must decide structured analysis and child-facing word sum; neither is inferred from MorphoLex.,medium,in_review,,,
behind_en_gb,{(behind)},,[],[],[],,,in_review,open_licensed,MorphoLex-en,https://github.com/hugomailhot/MorphoLex-en,CC BY-NC-SA 4.0,Raw linguistic candidate only. Reviewer must decide structured analysis and child-facing word sum; neither is inferred from MorphoLex.,medium,in_review,,,
quite_en_gb,{(quite)},,[],[],[],,,in_review,open_licensed,MorphoLex-en,https://github.com/hugomailhot/MorphoLex-en,CC BY-NC-SA 4.0,Raw linguistic candidate only. Reviewer must decide structured analysis and child-facing word sum; neither is inferred from MorphoLex.,medium,in_review,,,
available_en_gb,{<a<(vail)}>able>,,[],[],[],,,in_review,open_licensed,MorphoLex-en,https://github.com/hugomailhot/MorphoLex-en,CC BY-NC-SA 4.0,Raw linguistic candidate only. Reviewer must decide structured analysis and child-facing word sum; neither is inferred from MorphoLex.,medium,in_review,,,
son_en_gb,{(sono)},,[],[],[],,,in_review,open_licensed,MorphoLex-en,https://github.com/hugomailhot/MorphoLex-en,CC BY-NC-SA 4.0,Raw linguistic candidate only. Reviewer must decide structured analysis and child-facing word sum; neither is inferred from MorphoLex.,medium,in_review,,,
wasn_t_en_gb,{(was)},,[],[],[],,,in_review,open_licensed,MorphoLex-en,https://github.com/hugomailhot/MorphoLex-en,CC BY-NC-SA 4.0,Raw linguistic candidate only. Reviewer must decide structured analysis and child-facing word sum; neither is inferred from MorphoLex.,medium,in_review,,,
according_en_gb,{(accord)},,[],[],[],,,in_review,open_licensed,MorphoLex-en,https://github.com/hugomailhot/MorphoLex-en,CC BY-NC-SA 4.0,Raw linguistic candidate only. Reviewer must decide structured analysis and child-facing word sum; neither is inferred from MorphoLex.,medium,in_review,,,
meet_en_gb,{(meet)},,[],[],[],,,in_review,open_licensed,MorphoLex-en,https://github.com/hugomailhot/MorphoLex-en,CC BY-NC-SA 4.0,Raw linguistic candidate only. Reviewer must decide structured analysis and child-facing word sum; neither is inferred from MorphoLex.,medium,in_review,,,
heard_en_gb,{(heard)},,[],[],[],,,in_review,open_licensed,MorphoLex-en,https://github.com/hugomailhot/MorphoLex-en,CC BY-NC-SA 4.0,Raw linguistic candidate only. Reviewer must decide structured analysis and child-facing word sum; neither is inferred from MorphoLex.,medium,in_review,,,
experience_en_gb,{(experience)},,[],[],[],,,in_review,open_licensed,MorphoLex-en,https://github.com/hugomailhot/MorphoLex-en,CC BY-NC-SA 4.0,Raw linguistic candidate only. Reviewer must decide structured analysis and child-facing word sum; neither is inferred from MorphoLex.,medium,in_review,,,
current_en_gb,{(current)},,[],[],[],,,in_review,open_licensed,MorphoLex-en,https://github.com/hugomailhot/MorphoLex-en,CC BY-NC-SA 4.0,Raw linguistic candidate only. Reviewer must decide structured analysis and child-facing word sum; neither is inferred from MorphoLex.,medium,in_review,,,
study_en_gb,{(stud)>y>},,[],[],[],,,in_review,open_licensed,MorphoLex-en,https://github.com/hugomailhot/MorphoLex-en,CC BY-NC-SA 4.0,Raw linguistic candidate only. Reviewer must decide structured analysis and child-facing word sum; neither is inferred from MorphoLex.,medium,in_review,,,
father_en_gb,{(father)},,[],[],[],,,in_review,open_licensed,MorphoLex-en,https://github.com/hugomailhot/MorphoLex-en,CC BY-NC-SA 4.0,Raw linguistic candidate only. Reviewer must decide structured analysis and child-facing word sum; neither is inferred from MorphoLex.,medium,in_review,,,
march_en_gb,{(march)},,[],[],[],,,in_review,open_licensed,MorphoLex-en,https://github.com/hugomailhot/MorphoLex-en,CC BY-NC-SA 4.0,Raw linguistic candidate only. Reviewer must decide structured analysis and child-facing word sum; neither is inferred from MorphoLex.,medium,in_review,,,
gave_en_gb,{(gave)},,[],[],[],,,in_review,open_licensed,MorphoLex-en,https://github.com/hugomailhot/MorphoLex-en,CC BY-NC-SA 4.0,Raw linguistic candidate only. Reviewer must decide structured analysis and child-facing word sum; neither is inferred from MorphoLex.,medium,in_review,,,
month_en_gb,{(month)},,[],[],[],,,in_review,open_licensed,MorphoLex-en,https://github.com/hugomailhot/MorphoLex-en,CC BY-NC-SA 4.0,Raw linguistic candidate only. Reviewer must decide structured analysis and child-facing word sum; neither is inferred from MorphoLex.,medium,in_review,,,
town_en_gb,{(town)},,[],[],[],,,in_review,open_licensed,MorphoLex-en,https://github.com/hugomailhot/MorphoLex-en,CC BY-NC-SA 4.0,Raw linguistic candidate only. Reviewer must decide structured analysis and child-facing word sum; neither is inferred from MorphoLex.,medium,in_review,,,
main_en_gb,{(main)},,[],[],[],,,in_review,open_licensed,MorphoLex-en,https://github.com/hugomailhot/MorphoLex-en,CC BY-NC-SA 4.0,Raw linguistic candidate only. Reviewer must decide structured analysis and child-facing word sum; neither is inferred from MorphoLex.,medium,in_review,,,
energy_en_gb,{(energ)>y>},,[],[],[],,,in_review,open_licensed,MorphoLex-en,https://github.com/hugomailhot/MorphoLex-en,CC BY-NC-SA 4.0,Raw linguistic candidate only. Reviewer must decide structured analysis and child-facing word sum; neither is inferred from MorphoLex.,medium,in_review,,,
you_ll_en_gb,{(you)},,[],[],[],,,in_review,open_licensed,MorphoLex-en,https://github.com/hugomailhot/MorphoLex-en,CC BY-NC-SA 4.0,Raw linguistic candidate only. Reviewer must decide structured analysis and child-facing word sum; neither is inferred from MorphoLex.,medium,in_review,,,
site_en_gb,{(site)},,[],[],[],,,in_review,open_licensed,MorphoLex-en,https://github.com/hugomailhot/MorphoLex-en,CC BY-NC-SA 4.0,Raw linguistic candidate only. Reviewer must decide structured analysis and child-facing word sum; neither is inferred from MorphoLex.,medium,in_review,,,
position_en_gb,{(posit)>ion>},,[],[],[],,,in_review,open_licensed,MorphoLex-en,https://github.com/hugomailhot/MorphoLex-en,CC BY-NC-SA 4.0,Raw linguistic candidate only. Reviewer must decide structured analysis and child-facing word sum; neither is inferred from MorphoLex.,medium,in_review,,,
especially_en_gb,{<e<(special)}>ly>,,[],[],[],,,in_review,open_licensed,MorphoLex-en,https://github.com/hugomailhot/MorphoLex-en,CC BY-NC-SA 4.0,Raw linguistic candidate only. Reviewer must decide structured analysis and child-facing word sum; neither is inferred from MorphoLex.,medium,in_review,,,
parents_en_gb,{(parent)},,[],[],[],,,in_review,open_licensed,MorphoLex-en,https://github.com/hugomailhot/MorphoLex-en,CC BY-NC-SA 4.0,Raw linguistic candidate only. Reviewer must decide structured analysis and child-facing word sum; neither is inferred from MorphoLex.,medium,in_review,,,
total_en_gb,{(total)},,[],[],[],,,in_review,open_licensed,MorphoLex-en,https://github.com/hugomailhot/MorphoLex-en,CC BY-NC-SA 4.0,Raw linguistic candidate only. Reviewer must decide structured analysis and child-facing word sum; neither is inferred from MorphoLex.,medium,in_review,,,
june_en_gb,{(june)},,[],[],[],,,in_review,open_licensed,MorphoLex-en,https://github.com/hugomailhot/MorphoLex-en,CC BY-NC-SA 4.0,Raw linguistic candidate only. Reviewer must decide structured analysis and child-facing word sum; neither is inferred from MorphoLex.,medium,in_review,,,
knew_en_gb,{(knew)},,[],[],[],,,in_review,open_licensed,MorphoLex-en,https://github.com/hugomailhot/MorphoLex-en,CC BY-NC-SA 4.0,Raw linguistic candidate only. Reviewer must decide structured analysis and child-facing word sum; neither is inferred from MorphoLex.,medium,in_review,,,
won_en_gb,{(won)},,[],[],[],,,in_review,open_licensed,MorphoLex-en,https://github.com/hugomailhot/MorphoLex-en,CC BY-NC-SA 4.0,Raw linguistic candidate only. Reviewer must decide structured analysis and child-facing word sum; neither is inferred from MorphoLex.,medium,in_review,,,
happened_en_gb,{(happen)},,[],[],[],,,in_review,open_licensed,MorphoLex-en,https://github.com/hugomailhot/MorphoLex-en,CC BY-NC-SA 4.0,Raw linguistic candidate only. Reviewer must decide structured analysis and child-facing word sum; neither is inferred from MorphoLex.,medium,in_review,,,
lead_en_gb,{(lead)},,[],[],[],,,in_review,open_licensed,MorphoLex-en,https://github.com/hugomailhot/MorphoLex-en,CC BY-NC-SA 4.0,Raw linguistic candidate only. Reviewer must decide structured analysis and child-facing word sum; neither is inferred from MorphoLex.,medium,in_review,,,
dead_en_gb,{(dead)},,[],[],[],,,in_review,open_licensed,MorphoLex-en,https://github.com/hugomailhot/MorphoLex-en,CC BY-NC-SA 4.0,Raw linguistic candidate only. Reviewer must decide structured analysis and child-facing word sum; neither is inferred from MorphoLex.,medium,in_review,,,
hold_en_gb,{(hold)},,[],[],[],,,in_review,open_licensed,MorphoLex-en,https://github.com/hugomailhot/MorphoLex-en,CC BY-NC-SA 4.0,Raw linguistic candidate only. Reviewer must decide structured analysis and child-facing word sum; neither is inferred from MorphoLex.,medium,in_review,,,
april_en_gb,{(april)},,[],[],[],,,in_review,open_licensed,MorphoLex-en,https://github.com/hugomailhot/MorphoLex-en,CC BY-NC-SA 4.0,Raw linguistic candidate only. Reviewer must decide structured analysis and child-facing word sum; neither is inferred from MorphoLex.,medium,in_review,,,
couple_en_gb,{(couple)},,[],[],[],,,in_review,open_licensed,MorphoLex-en,https://github.com/hugomailhot/MorphoLex-en,CC BY-NC-SA 4.0,Raw linguistic candidate only. Reviewer must decide structured analysis and child-facing word sum; neither is inferred from MorphoLex.,medium,in_review,,,
happen_en_gb,{(happen)},,[],[],[],,,in_review,open_licensed,MorphoLex-en,https://github.com/hugomailhot/MorphoLex-en,CC BY-NC-SA 4.0,Raw linguistic candidate only. Reviewer must decide structured analysis and child-facing word sum; neither is inferred from MorphoLex.,medium,in_review,,,
return_en_gb,{(return)},,[],[],[],,,in_review,open_licensed,MorphoLex-en,https://github.com/hugomailhot/MorphoLex-en,CC BY-NC-SA 4.0,Raw linguistic candidate only. Reviewer must decide structured analysis and child-facing word sum; neither is inferred from MorphoLex.,medium,in_review,,,
wouldn_t_en_gb,{(would)},,[],[],[],,,in_review,open_licensed,MorphoLex-en,https://github.com/hugomailhot/MorphoLex-en,CC BY-NC-SA 4.0,Raw linguistic candidate only. Reviewer must decide structured analysis and child-facing word sum; neither is inferred from MorphoLex.,medium,in_review,,,
finally_en_gb,{(final)}>ly>,,[],[],[],,,in_review,open_licensed,MorphoLex-en,https://github.com/hugomailhot/MorphoLex-en,CC BY-NC-SA 4.0,Raw linguistic candidate only. Reviewer must decide structured analysis and child-facing word sum; neither is inferred from MorphoLex.,medium,in_review,,,
society_en_gb,{(socio)>ity>},,[],[],[],,,in_review,open_licensed,MorphoLex-en,https://github.com/hugomailhot/MorphoLex-en,CC BY-NC-SA 4.0,Raw linguistic candidate only. Reviewer must decide structured analysis and child-facing word sum; neither is inferred from MorphoLex.,medium,in_review,,,
girls_en_gb,{(girl)},,[],[],[],,,in_review,open_licensed,MorphoLex-en,https://github.com/hugomailhot/MorphoLex-en,CC BY-NC-SA 4.0,Raw linguistic candidate only. Reviewer must decide structured analysis and child-facing word sum; neither is inferred from MorphoLex.,medium,in_review,,,
gold_en_gb,{(gold)},,[],[],[],,,in_review,open_licensed,MorphoLex-en,https://github.com/hugomailhot/MorphoLex-en,CC BY-NC-SA 4.0,Raw linguistic candidate only. Reviewer must decide structured analysis and child-facing word sum; neither is inferred from MorphoLex.,medium,in_review,,,
july_en_gb,{(july)},,[],[],[],,,in_review,open_licensed,MorphoLex-en,https://github.com/hugomailhot/MorphoLex-en,CC BY-NC-SA 4.0,Raw linguistic candidate only. Reviewer must decide structured analysis and child-facing word sum; neither is inferred from MorphoLex.,medium,in_review,,,
interest_en_gb,{(interest)},,[],[],[],,,in_review,open_licensed,MorphoLex-en,https://github.com/hugomailhot/MorphoLex-en,CC BY-NC-SA 4.0,Raw linguistic candidate only. Reviewer must decide structured analysis and child-facing word sum; neither is inferred from MorphoLex.,medium,in_review,,,
certain_en_gb,{(certain)},,[],[],[],,,in_review,open_licensed,MorphoLex-en,https://github.com/hugomailhot/MorphoLex-en,CC BY-NC-SA 4.0,Raw linguistic candidate only. Reviewer must decide structured analysis and child-facing word sum; neither is inferred from MorphoLex.,medium,in_review,,,
average_en_gb,{(average)},,[],[],[],,,in_review,open_licensed,MorphoLex-en,https://github.com/hugomailhot/MorphoLex-en,CC BY-NC-SA 4.0,Raw linguistic candidate only. Reviewer must decide structured analysis and child-facing word sum; neither is inferred from MorphoLex.,medium,in_review,,,
brought_en_gb,{(brought)},,[],[],[],,,in_review,open_licensed,MorphoLex-en,https://github.com/hugomailhot/MorphoLex-en,CC BY-NC-SA 4.0,Raw linguistic candidate only. Reviewer must decide structured analysis and child-facing word sum; neither is inferred from MorphoLex.,medium,in_review,,,
ground_en_gb,{(ground)},,[],[],[],,,in_review,open_licensed,MorphoLex-en,https://github.com/hugomailhot/MorphoLex-en,CC BY-NC-SA 4.0,Raw linguistic candidate only. Reviewer must decide structured analysis and child-facing word sum; neither is inferred from MorphoLex.,medium,in_review,,,
september_en_gb,{(september)},,[],[],[],,,in_review,open_licensed,MorphoLex-en,https://github.com/hugomailhot/MorphoLex-en,CC BY-NC-SA 4.0,Raw linguistic candidate only. Reviewer must decide structured analysis and child-facing word sum; neither is inferred from MorphoLex.,medium,in_review,,,
round_en_gb,{(round)},,[],[],[],,,in_review,open_licensed,MorphoLex-en,https://github.com/hugomailhot/MorphoLex-en,CC BY-NC-SA 4.0,Raw linguistic candidate only. Reviewer must decide structured analysis and child-facing word sum; neither is inferred from MorphoLex.,medium,in_review,,,
eat_en_gb,{(eat)},,[],[],[],,,in_review,open_licensed,MorphoLex-en,https://github.com/hugomailhot/MorphoLex-en,CC BY-NC-SA 4.0,Raw linguistic candidate only. Reviewer must decide structured analysis and child-facing word sum; neither is inferred from MorphoLex.,medium,in_review,,,
size_en_gb,{(size)},,[],[],[],,,in_review,open_licensed,MorphoLex-en,https://github.com/hugomailhot/MorphoLex-en,CC BY-NC-SA 4.0,Raw linguistic candidate only. Reviewer must decide structured analysis and child-facing word sum; neither is inferred from MorphoLex.,medium,in_review,,,
fall_en_gb,{(fall)},,[],[],[],,,in_review,open_licensed,MorphoLex-en,https://github.com/hugomailhot/MorphoLex-en,CC BY-NC-SA 4.0,Raw linguistic candidate only. Reviewer must decide structured analysis and child-facing word sum; neither is inferred from MorphoLex.,medium,in_review,,,
you_ve_en_gb,{(you)},,[],[],[],,,in_review,open_licensed,MorphoLex-en,https://github.com/hugomailhot/MorphoLex-en,CC BY-NC-SA 4.0,Raw linguistic candidate only. Reviewer must decide structured analysis and child-facing word sum; neither is inferred from MorphoLex.,medium,in_review,,,
league_en_gb,{(league)},,[],[],[],,,in_review,open_licensed,MorphoLex-en,https://github.com/hugomailhot/MorphoLex-en,CC BY-NC-SA 4.0,Raw linguistic candidate only. Reviewer must decide structured analysis and child-facing word sum; neither is inferred from MorphoLex.,medium,in_review,,,
review_en_gb,{<re<(view)},,[],[],[],,,in_review,open_licensed,MorphoLex-en,https://github.com/hugomailhot/MorphoLex-en,CC BY-NC-SA 4.0,Raw linguistic candidate only. Reviewer must decide structured analysis and child-facing word sum; neither is inferred from MorphoLex.,medium,in_review,,,
various_en_gb,{(vary)}>ious>,,[],[],[],,,in_review,open_licensed,MorphoLex-en,https://github.com/hugomailhot/MorphoLex-en,CC BY-NC-SA 4.0,Raw linguistic candidate only. Reviewer must decide structured analysis and child-facing word sum; neither is inferred from MorphoLex.,medium,in_review,,,
paid_en_gb,{(pay)},,[],[],[],,,in_review,open_licensed,MorphoLex-en,https://github.com/hugomailhot/MorphoLex-en,CC BY-NC-SA 4.0,Raw linguistic candidate only. Reviewer must decide structured analysis and child-facing word sum; neither is inferred from MorphoLex.,medium,in_review,,,
forward_en_gb,{(forward)},,[],[],[],,,in_review,open_licensed,MorphoLex-en,https://github.com/hugomailhot/MorphoLex-en,CC BY-NC-SA 4.0,Raw linguistic candidate only. Reviewer must decide structured analysis and child-facing word sum; neither is inferred from MorphoLex.,medium,in_review,,,
brother_en_gb,{(brother)},,[],[],[],,,in_review,open_licensed,MorphoLex-en,https://github.com/hugomailhot/MorphoLex-en,CC BY-NC-SA 4.0,Raw linguistic candidate only. Reviewer must decide structured analysis and child-facing word sum; neither is inferred from MorphoLex.,medium,in_review,,,
haven_t_en_gb,{(have)},,[],[],[],,,in_review,open_licensed,MorphoLex-en,https://github.com/hugomailhot/MorphoLex-en,CC BY-NC-SA 4.0,Raw linguistic candidate only. Reviewer must decide structured analysis and child-facing word sum; neither is inferred from MorphoLex.,medium,in_review,,,
character_en_gb,{(character)},,[],[],[],,,in_review,open_licensed,MorphoLex-en,https://github.com/hugomailhot/MorphoLex-en,CC BY-NC-SA 4.0,Raw linguistic candidate only. Reviewer must decide structured analysis and child-facing word sum; neither is inferred from MorphoLex.,medium,in_review,,,
october_en_gb,{(october)},,[],[],[],,,in_review,open_licensed,MorphoLex-en,https://github.com/hugomailhot/MorphoLex-en,CC BY-NC-SA 4.0,Raw linguistic candidate only. Reviewer must decide structured analysis and child-facing word sum; neither is inferred from MorphoLex.,medium,in_review,,,
led_en_gb,{(led)},,[],[],[],,,in_review,open_licensed,MorphoLex-en,https://github.com/hugomailhot/MorphoLex-en,CC BY-NC-SA 4.0,Raw linguistic candidate only. Reviewer must decide structured analysis and child-facing word sum; neither is inferred from MorphoLex.,medium,in_review,,,
oil_en_gb,{(oil)},,[],[],[],,,in_review,open_licensed,MorphoLex-en,https://github.com/hugomailhot/MorphoLex-en,CC BY-NC-SA 4.0,Raw linguistic candidate only. Reviewer must decide structured analysis and child-facing word sum; neither is inferred from MorphoLex.,medium,in_review,,,
august_en_gb,{(august)},,[],[],[],,,in_review,open_licensed,MorphoLex-en,https://github.com/hugomailhot/MorphoLex-en,CC BY-NC-SA 4.0,Raw linguistic candidate only. Reviewer must decide structured analysis and child-facing word sum; neither is inferred from MorphoLex.,medium,in_review,,,
november_en_gb,{(november)},,[],[],[],,,in_review,open_licensed,MorphoLex-en,https://github.com/hugomailhot/MorphoLex-en,CC BY-NC-SA 4.0,Raw linguistic candidate only. Reviewer must decide structured analysis and child-facing word sum; neither is inferred from MorphoLex.,medium,in_review,,,
serious_en_gb,{(serious)},,[],[],[],,,in_review,open_licensed,MorphoLex-en,https://github.com/hugomailhot/MorphoLex-en,CC BY-NC-SA 4.0,Raw linguistic candidate only. Reviewer must decide structured analysis and child-facing word sum; neither is inferred from MorphoLex.,medium,in_review,,,
co_own_en_gb,,,[],[],[],,,in_review,internal_authored,No exact MorphoLex-en row,,,Raw linguistic candidate only. Reviewer must decide structured analysis and child-facing word sum; neither is inferred from MorphoLex.,low,in_review,,,
language_en_gb,{(language)},,[],[],[],,,in_review,open_licensed,MorphoLex-en,https://github.com/hugomailhot/MorphoLex-en,CC BY-NC-SA 4.0,Raw linguistic candidate only. Reviewer must decide structured analysis and child-facing word sum; neither is inferred from MorphoLex.,medium,in_review,,,
situation_en_gb,{(situate)}>ion>,,[],[],[],,,in_review,open_licensed,MorphoLex-en,https://github.com/hugomailhot/MorphoLex-en,CC BY-NC-SA 4.0,Raw linguistic candidate only. Reviewer must decide structured analysis and child-facing word sum; neither is inferred from MorphoLex.,medium,in_review,,,
technology_en_gb,{(tech)(log)>y>},,[],[],[],,,in_review,open_licensed,MorphoLex-en,https://github.com/hugomailhot/MorphoLex-en,CC BY-NC-SA 4.0,Raw linguistic candidate only. Reviewer must decide structured analysis and child-facing word sum; neither is inferred from MorphoLex.,medium,in_review,,,
born_en_gb,{(born)},,[],[],[],,,in_review,open_licensed,MorphoLex-en,https://github.com/hugomailhot/MorphoLex-en,CC BY-NC-SA 4.0,Raw linguistic candidate only. Reviewer must decide structured analysis and child-facing word sum; neither is inferred from MorphoLex.,medium,in_review,,,
poor_en_gb,{(poor)},,[],[],[],,,in_review,open_licensed,MorphoLex-en,https://github.com/hugomailhot/MorphoLex-en,CC BY-NC-SA 4.0,Raw linguistic candidate only. Reviewer must decide structured analysis and child-facing word sum; neither is inferred from MorphoLex.,medium,in_review,,,
january_en_gb,{(january)},,[],[],[],,,in_review,open_licensed,MorphoLex-en,https://github.com/hugomailhot/MorphoLex-en,CC BY-NC-SA 4.0,Raw linguistic candidate only. Reviewer must decide structured analysis and child-facing word sum; neither is inferred from MorphoLex.,medium,in_review,,,
perhaps_en_gb,{(perhaps)},,[],[],[],,,in_review,open_licensed,MorphoLex-en,https://github.com/hugomailhot/MorphoLex-en,CC BY-NC-SA 4.0,Raw linguistic candidate only. Reviewer must decide structured analysis and child-facing word sum; neither is inferred from MorphoLex.,medium,in_review,,,
simply_en_gb,{(simple)}>y>,,[],[],[],,,in_review,open_licensed,MorphoLex-en,https://github.com/hugomailhot/MorphoLex-en,CC BY-NC-SA 4.0,Raw linguistic candidate only. Reviewer must decide structured analysis and child-facing word sum; neither is inferred from MorphoLex.,medium,in_review,,,
increase_en_gb,{<in<(crease)},,[],[],[],,,in_review,open_licensed,MorphoLex-en,https://github.com/hugomailhot/MorphoLex-en,CC BY-NC-SA 4.0,Raw linguistic candidate only. Reviewer must decide structured analysis and child-facing word sum; neither is inferred from MorphoLex.,medium,in_review,,,
financial_en_gb,{(finance)}>al>,,[],[],[],,,in_review,open_licensed,MorphoLex-en,https://github.com/hugomailhot/MorphoLex-en,CC BY-NC-SA 4.0,Raw linguistic candidate only. Reviewer must decide structured analysis and child-facing word sum; neither is inferred from MorphoLex.,medium,in_review,,,
hair_en_gb,{(hair)},,[],[],[],,,in_review,open_licensed,MorphoLex-en,https://github.com/hugomailhot/MorphoLex-en,CC BY-NC-SA 4.0,Raw linguistic candidate only. Reviewer must decide structured analysis and child-facing word sum; neither is inferred from MorphoLex.,medium,in_review,,,
door_en_gb,{(door)},,[],[],[],,,in_review,open_licensed,MorphoLex-en,https://github.com/hugomailhot/MorphoLex-en,CC BY-NC-SA 4.0,Raw linguistic candidate only. Reviewer must decide structured analysis and child-facing word sum; neither is inferred from MorphoLex.,medium,in_review,,,
race_en_gb,{(race)},,[],[],[],,,in_review,open_licensed,MorphoLex-en,https://github.com/hugomailhot/MorphoLex-en,CC BY-NC-SA 4.0,Raw linguistic candidate only. Reviewer must decide structured analysis and child-facing word sum; neither is inferred from MorphoLex.,medium,in_review,,,
continue_en_gb,{(continue)},,[],[],[],,,in_review,open_licensed,MorphoLex-en,https://github.com/hugomailhot/MorphoLex-en,CC BY-NC-SA 4.0,Raw linguistic candidate only. Reviewer must decide structured analysis and child-facing word sum; neither is inferred from MorphoLex.,medium,in_review,,,
legal_en_gb,{(legal)},,[],[],[],,,in_review,open_licensed,MorphoLex-en,https://github.com/hugomailhot/MorphoLex-en,CC BY-NC-SA 4.0,Raw linguistic candidate only. Reviewer must decide structured analysis and child-facing word sum; neither is inferred from MorphoLex.,medium,in_review,,,
foreign_en_gb,{(foreign)},,[],[],[],,,in_review,open_licensed,MorphoLex-en,https://github.com/hugomailhot/MorphoLex-en,CC BY-NC-SA 4.0,Raw linguistic candidate only. Reviewer must decide structured analysis and child-facing word sum; neither is inferred from MorphoLex.,medium,in_review,,,
safe_en_gb,{(safe)},,[],[],[],,,in_review,open_licensed,MorphoLex-en,https://github.com/hugomailhot/MorphoLex-en,CC BY-NC-SA 4.0,Raw linguistic candidate only. Reviewer must decide structured analysis and child-facing word sum; neither is inferred from MorphoLex.,medium,in_review,,,
hospital_en_gb,{(hospital)},,[],[],[],,,in_review,open_licensed,MorphoLex-en,https://github.com/hugomailhot/MorphoLex-en,CC BY-NC-SA 4.0,Raw linguistic candidate only. Reviewer must decide structured analysis and child-facing word sum; neither is inferred from MorphoLex.,medium,in_review,,,
december_en_gb,{(december)},,[],[],[],,,in_review,open_licensed,MorphoLex-en,https://github.com/hugomailhot/MorphoLex-en,CC BY-NC-SA 4.0,Raw linguistic candidate only. Reviewer must decide structured analysis and child-facing word sum; neither is inferred from MorphoLex.,medium,in_review,,,
difficult_en_gb,{(difficult)},,[],[],[],,,in_review,open_licensed,MorphoLex-en,https://github.com/hugomailhot/MorphoLex-en,CC BY-NC-SA 4.0,Raw linguistic candidate only. Reviewer must decide structured analysis and child-facing word sum; neither is inferred from MorphoLex.,medium,in_review,,,
practice_en_gb,{(pract)>ice>},,[],[],[],,,in_review,open_licensed,MorphoLex-en,https://github.com/hugomailhot/MorphoLex-en,CC BY-NC-SA 4.0,Raw linguistic candidate only. Reviewer must decide structured analysis and child-facing word sum; neither is inferred from MorphoLex.,medium,in_review,,,
goal_en_gb,{(goal)},,[],[],[],,,in_review,open_licensed,MorphoLex-en,https://github.com/hugomailhot/MorphoLex-en,CC BY-NC-SA 4.0,Raw linguistic candidate only. Reviewer must decide structured analysis and child-facing word sum; neither is inferred from MorphoLex.,medium,in_review,,,
sir_en_gb,{(sir)},,[],[],[],,,in_review,open_licensed,MorphoLex-en,https://github.com/hugomailhot/MorphoLex-en,CC BY-NC-SA 4.0,Raw linguistic candidate only. Reviewer must decide structured analysis and child-facing word sum; neither is inferred from MorphoLex.,medium,in_review,,,
forget_en_gb,{(forget)},,[],[],[],,,in_review,open_licensed,MorphoLex-en,https://github.com/hugomailhot/MorphoLex-en,CC BY-NC-SA 4.0,Raw linguistic candidate only. Reviewer must decide structured analysis and child-facing word sum; neither is inferred from MorphoLex.,medium,in_review,,,
listen_en_gb,{(listen)},,[],[],[],,,in_review,open_licensed,MorphoLex-en,https://github.com/hugomailhot/MorphoLex-en,CC BY-NC-SA 4.0,Raw linguistic candidate only. Reviewer must decide structured analysis and child-facing word sum; neither is inferred from MorphoLex.,medium,in_review,,,
aren_t_en_gb,{(are)},,[],[],[],,,in_review,open_licensed,MorphoLex-en,https://github.com/hugomailhot/MorphoLex-en,CC BY-NC-SA 4.0,Raw linguistic candidate only. Reviewer must decide structured analysis and child-facing word sum; neither is inferred from MorphoLex.,medium,in_review,,,
pass_en_gb,{(pass)},,[],[],[],,,in_review,open_licensed,MorphoLex-en,https://github.com/hugomailhot/MorphoLex-en,CC BY-NC-SA 4.0,Raw linguistic candidate only. Reviewer must decide structured analysis and child-facing word sum; neither is inferred from MorphoLex.,medium,in_review,,,
offer_en_gb,{(offer)},,[],[],[],,,in_review,open_licensed,MorphoLex-en,https://github.com/hugomailhot/MorphoLex-en,CC BY-NC-SA 4.0,Raw linguistic candidate only. Reviewer must decide structured analysis and child-facing word sum; neither is inferred from MorphoLex.,medium,in_review,,,
ball_en_gb,{(ball)},,[],[],[],,,in_review,open_licensed,MorphoLex-en,https://github.com/hugomailhot/MorphoLex-en,CC BY-NC-SA 4.0,Raw linguistic candidate only. Reviewer must decide structured analysis and child-facing word sum; neither is inferred from MorphoLex.,medium,in_review,,,
note_en_gb,{(note)},,[],[],[],,,in_review,open_licensed,MorphoLex-en,https://github.com/hugomailhot/MorphoLex-en,CC BY-NC-SA 4.0,Raw linguistic candidate only. Reviewer must decide structured analysis and child-facing word sum; neither is inferred from MorphoLex.,medium,in_review,,,
wall_en_gb,{(wall)},,[],[],[],,,in_review,open_licensed,MorphoLex-en,https://github.com/hugomailhot/MorphoLex-en,CC BY-NC-SA 4.0,Raw linguistic candidate only. Reviewer must decide structured analysis and child-facing word sum; neither is inferred from MorphoLex.,medium,in_review,,,
we_ve_en_gb,{(we)},,[],[],[],,,in_review,open_licensed,MorphoLex-en,https://github.com/hugomailhot/MorphoLex-en,CC BY-NC-SA 4.0,Raw linguistic candidate only. Reviewer must decide structured analysis and child-facing word sum; neither is inferred from MorphoLex.,medium,in_review,,,
wrote_en_gb,{(wrote)},,[],[],[],,,in_review,open_licensed,MorphoLex-en,https://github.com/hugomailhot/MorphoLex-en,CC BY-NC-SA 4.0,Raw linguistic candidate only. Reviewer must decide structured analysis and child-facing word sum; neither is inferred from MorphoLex.,medium,in_review,,,
visit_en_gb,{(visit)},,[],[],[],,,in_review,open_licensed,MorphoLex-en,https://github.com/hugomailhot/MorphoLex-en,CC BY-NC-SA 4.0,Raw linguistic candidate only. Reviewer must decide structured analysis and child-facing word sum; neither is inferred from MorphoLex.,medium,in_review,,,
recent_en_gb,{(recent)},,[],[],[],,,in_review,open_licensed,MorphoLex-en,https://github.com/hugomailhot/MorphoLex-en,CC BY-NC-SA 4.0,Raw linguistic candidate only. Reviewer must decide structured analysis and child-facing word sum; neither is inferred from MorphoLex.,medium,in_review,,,
straight_en_gb,{(straight)},,[],[],[],,,in_review,open_licensed,MorphoLex-en,https://github.com/hugomailhot/MorphoLex-en,CC BY-NC-SA 4.0,Raw linguistic candidate only. Reviewer must decide structured analysis and child-facing word sum; neither is inferred from MorphoLex.,medium,in_review,,,
boys_en_gb,{(boy)},,[],[],[],,,in_review,open_licensed,MorphoLex-en,https://github.com/hugomailhot/MorphoLex-en,CC BY-NC-SA 4.0,Raw linguistic candidate only. Reviewer must decide structured analysis and child-facing word sum; neither is inferred from MorphoLex.,medium,in_review,,,
pain_en_gb,{(pain)},,[],[],[],,,in_review,open_licensed,MorphoLex-en,https://github.com/hugomailhot/MorphoLex-en,CC BY-NC-SA 4.0,Raw linguistic candidate only. Reviewer must decide structured analysis and child-facing word sum; neither is inferred from MorphoLex.,medium,in_review,,,
married_en_gb,{(marry)},,[],[],[],,,in_review,open_licensed,MorphoLex-en,https://github.com/hugomailhot/MorphoLex-en,CC BY-NC-SA 4.0,Raw linguistic candidate only. Reviewer must decide structured analysis and child-facing word sum; neither is inferred from MorphoLex.,medium,in_review,,,
culture_en_gb,{(culture)},,[],[],[],,,in_review,open_licensed,MorphoLex-en,https://github.com/hugomailhot/MorphoLex-en,CC BY-NC-SA 4.0,Raw linguistic candidate only. Reviewer must decide structured analysis and child-facing word sum; neither is inferred from MorphoLex.,medium,in_review,,,
february_en_gb,{(february)},,[],[],[],,,in_review,open_licensed,MorphoLex-en,https://github.com/hugomailhot/MorphoLex-en,CC BY-NC-SA 4.0,Raw linguistic candidate only. Reviewer must decide structured analysis and child-facing word sum; neither is inferred from MorphoLex.,medium,in_review,,,
effect_en_gb,{<e<(fect)},,[],[],[],,,in_review,open_licensed,MorphoLex-en,https://github.com/hugomailhot/MorphoLex-en,CC BY-NC-SA 4.0,Raw linguistic candidate only. Reviewer must decide structured analysis and child-facing word sum; neither is inferred from MorphoLex.,medium,in_review,,,
except_en_gb,{<ex<(cept)},,[],[],[],,,in_review,open_licensed,MorphoLex-en,https://github.com/hugomailhot/MorphoLex-en,CC BY-NC-SA 4.0,Raw linguistic candidate only. Reviewer must decide structured analysis and child-facing word sum; neither is inferred from MorphoLex.,medium,in_review,,,
charge_en_gb,{(charge)},,[],[],[],,,in_review,open_licensed,MorphoLex-en,https://github.com/hugomailhot/MorphoLex-en,CC BY-NC-SA 4.0,Raw linguistic candidate only. Reviewer must decide structured analysis and child-facing word sum; neither is inferred from MorphoLex.,medium,in_review,,,
limited_en_gb,{(limit)},,[],[],[],,,in_review,open_licensed,MorphoLex-en,https://github.com/hugomailhot/MorphoLex-en,CC BY-NC-SA 4.0,Raw linguistic candidate only. Reviewer must decide structured analysis and child-facing word sum; neither is inferred from MorphoLex.,medium,in_review,,,
century_en_gb,{(century)},,[],[],[],,,in_review,open_licensed,MorphoLex-en,https://github.com/hugomailhot/MorphoLex-en,CC BY-NC-SA 4.0,Raw linguistic candidate only. Reviewer must decide structured analysis and child-facing word sum; neither is inferred from MorphoLex.,medium,in_review,,,
addition_en_gb,{(add)}>ion>,,[],[],[],,,in_review,open_licensed,MorphoLex-en,https://github.com/hugomailhot/MorphoLex-en,CC BY-NC-SA 4.0,Raw linguistic candidate only. Reviewer must decide structured analysis and child-facing word sum; neither is inferred from MorphoLex.,medium,in_review,,,
capital_en_gb,{(capit)>al>},,[],[],[],,,in_review,open_licensed,MorphoLex-en,https://github.com/hugomailhot/MorphoLex-en,CC BY-NC-SA 4.0,Raw linguistic candidate only. Reviewer must decide structured analysis and child-facing word sum; neither is inferred from MorphoLex.,medium,in_review,,,
population_en_gb,{(popul)>ate>}>ion>,,[],[],[],,,in_review,open_licensed,MorphoLex-en,https://github.com/hugomailhot/MorphoLex-en,CC BY-NC-SA 4.0,Raw linguistic candidate only. Reviewer must decide structured analysis and child-facing word sum; neither is inferred from MorphoLex.,medium,in_review,,,
pressure_en_gb,{(press)>ure>},,[],[],[],,,in_review,open_licensed,MorphoLex-en,https://github.com/hugomailhot/MorphoLex-en,CC BY-NC-SA 4.0,Raw linguistic candidate only. Reviewer must decide structured analysis and child-facing word sum; neither is inferred from MorphoLex.,medium,in_review,,,
conference_en_gb,{(confer)}>ance>,,[],[],[],,,in_review,open_licensed,MorphoLex-en,https://github.com/hugomailhot/MorphoLex-en,CC BY-NC-SA 4.0,Raw linguistic candidate only. Reviewer must decide structured analysis and child-facing word sum; neither is inferred from MorphoLex.,medium,in_review,,,
difference_en_gb,{(differ)}>ance>,,[],[],[],,,in_review,open_licensed,MorphoLex-en,https://github.com/hugomailhot/MorphoLex-en,CC BY-NC-SA 4.0,Raw linguistic candidate only. Reviewer must decide structured analysis and child-facing word sum; neither is inferred from MorphoLex.,medium,in_review,,,
committee_en_gb,{<co<(mitt)>ee>},,[],[],[],,,in_review,open_licensed,MorphoLex-en,https://github.com/hugomailhot/MorphoLex-en,CC BY-NC-SA 4.0,Raw linguistic candidate only. Reviewer must decide structured analysis and child-facing word sum; neither is inferred from MorphoLex.,medium,in_review,,,
double_en_gb,{(double)},,[],[],[],,,in_review,open_licensed,MorphoLex-en,https://github.com/hugomailhot/MorphoLex-en,CC BY-NC-SA 4.0,Raw linguistic candidate only. Reviewer must decide structured analysis and child-facing word sum; neither is inferred from MorphoLex.,medium,in_review,,,
island_en_gb,{(island)},,[],[],[],,,in_review,open_licensed,MorphoLex-en,https://github.com/hugomailhot/MorphoLex-en,CC BY-NC-SA 4.0,Raw linguistic candidate only. Reviewer must decide structured analysis and child-facing word sum; neither is inferred from MorphoLex.,medium,in_review,,,
expect_en_gb,{(expect)},,[],[],[],,,in_review,open_licensed,MorphoLex-en,https://github.com/hugomailhot/MorphoLex-en,CC BY-NC-SA 4.0,Raw linguistic candidate only. Reviewer must decide structured analysis and child-facing word sum; neither is inferred from MorphoLex.,medium,in_review,,,
ice_en_gb,{(ice)},,[],[],[],,,in_review,open_licensed,MorphoLex-en,https://github.com/hugomailhot/MorphoLex-en,CC BY-NC-SA 4.0,Raw linguistic candidate only. Reviewer must decide structured analysis and child-facing word sum; neither is inferred from MorphoLex.,medium,in_review,,,
nearly_en_gb,{(near)}>ly>,,[],[],[],,,in_review,open_licensed,MorphoLex-en,https://github.com/hugomailhot/MorphoLex-en,CC BY-NC-SA 4.0,Raw linguistic candidate only. Reviewer must decide structured analysis and child-facing word sum; neither is inferred from MorphoLex.,medium,in_review,,,
section_en_gb,{(sect)>ion>},,[],[],[],,,in_review,open_licensed,MorphoLex-en,https://github.com/hugomailhot/MorphoLex-en,CC BY-NC-SA 4.0,Raw linguistic candidate only. Reviewer must decide structured analysis and child-facing word sum; neither is inferred from MorphoLex.,medium,in_review,,,
completely_en_gb,{(complete)}>ly>,,[],[],[],,,in_review,open_licensed,MorphoLex-en,https://github.com/hugomailhot/MorphoLex-en,CC BY-NC-SA 4.0,Raw linguistic candidate only. Reviewer must decide structured analysis and child-facing word sum; neither is inferred from MorphoLex.,medium,in_review,,,
particular_en_gb,{(particle)>ar>},,[],[],[],,,in_review,open_licensed,MorphoLex-en,https://github.com/hugomailhot/MorphoLex-en,CC BY-NC-SA 4.0,Raw linguistic candidate only. Reviewer must decide structured analysis and child-facing word sum; neither is inferred from MorphoLex.,medium,in_review,,,
individual_en_gb,{<im<(divide)>al>},,[],[],[],,,in_review,open_licensed,MorphoLex-en,https://github.com/hugomailhot/MorphoLex-en,CC BY-NC-SA 4.0,Raw linguistic candidate only. Reviewer must decide structured analysis and child-facing word sum; neither is inferred from MorphoLex.,medium,in_review,,,
join_en_gb,{(join)},,[],[],[],,,in_review,open_licensed,MorphoLex-en,https://github.com/hugomailhot/MorphoLex-en,CC BY-NC-SA 4.0,Raw linguistic candidate only. Reviewer must decide structured analysis and child-facing word sum; neither is inferred from MorphoLex.,medium,in_review,,,
sort_en_gb,{(sort)},,[],[],[],,,in_review,open_licensed,MorphoLex-en,https://github.com/hugomailhot/MorphoLex-en,CC BY-NC-SA 4.0,Raw linguistic candidate only. Reviewer must decide structured analysis and child-facing word sum; neither is inferred from MorphoLex.,medium,in_review,,,
travel_en_gb,{(travel)},,[],[],[],,,in_review,open_licensed,MorphoLex-en,https://github.com/hugomailhot/MorphoLex-en,CC BY-NC-SA 4.0,Raw linguistic candidate only. Reviewer must decide structured analysis and child-facing word sum; neither is inferred from MorphoLex.,medium,in_review,,,
beginning_en_gb,{(begin)},,[],[],[],,,in_review,open_licensed,MorphoLex-en,https://github.com/hugomailhot/MorphoLex-en,CC BY-NC-SA 4.0,Raw linguistic candidate only. Reviewer must decide structured analysis and child-facing word sum; neither is inferred from MorphoLex.,medium,in_review,,,
campaign_en_gb,{(campaign)},,[],[],[],,,in_review,open_licensed,MorphoLex-en,https://github.com/hugomailhot/MorphoLex-en,CC BY-NC-SA 4.0,Raw linguistic candidate only. Reviewer must decide structured analysis and child-facing word sum; neither is inferred from MorphoLex.,medium,in_review,,,
drop_en_gb,{(drop)},,[],[],[],,,in_review,open_licensed,MorphoLex-en,https://github.com/hugomailhot/MorphoLex-en,CC BY-NC-SA 4.0,Raw linguistic candidate only. Reviewer must decide structured analysis and child-facing word sum; neither is inferred from MorphoLex.,medium,in_review,,,
consider_en_gb,{(consider)},,[],[],[],,,in_review,open_licensed,MorphoLex-en,https://github.com/hugomailhot/MorphoLex-en,CC BY-NC-SA 4.0,Raw linguistic candidate only. Reviewer must decide structured analysis and child-facing word sum; neither is inferred from MorphoLex.,medium,in_review,,,
immediately_en_gb,{(immediate)}>ly>,,[],[],[],,,in_review,open_licensed,MorphoLex-en,https://github.com/hugomailhot/MorphoLex-en,CC BY-NC-SA 4.0,Raw linguistic candidate only. Reviewer must decide structured analysis and child-facing word sum; neither is inferred from MorphoLex.,medium,in_review,,,
minute_en_gb,{(minute)},,[],[],[],,,in_review,open_licensed,MorphoLex-en,https://github.com/hugomailhot/MorphoLex-en,CC BY-NC-SA 4.0,Raw linguistic candidate only. Reviewer must decide structured analysis and child-facing word sum; neither is inferred from MorphoLex.,medium,in_review,,,
movement_en_gb,{(move)}>ment>,,[],[],[],,,in_review,open_licensed,MorphoLex-en,https://github.com/hugomailhot/MorphoLex-en,CC BY-NC-SA 4.0,Raw linguistic candidate only. Reviewer must decide structured analysis and child-facing word sum; neither is inferred from MorphoLex.,medium,in_review,,,
construction_en_gb,{<co<(struct)}>ion>,,[],[],[],,,in_review,open_licensed,MorphoLex-en,https://github.com/hugomailhot/MorphoLex-en,CC BY-NC-SA 4.0,Raw linguistic candidate only. Reviewer must decide structured analysis and child-facing word sum; neither is inferred from MorphoLex.,medium,in_review,,,
agree_en_gb,{(agree)},,[],[],[],,,in_review,open_licensed,MorphoLex-en,https://github.com/hugomailhot/MorphoLex-en,CC BY-NC-SA 4.0,Raw linguistic candidate only. Reviewer must decide structured analysis and child-facing word sum; neither is inferred from MorphoLex.,medium,in_review,,,
friday_en_gb,{(fri)(day)},,[],[],[],,,in_review,open_licensed,MorphoLex-en,https://github.com/hugomailhot/MorphoLex-en,CC BY-NC-SA 4.0,Raw linguistic candidate only. Reviewer must decide structured analysis and child-facing word sum; neither is inferred from MorphoLex.,medium,in_review,,,
heavy_en_gb,{(heavy)},,[],[],[],,,in_review,open_licensed,MorphoLex-en,https://github.com/hugomailhot/MorphoLex-en,CC BY-NC-SA 4.0,Raw linguistic candidate only. Reviewer must decide structured analysis and child-facing word sum; neither is inferred from MorphoLex.,medium,in_review,,,
knowledge_en_gb,{(know)(ledge)},,[],[],[],,,in_review,open_licensed,MorphoLex-en,https://github.com/hugomailhot/MorphoLex-en,CC BY-NC-SA 4.0,Raw linguistic candidate only. Reviewer must decide structured analysis and child-facing word sum; neither is inferred from MorphoLex.,medium,in_review,,,
regular_en_gb,{(regul)>ar>},,[],[],[],,,in_review,open_licensed,MorphoLex-en,https://github.com/hugomailhot/MorphoLex-en,CC BY-NC-SA 4.0,Raw linguistic candidate only. Reviewer must decide structured analysis and child-facing word sum; neither is inferred from MorphoLex.,medium,in_review,,,
opportunity_en_gb,{(opportune)}>ity>,,[],[],[],,,in_review,open_licensed,MorphoLex-en,https://github.com/hugomailhot/MorphoLex-en,CC BY-NC-SA 4.0,Raw linguistic candidate only. Reviewer must decide structured analysis and child-facing word sum; neither is inferred from MorphoLex.,medium,in_review,,,
fear_en_gb,{(fear)},,[],[],[],,,in_review,open_licensed,MorphoLex-en,https://github.com/hugomailhot/MorphoLex-en,CC BY-NC-SA 4.0,Raw linguistic candidate only. Reviewer must decide structured analysis and child-facing word sum; neither is inferred from MorphoLex.,medium,in_review,,,
sister_en_gb,{(sister)},,[],[],[],,,in_review,open_licensed,MorphoLex-en,https://github.com/hugomailhot/MorphoLex-en,CC BY-NC-SA 4.0,Raw linguistic candidate only. Reviewer must decide structured analysis and child-facing word sum; neither is inferred from MorphoLex.,medium,in_review,,,
centre_en_gb,{(centre)},,[],[],[],,,in_review,open_licensed,MorphoLex-en,https://github.com/hugomailhot/MorphoLex-en,CC BY-NC-SA 4.0,Raw linguistic candidate only. Reviewer must decide structured analysis and child-facing word sum; neither is inferred from MorphoLex.,medium,in_review,,,
judge_en_gb,{(judge)},,[],[],[],,,in_review,open_licensed,MorphoLex-en,https://github.com/hugomailhot/MorphoLex-en,CC BY-NC-SA 4.0,Raw linguistic candidate only. Reviewer must decide structured analysis and child-facing word sum; neither is inferred from MorphoLex.,medium,in_review,,,
material_en_gb,{(material)},,[],[],[],,,in_review,open_licensed,MorphoLex-en,https://github.com/hugomailhot/MorphoLex-en,CC BY-NC-SA 4.0,Raw linguistic candidate only. Reviewer must decide structured analysis and child-facing word sum; neither is inferred from MorphoLex.,medium,in_review,,,
secretary_en_gb,{(secretary)},,[],[],[],,,in_review,open_licensed,MorphoLex-en,https://github.com/hugomailhot/MorphoLex-en,CC BY-NC-SA 4.0,Raw linguistic candidate only. Reviewer must decide structured analysis and child-facing word sum; neither is inferred from MorphoLex.,medium,in_review,,,
physical_en_gb,{(phys)>ic>>al>},,[],[],[],,,in_review,open_licensed,MorphoLex-en,https://github.com/hugomailhot/MorphoLex-en,CC BY-NC-SA 4.0,Raw linguistic candidate only. Reviewer must decide structured analysis and child-facing word sum; neither is inferred from MorphoLex.,medium,in_review,,,
floor_en_gb,{(floor)},,[],[],[],,,in_review,open_licensed,MorphoLex-en,https://github.com/hugomailhot/MorphoLex-en,CC BY-NC-SA 4.0,Raw linguistic candidate only. Reviewer must decide structured analysis and child-facing word sum; neither is inferred from MorphoLex.,medium,in_review,,,
active_en_gb,{(act)}>ive>,,[],[],[],,,in_review,open_licensed,MorphoLex-en,https://github.com/hugomailhot/MorphoLex-en,CC BY-NC-SA 4.0,Raw linguistic candidate only. Reviewer must decide structured analysis and child-facing word sum; neither is inferred from MorphoLex.,medium,in_review,,,
direction_en_gb,{(direct)}>ion>,,[],[],[],,,in_review,open_licensed,MorphoLex-en,https://github.com/hugomailhot/MorphoLex-en,CC BY-NC-SA 4.0,Raw linguistic candidate only. Reviewer must decide structured analysis and child-facing word sum; neither is inferred from MorphoLex.,medium,in_review,,,
independent_en_gb,<im<{<de<(pend)}>ant>,,[],[],[],,,in_review,open_licensed,MorphoLex-en,https://github.com/hugomailhot/MorphoLex-en,CC BY-NC-SA 4.0,Raw linguistic candidate only. Reviewer must decide structured analysis and child-facing word sum; neither is inferred from MorphoLex.,medium,in_review,,,
weekend_en_gb,{(week)}{(end)},,[],[],[],,,in_review,open_licensed,MorphoLex-en,https://github.com/hugomailhot/MorphoLex-en,CC BY-NC-SA 4.0,Raw linguistic candidate only. Reviewer must decide structured analysis and child-facing word sum; neither is inferred from MorphoLex.,medium,in_review,,,
operation_en_gb,{(oper)>ate>}>ion>,,[],[],[],,,in_review,open_licensed,MorphoLex-en,https://github.com/hugomailhot/MorphoLex-en,CC BY-NC-SA 4.0,Raw linguistic candidate only. Reviewer must decide structured analysis and child-facing word sum; neither is inferred from MorphoLex.,medium,in_review,,,
commercial_en_gb,{(commerce)}>al>,,[],[],[],,,in_review,open_licensed,MorphoLex-en,https://github.com/hugomailhot/MorphoLex-en,CC BY-NC-SA 4.0,Raw linguistic candidate only. Reviewer must decide structured analysis and child-facing word sum; neither is inferred from MorphoLex.,medium,in_review,,,
sunday_en_gb,{(sun)(day)},,[],[],[],,,in_review,open_licensed,MorphoLex-en,https://github.com/hugomailhot/MorphoLex-en,CC BY-NC-SA 4.0,Raw linguistic candidate only. Reviewer must decide structured analysis and child-facing word sum; neither is inferred from MorphoLex.,medium,in_review,,,
imagine_en_gb,{(imagine)},,[],[],[],,,in_review,open_licensed,MorphoLex-en,https://github.com/hugomailhot/MorphoLex-en,CC BY-NC-SA 4.0,Raw linguistic candidate only. Reviewer must decide structured analysis and child-facing word sum; neither is inferred from MorphoLex.,medium,in_review,,,
band_en_gb,{(band)},,[],[],[],,,in_review,open_licensed,MorphoLex-en,https://github.com/hugomailhot/MorphoLex-en,CC BY-NC-SA 4.0,Raw linguistic candidate only. Reviewer must decide structured analysis and child-facing word sum; neither is inferred from MorphoLex.,medium,in_review,,,
easily_en_gb,{(ease)}>y>>ly>,,[],[],[],,,in_review,open_licensed,MorphoLex-en,https://github.com/hugomailhot/MorphoLex-en,CC BY-NC-SA 4.0,Raw linguistic candidate only. Reviewer must decide structured analysis and child-facing word sum; neither is inferred from MorphoLex.,medium,in_review,,,
competition_en_gb,{(compete)}>ion>,,[],[],[],,,in_review,open_licensed,MorphoLex-en,https://github.com/hugomailhot/MorphoLex-en,CC BY-NC-SA 4.0,Raw linguistic candidate only. Reviewer must decide structured analysis and child-facing word sum; neither is inferred from MorphoLex.,medium,in_review,,,
necessary_en_gb,{(necess)>ory>},,[],[],[],,,in_review,open_licensed,MorphoLex-en,https://github.com/hugomailhot/MorphoLex-en,CC BY-NC-SA 4.0,Raw linguistic candidate only. Reviewer must decide structured analysis and child-facing word sum; neither is inferred from MorphoLex.,medium,in_review,,,
skin_en_gb,{(skin)},,[],[],[],,,in_review,open_licensed,MorphoLex-en,https://github.com/hugomailhot/MorphoLex-en,CC BY-NC-SA 4.0,Raw linguistic candidate only. Reviewer must decide structured analysis and child-facing word sum; neither is inferred from MorphoLex.,medium,in_review,,,
christmas_en_gb,{(christ)(mas)},,[],[],[],,,in_review,open_licensed,MorphoLex-en,https://github.com/hugomailhot/MorphoLex-en,CC BY-NC-SA 4.0,Raw linguistic candidate only. Reviewer must decide structured analysis and child-facing word sum; neither is inferred from MorphoLex.,medium,in_review,,,
address_en_gb,{(address)},,[],[],[],,,in_review,open_licensed,MorphoLex-en,https://github.com/hugomailhot/MorphoLex-en,CC BY-NC-SA 4.0,Raw linguistic candidate only. Reviewer must decide structured analysis and child-facing word sum; neither is inferred from MorphoLex.,medium,in_review,,,
touch_en_gb,{(touch)},,[],[],[],,,in_review,open_licensed,MorphoLex-en,https://github.com/hugomailhot/MorphoLex-en,CC BY-NC-SA 4.0,Raw linguistic candidate only. Reviewer must decide structured analysis and child-facing word sum; neither is inferred from MorphoLex.,medium,in_review,,,
bought_en_gb,{(bought)},,[],[],[],,,in_review,open_licensed,MorphoLex-en,https://github.com/hugomailhot/MorphoLex-en,CC BY-NC-SA 4.0,Raw linguistic candidate only. Reviewer must decide structured analysis and child-facing word sum; neither is inferred from MorphoLex.,medium,in_review,,,
sweet_en_gb,{(sweet)},,[],[],[],,,in_review,open_licensed,MorphoLex-en,https://github.com/hugomailhot/MorphoLex-en,CC BY-NC-SA 4.0,Raw linguistic candidate only. Reviewer must decide structured analysis and child-facing word sum; neither is inferred from MorphoLex.,medium,in_review,,,
planning_en_gb,{(plan)},,[],[],[],,,in_review,open_licensed,MorphoLex-en,https://github.com/hugomailhot/MorphoLex-en,CC BY-NC-SA 4.0,Raw linguistic candidate only. Reviewer must decide structured analysis and child-facing word sum; neither is inferred from MorphoLex.,medium,in_review,,,
trip_en_gb,{(trip)},,[],[],[],,,in_review,open_licensed,MorphoLex-en,https://github.com/hugomailhot/MorphoLex-en,CC BY-NC-SA 4.0,Raw linguistic candidate only. Reviewer must decide structured analysis and child-facing word sum; neither is inferred from MorphoLex.,medium,in_review,,,
caught_en_gb,{(caught)},,[],[],[],,,in_review,open_licensed,MorphoLex-en,https://github.com/hugomailhot/MorphoLex-en,CC BY-NC-SA 4.0,Raw linguistic candidate only. Reviewer must decide structured analysis and child-facing word sum; neither is inferred from MorphoLex.,medium,in_review,,,
notice_en_gb,{(notice)},,[],[],[],,,in_review,open_licensed,MorphoLex-en,https://github.com/hugomailhot/MorphoLex-en,CC BY-NC-SA 4.0,Raw linguistic candidate only. Reviewer must decide structured analysis and child-facing word sum; neither is inferred from MorphoLex.,medium,in_review,,,
winter_en_gb,{(winter)},,[],[],[],,,in_review,open_licensed,MorphoLex-en,https://github.com/hugomailhot/MorphoLex-en,CC BY-NC-SA 4.0,Raw linguistic candidate only. Reviewer must decide structured analysis and child-facing word sum; neither is inferred from MorphoLex.,medium,in_review,,,
mrs_en_gb,,,[],[],[],,,in_review,internal_authored,No exact MorphoLex-en row,,,Raw linguistic candidate only. Reviewer must decide structured analysis and child-facing word sum; neither is inferred from MorphoLex.,low,in_review,,,
plant_en_gb,{(plant)},,[],[],[],,,in_review,open_licensed,MorphoLex-en,https://github.com/hugomailhot/MorphoLex-en,CC BY-NC-SA 4.0,Raw linguistic candidate only. Reviewer must decide structured analysis and child-facing word sum; neither is inferred from MorphoLex.,medium,in_review,,,
we_ll_en_gb,{(we)},,[],[],[],,,in_review,open_licensed,MorphoLex-en,https://github.com/hugomailhot/MorphoLex-en,CC BY-NC-SA 4.0,Raw linguistic candidate only. Reviewer must decide structured analysis and child-facing word sum; neither is inferred from MorphoLex.,medium,in_review,,,
male_en_gb,{(male)},,[],[],[],,,in_review,open_licensed,MorphoLex-en,https://github.com/hugomailhot/MorphoLex-en,CC BY-NC-SA 4.0,Raw linguistic candidate only. Reviewer must decide structured analysis and child-facing word sum; neither is inferred from MorphoLex.,medium,in_review,,,
eventually_en_gb,{(event)>al>}>ly>,,[],[],[],,,in_review,open_licensed,MorphoLex-en,https://github.com/hugomailhot/MorphoLex-en,CC BY-NC-SA 4.0,Raw linguistic candidate only. Reviewer must decide structured analysis and child-facing word sum; neither is inferred from MorphoLex.,medium,in_review,,,
equipment_en_gb,{(equip)}>ment>,,[],[],[],,,in_review,open_licensed,MorphoLex-en,https://github.com/hugomailhot/MorphoLex-en,CC BY-NC-SA 4.0,Raw linguistic candidate only. Reviewer must decide structured analysis and child-facing word sum; neither is inferred from MorphoLex.,medium,in_review,,,
award_en_gb,{(award)},,[],[],[],,,in_review,open_licensed,MorphoLex-en,https://github.com/hugomailhot/MorphoLex-en,CC BY-NC-SA 4.0,Raw linguistic candidate only. Reviewer must decide structured analysis and child-facing word sum; neither is inferred from MorphoLex.,medium,in_review,,,
nation_en_gb,{(nation)},,[],[],[],,,in_review,open_licensed,MorphoLex-en,https://github.com/hugomailhot/MorphoLex-en,CC BY-NC-SA 4.0,Raw linguistic candidate only. Reviewer must decide structured analysis and child-facing word sum; neither is inferred from MorphoLex.,medium,in_review,,,
purpose_en_gb,{(purpose)},,[],[],[],,,in_review,open_licensed,MorphoLex-en,https://github.com/hugomailhot/MorphoLex-en,CC BY-NC-SA 4.0,Raw linguistic candidate only. Reviewer must decide structured analysis and child-facing word sum; neither is inferred from MorphoLex.,medium,in_review,,,
responsible_en_gb,{(responsible)},,[],[],[],,,in_review,open_licensed,MorphoLex-en,https://github.com/hugomailhot/MorphoLex-en,CC BY-NC-SA 4.0,Raw linguistic candidate only. Reviewer must decide structured analysis and child-facing word sum; neither is inferred from MorphoLex.,medium,in_review,,,
advice_en_gb,{(advice)},,[],[],[],,,in_review,open_licensed,MorphoLex-en,https://github.com/hugomailhot/MorphoLex-en,CC BY-NC-SA 4.0,Raw linguistic candidate only. Reviewer must decide structured analysis and child-facing word sum; neither is inferred from MorphoLex.,medium,in_review,,,
truly_en_gb,{(true)}>ly>,,[],[],[],,,in_review,open_licensed,MorphoLex-en,https://github.com/hugomailhot/MorphoLex-en,CC BY-NC-SA 4.0,Raw linguistic candidate only. Reviewer must decide structured analysis and child-facing word sum; neither is inferred from MorphoLex.,medium,in_review,,,
environment_en_gb,{(environ)}>ment>,,[],[],[],,,in_review,open_licensed,MorphoLex-en,https://github.com/hugomailhot/MorphoLex-en,CC BY-NC-SA 4.0,Raw linguistic candidate only. Reviewer must decide structured analysis and child-facing word sum; neither is inferred from MorphoLex.,medium,in_review,,,
nine_en_gb,{(nine)},,[],[],[],,,in_review,open_licensed,MorphoLex-en,https://github.com/hugomailhot/MorphoLex-en,CC BY-NC-SA 4.0,Raw linguistic candidate only. Reviewer must decide structured analysis and child-facing word sum; neither is inferred from MorphoLex.,medium,in_review,,,
saturday_en_gb,{(satur)(day)},,[],[],[],,,in_review,open_licensed,MorphoLex-en,https://github.com/hugomailhot/MorphoLex-en,CC BY-NC-SA 4.0,Raw linguistic candidate only. Reviewer must decide structured analysis and child-facing word sum; neither is inferred from MorphoLex.,medium,in_review,,,
hall_en_gb,{(hall)},,[],[],[],,,in_review,open_licensed,MorphoLex-en,https://github.com/hugomailhot/MorphoLex-en,CC BY-NC-SA 4.0,Raw linguistic candidate only. Reviewer must decide structured analysis and child-facing word sum; neither is inferred from MorphoLex.,medium,in_review,,,
therefore_en_gb,{(there)}{(fore)},,[],[],[],,,in_review,open_licensed,MorphoLex-en,https://github.com/hugomailhot/MorphoLex-en,CC BY-NC-SA 4.0,Raw linguistic candidate only. Reviewer must decide structured analysis and child-facing word sum; neither is inferred from MorphoLex.,medium,in_review,,,
weather_en_gb,{(weather)},,[],[],[],,,in_review,open_licensed,MorphoLex-en,https://github.com/hugomailhot/MorphoLex-en,CC BY-NC-SA 4.0,Raw linguistic candidate only. Reviewer must decide structured analysis and child-facing word sum; neither is inferred from MorphoLex.,medium,in_review,,,
application_en_gb,{(applicate)}>ion>,,[],[],[],,,in_review,open_licensed,MorphoLex-en,https://github.com/hugomailhot/MorphoLex-en,CC BY-NC-SA 4.0,Raw linguistic candidate only. Reviewer must decide structured analysis and child-facing word sum; neither is inferred from MorphoLex.,medium,in_review,,,
evening_en_gb,{(evening)},,[],[],[],,,in_review,open_licensed,MorphoLex-en,https://github.com/hugomailhot/MorphoLex-en,CC BY-NC-SA 4.0,Raw linguistic candidate only. Reviewer must decide structured analysis and child-facing word sum; neither is inferred from MorphoLex.,medium,in_review,,,
offered_en_gb,{(offer)},,[],[],[],,,in_review,open_licensed,MorphoLex-en,https://github.com/hugomailhot/MorphoLex-en,CC BY-NC-SA 4.0,Raw linguistic candidate only. Reviewer must decide structured analysis and child-facing word sum; neither is inferred from MorphoLex.,medium,in_review,,,
who_s_en_gb,{(who)},,[],[],[],,,in_review,open_licensed,MorphoLex-en,https://github.com/hugomailhot/MorphoLex-en,CC BY-NC-SA 4.0,Raw linguistic candidate only. Reviewer must decide structured analysis and child-facing word sum; neither is inferred from MorphoLex.,medium,in_review,,,
ride_en_gb,{(ride)},,[],[],[],,,in_review,open_licensed,MorphoLex-en,https://github.com/hugomailhot/MorphoLex-en,CC BY-NC-SA 4.0,Raw linguistic candidate only. Reviewer must decide structured analysis and child-facing word sum; neither is inferred from MorphoLex.,medium,in_review,,,
slow_en_gb,{(slow)},,[],[],[],,,in_review,open_licensed,MorphoLex-en,https://github.com/hugomailhot/MorphoLex-en,CC BY-NC-SA 4.0,Raw linguistic candidate only. Reviewer must decide structured analysis and child-facing word sum; neither is inferred from MorphoLex.,medium,in_review,,,
appear_en_gb,{(appear)},,[],[],[],,,in_review,open_licensed,MorphoLex-en,https://github.com/hugomailhot/MorphoLex-en,CC BY-NC-SA 4.0,Raw linguistic candidate only. Reviewer must decide structured analysis and child-facing word sum; neither is inferred from MorphoLex.,medium,in_review,,,
accept_en_gb,{(accept)},,[],[],[],,,in_review,open_licensed,MorphoLex-en,https://github.com/hugomailhot/MorphoLex-en,CC BY-NC-SA 4.0,Raw linguistic candidate only. Reviewer must decide structured analysis and child-facing word sum; neither is inferred from MorphoLex.,medium,in_review,,,
distance_en_gb,{(distance)},,[],[],[],,,in_review,open_licensed,MorphoLex-en,https://github.com/hugomailhot/MorphoLex-en,CC BY-NC-SA 4.0,Raw linguistic candidate only. Reviewer must decide structured analysis and child-facing word sum; neither is inferred from MorphoLex.,medium,in_review,,,
species_en_gb,{(species)},,[],[],[],,,in_review,open_licensed,MorphoLex-en,https://github.com/hugomailhot/MorphoLex-en,CC BY-NC-SA 4.0,Raw linguistic candidate only. Reviewer must decide structured analysis and child-facing word sum; neither is inferred from MorphoLex.,medium,in_review,,,
engine_en_gb,{(engine)},,[],[],[],,,in_review,open_licensed,MorphoLex-en,https://github.com/hugomailhot/MorphoLex-en,CC BY-NC-SA 4.0,Raw linguistic candidate only. Reviewer must decide structured analysis and child-facing word sum; neither is inferred from MorphoLex.,medium,in_review,,,
everybody_en_gb,{(every)(body)},,[],[],[],,,in_review,open_licensed,MorphoLex-en,https://github.com/hugomailhot/MorphoLex-en,CC BY-NC-SA 4.0,Raw linguistic candidate only. Reviewer must decide structured analysis and child-facing word sum; neither is inferred from MorphoLex.,medium,in_review,,,
worry_en_gb,{(worry)},,[],[],[],,,in_review,open_licensed,MorphoLex-en,https://github.com/hugomailhot/MorphoLex-en,CC BY-NC-SA 4.0,Raw linguistic candidate only. Reviewer must decide structured analysis and child-facing word sum; neither is inferred from MorphoLex.,medium,in_review,,,
begin_en_gb,{(begin)},,[],[],[],,,in_review,open_licensed,MorphoLex-en,https://github.com/hugomailhot/MorphoLex-en,CC BY-NC-SA 4.0,Raw linguistic candidate only. Reviewer must decide structured analysis and child-facing word sum; neither is inferred from MorphoLex.,medium,in_review,,,
count_en_gb,{(count)},,[],[],[],,,in_review,open_licensed,MorphoLex-en,https://github.com/hugomailhot/MorphoLex-en,CC BY-NC-SA 4.0,Raw linguistic candidate only. Reviewer must decide structured analysis and child-facing word sum; neither is inferred from MorphoLex.,medium,in_review,,,
mouth_en_gb,{(mouth)},,[],[],[],,,in_review,open_licensed,MorphoLex-en,https://github.com/hugomailhot/MorphoLex-en,CC BY-NC-SA 4.0,Raw linguistic candidate only. Reviewer must decide structured analysis and child-facing word sum; neither is inferred from MorphoLex.,medium,in_review,,,
covered_en_gb,{(cover)},,[],[],[],,,in_review,open_licensed,MorphoLex-en,https://github.com/hugomailhot/MorphoLex-en,CC BY-NC-SA 4.0,Raw linguistic candidate only. Reviewer must decide structured analysis and child-facing word sum; neither is inferred from MorphoLex.,medium,in_review,,,
missed_en_gb,{(miss)},,[],[],[],,,in_review,open_licensed,MorphoLex-en,https://github.com/hugomailhot/MorphoLex-en,CC BY-NC-SA 4.0,Raw linguistic candidate only. Reviewer must decide structured analysis and child-facing word sum; neither is inferred from MorphoLex.,medium,in_review,,,
metal_en_gb,{(metal)},,[],[],[],,,in_review,open_licensed,MorphoLex-en,https://github.com/hugomailhot/MorphoLex-en,CC BY-NC-SA 4.0,Raw linguistic candidate only. Reviewer must decide structured analysis and child-facing word sum; neither is inferred from MorphoLex.,medium,in_review,,,
shouldn_t_en_gb,{(should)},,[],[],[],,,in_review,open_licensed,MorphoLex-en,https://github.com/hugomailhot/MorphoLex-en,CC BY-NC-SA 4.0,Raw linguistic candidate only. Reviewer must decide structured analysis and child-facing word sum; neither is inferred from MorphoLex.,medium,in_review,,,
target_en_gb,{(target)},,[],[],[],,,in_review,open_licensed,MorphoLex-en,https://github.com/hugomailhot/MorphoLex-en,CC BY-NC-SA 4.0,Raw linguistic candidate only. Reviewer must decide structured analysis and child-facing word sum; neither is inferred from MorphoLex.,medium,in_review,,,
fashion_en_gb,{(fashion)},,[],[],[],,,in_review,open_licensed,MorphoLex-en,https://github.com/hugomailhot/MorphoLex-en,CC BY-NC-SA 4.0,Raw linguistic candidate only. Reviewer must decide structured analysis and child-facing word sum; neither is inferred from MorphoLex.,medium,in_review,,,
waste_en_gb,{(waste)},,[],[],[],,,in_review,open_licensed,MorphoLex-en,https://github.com/hugomailhot/MorphoLex-en,CC BY-NC-SA 4.0,Raw linguistic candidate only. Reviewer must decide structured analysis and child-facing word sum; neither is inferred from MorphoLex.,medium,in_review,,,
apply_en_gb,{(apply)},,[],[],[],,,in_review,open_licensed,MorphoLex-en,https://github.com/hugomailhot/MorphoLex-en,CC BY-NC-SA 4.0,Raw linguistic candidate only. Reviewer must decide structured analysis and child-facing word sum; neither is inferred from MorphoLex.,medium,in_review,,,
weird_en_gb,{(weird)},,[],[],[],,,in_review,open_licensed,MorphoLex-en,https://github.com/hugomailhot/MorphoLex-en,CC BY-NC-SA 4.0,Raw linguistic candidate only. Reviewer must decide structured analysis and child-facing word sum; neither is inferred from MorphoLex.,medium,in_review,,,
monday_en_gb,{(mon)(day)},,[],[],[],,,in_review,open_licensed,MorphoLex-en,https://github.com/hugomailhot/MorphoLex-en,CC BY-NC-SA 4.0,Raw linguistic candidate only. Reviewer must decide structured analysis and child-facing word sum; neither is inferred from MorphoLex.,medium,in_review,,,
happening_en_gb,{(happen)},,[],[],[],,,in_review,open_licensed,MorphoLex-en,https://github.com/hugomailhot/MorphoLex-en,CC BY-NC-SA 4.0,Raw linguistic candidate only. Reviewer must decide structured analysis and child-facing word sum; neither is inferred from MorphoLex.,medium,in_review,,,
strength_en_gb,{(strength)},,[],[],[],,,in_review,open_licensed,MorphoLex-en,https://github.com/hugomailhot/MorphoLex-en,CC BY-NC-SA 4.0,Raw linguistic candidate only. Reviewer must decide structured analysis and child-facing word sum; neither is inferred from MorphoLex.,medium,in_review,,,
television_en_gb,{(tele)(vis)>ion>},,[],[],[],,,in_review,open_licensed,MorphoLex-en,https://github.com/hugomailhot/MorphoLex-en,CC BY-NC-SA 4.0,Raw linguistic candidate only. Reviewer must decide structured analysis and child-facing word sum; neither is inferred from MorphoLex.,medium,in_review,,,
improve_en_gb,{(improve)},,[],[],[],,,in_review,open_licensed,MorphoLex-en,https://github.com/hugomailhot/MorphoLex-en,CC BY-NC-SA 4.0,Raw linguistic candidate only. Reviewer must decide structured analysis and child-facing word sum; neither is inferred from MorphoLex.,medium,in_review,,,
correct_en_gb,{(correct)},,[],[],[],,,in_review,open_licensed,MorphoLex-en,https://github.com/hugomailhot/MorphoLex-en,CC BY-NC-SA 4.0,Raw linguistic candidate only. Reviewer must decide structured analysis and child-facing word sum; neither is inferred from MorphoLex.,medium,in_review,,,
trouble_en_gb,{(trouble)},,[],[],[],,,in_review,open_licensed,MorphoLex-en,https://github.com/hugomailhot/MorphoLex-en,CC BY-NC-SA 4.0,Raw linguistic candidate only. Reviewer must decide structured analysis and child-facing word sum; neither is inferred from MorphoLex.,medium,in_review,,,
wood_en_gb,{(wood)},,[],[],[],,,in_review,open_licensed,MorphoLex-en,https://github.com/hugomailhot/MorphoLex-en,CC BY-NC-SA 4.0,Raw linguistic candidate only. Reviewer must decide structured analysis and child-facing word sum; neither is inferred from MorphoLex.,medium,in_review,,,
decide_en_gb,{(decide)},,[],[],[],,,in_review,open_licensed,MorphoLex-en,https://github.com/hugomailhot/MorphoLex-en,CC BY-NC-SA 4.0,Raw linguistic candidate only. Reviewer must decide structured analysis and child-facing word sum; neither is inferred from MorphoLex.,medium,in_review,,,
lucky_en_gb,{(luck)}>y>,,[],[],[],,,in_review,open_licensed,MorphoLex-en,https://github.com/hugomailhot/MorphoLex-en,CC BY-NC-SA 4.0,Raw linguistic candidate only. Reviewer must decide structured analysis and child-facing word sum; neither is inferred from MorphoLex.,medium,in_review,,,
possibly_en_gb,{(possible)}>y>,,[],[],[],,,in_review,open_licensed,MorphoLex-en,https://github.com/hugomailhot/MorphoLex-en,CC BY-NC-SA 4.0,Raw linguistic candidate only. Reviewer must decide structured analysis and child-facing word sum; neither is inferred from MorphoLex.,medium,in_review,,,
dear_en_gb,{(dear)},,[],[],[],,,in_review,open_licensed,MorphoLex-en,https://github.com/hugomailhot/MorphoLex-en,CC BY-NC-SA 4.0,Raw linguistic candidate only. Reviewer must decide structured analysis and child-facing word sum; neither is inferred from MorphoLex.,medium,in_review,,,
length_en_gb,{(length)},,[],[],[],,,in_review,open_licensed,MorphoLex-en,https://github.com/hugomailhot/MorphoLex-en,CC BY-NC-SA 4.0,Raw linguistic candidate only. Reviewer must decide structured analysis and child-facing word sum; neither is inferred from MorphoLex.,medium,in_review,,,
patient_en_gb,{(patient)},,[],[],[],,,in_review,open_licensed,MorphoLex-en,https://github.com/hugomailhot/MorphoLex-en,CC BY-NC-SA 4.0,Raw linguistic candidate only. Reviewer must decide structured analysis and child-facing word sum; neither is inferred from MorphoLex.,medium,in_review,,,
they_ve_en_gb,{(they)},,[],[],[],,,in_review,open_licensed,MorphoLex-en,https://github.com/hugomailhot/MorphoLex-en,CC BY-NC-SA 4.0,Raw linguistic candidate only. Reviewer must decide structured analysis and child-facing word sum; neither is inferred from MorphoLex.,medium,in_review,,,
co_author_en_gb,,,[],[],[],,,in_review,internal_authored,No exact MorphoLex-en row,,,Raw linguistic candidate only. Reviewer must decide structured analysis and child-facing word sum; neither is inferred from MorphoLex.,low,in_review,,,
vehicle_en_gb,{(vehicle)},,[],[],[],,,in_review,open_licensed,MorphoLex-en,https://github.com/hugomailhot/MorphoLex-en,CC BY-NC-SA 4.0,Raw linguistic candidate only. Reviewer must decide structured analysis and child-facing word sum; neither is inferred from MorphoLex.,medium,in_review,,,
conversation_en_gb,{(converse)}>ion>,,[],[],[],,,in_review,open_licensed,MorphoLex-en,https://github.com/hugomailhot/MorphoLex-en,CC BY-NC-SA 4.0,Raw linguistic candidate only. Reviewer must decide structured analysis and child-facing word sum; neither is inferred from MorphoLex.,medium,in_review,,,
variety_en_gb,{(vary)}>ity>,,[],[],[],,,in_review,open_licensed,MorphoLex-en,https://github.com/hugomailhot/MorphoLex-en,CC BY-NC-SA 4.0,Raw linguistic candidate only. Reviewer must decide structured analysis and child-facing word sum; neither is inferred from MorphoLex.,medium,in_review,,,
violence_en_gb,{(viol)>ance>},,[],[],[],,,in_review,open_licensed,MorphoLex-en,https://github.com/hugomailhot/MorphoLex-en,CC BY-NC-SA 4.0,Raw linguistic candidate only. Reviewer must decide structured analysis and child-facing word sum; neither is inferred from MorphoLex.,medium,in_review,,,
farm_en_gb,{(farm)},,[],[],[],,,in_review,open_licensed,MorphoLex-en,https://github.com/hugomailhot/MorphoLex-en,CC BY-NC-SA 4.0,Raw linguistic candidate only. Reviewer must decide structured analysis and child-facing word sum; neither is inferred from MorphoLex.,medium,in_review,,,
surprise_en_gb,{(surprise)},,[],[],[],,,in_review,open_licensed,MorphoLex-en,https://github.com/hugomailhot/MorphoLex-en,CC BY-NC-SA 4.0,Raw linguistic candidate only. Reviewer must decide structured analysis and child-facing word sum; neither is inferred from MorphoLex.,medium,in_review,,,
beauty_en_gb,{(beauty)},,[],[],[],,,in_review,open_licensed,MorphoLex-en,https://github.com/hugomailhot/MorphoLex-en,CC BY-NC-SA 4.0,Raw linguistic candidate only. Reviewer must decide structured analysis and child-facing word sum; neither is inferred from MorphoLex.,medium,in_review,,,
guide_en_gb,{(guide)},,[],[],[],,,in_review,open_licensed,MorphoLex-en,https://github.com/hugomailhot/MorphoLex-en,CC BY-NC-SA 4.0,Raw linguistic candidate only. Reviewer must decide structured analysis and child-facing word sum; neither is inferred from MorphoLex.,medium,in_review,,,
develop_en_gb,{(develop)},,[],[],[],,,in_review,open_licensed,MorphoLex-en,https://github.com/hugomailhot/MorphoLex-en,CC BY-NC-SA 4.0,Raw linguistic candidate only. Reviewer must decide structured analysis and child-facing word sum; neither is inferred from MorphoLex.,medium,in_review,,,
suggest_en_gb,{(suggest)},,[],[],[],,,in_review,open_licensed,MorphoLex-en,https://github.com/hugomailhot/MorphoLex-en,CC BY-NC-SA 4.0,Raw linguistic candidate only. Reviewer must decide structured analysis and child-facing word sum; neither is inferred from MorphoLex.,medium,in_review,,,
lovely_en_gb,{(love)}>ly>,,[],[],[],,,in_review,open_licensed,MorphoLex-en,https://github.com/hugomailhot/MorphoLex-en,CC BY-NC-SA 4.0,Raw linguistic candidate only. Reviewer must decide structured analysis and child-facing word sum; neither is inferred from MorphoLex.,medium,in_review,,,
reference_en_gb,{(refer)}>ance>,,[],[],[],,,in_review,open_licensed,MorphoLex-en,https://github.com/hugomailhot/MorphoLex-en,CC BY-NC-SA 4.0,Raw linguistic candidate only. Reviewer must decide structured analysis and child-facing word sum; neither is inferred from MorphoLex.,medium,in_review,,,
appreciate_en_gb,{<a<(preci)>ate>},,[],[],[],,,in_review,open_licensed,MorphoLex-en,https://github.com/hugomailhot/MorphoLex-en,CC BY-NC-SA 4.0,Raw linguistic candidate only. Reviewer must decide structured analysis and child-facing word sum; neither is inferred from MorphoLex.,medium,in_review,,,
dry_en_gb,{(dry)},,[],[],[],,,in_review,open_licensed,MorphoLex-en,https://github.com/hugomailhot/MorphoLex-en,CC BY-NC-SA 4.0,Raw linguistic candidate only. Reviewer must decide structured analysis and child-facing word sum; neither is inferred from MorphoLex.,medium,in_review,,,
evil_en_gb,{(evil)},,[],[],[],,,in_review,open_licensed,MorphoLex-en,https://github.com/hugomailhot/MorphoLex-en,CC BY-NC-SA 4.0,Raw linguistic candidate only. Reviewer must decide structured analysis and child-facing word sum; neither is inferred from MorphoLex.,medium,in_review,,,
parliament_en_gb,{(parliament)},,[],[],[],,,in_review,open_licensed,MorphoLex-en,https://github.com/hugomailhot/MorphoLex-en,CC BY-NC-SA 4.0,Raw linguistic candidate only. Reviewer must decide structured analysis and child-facing word sum; neither is inferred from MorphoLex.,medium,in_review,,,
closer_en_gb,{(close)}>er>,,[],[],[],,,in_review,open_licensed,MorphoLex-en,https://github.com/hugomailhot/MorphoLex-en,CC BY-NC-SA 4.0,Raw linguistic candidate only. Reviewer must decide structured analysis and child-facing word sum; neither is inferred from MorphoLex.,medium,in_review,,,
reaction_en_gb,{<re<(act)}>ion>,,[],[],[],,,in_review,open_licensed,MorphoLex-en,https://github.com/hugomailhot/MorphoLex-en,CC BY-NC-SA 4.0,Raw linguistic candidate only. Reviewer must decide structured analysis and child-facing word sum; neither is inferred from MorphoLex.,medium,in_review,,,
excellent_en_gb,{(excel)}>ant>,,[],[],[],,,in_review,open_licensed,MorphoLex-en,https://github.com/hugomailhot/MorphoLex-en,CC BY-NC-SA 4.0,Raw linguistic candidate only. Reviewer must decide structured analysis and child-facing word sum; neither is inferred from MorphoLex.,medium,in_review,,,
arm_en_gb,{(arm)},,[],[],[],,,in_review,open_licensed,MorphoLex-en,https://github.com/hugomailhot/MorphoLex-en,CC BY-NC-SA 4.0,Raw linguistic candidate only. Reviewer must decide structured analysis and child-facing word sum; neither is inferred from MorphoLex.,medium,in_review,,,
sport_en_gb,{(sport)},,[],[],[],,,in_review,open_licensed,MorphoLex-en,https://github.com/hugomailhot/MorphoLex-en,CC BY-NC-SA 4.0,Raw linguistic candidate only. Reviewer must decide structured analysis and child-facing word sum; neither is inferred from MorphoLex.,medium,in_review,,,
tea_en_gb,{(tea)},,[],[],[],,,in_review,open_licensed,MorphoLex-en,https://github.com/hugomailhot/MorphoLex-en,CC BY-NC-SA 4.0,Raw linguistic candidate only. Reviewer must decide structured analysis and child-facing word sum; neither is inferred from MorphoLex.,medium,in_review,,,
dropped_en_gb,{(drop)},,[],[],[],,,in_review,open_licensed,MorphoLex-en,https://github.com/hugomailhot/MorphoLex-en,CC BY-NC-SA 4.0,Raw linguistic candidate only. Reviewer must decide structured analysis and child-facing word sum; neither is inferred from MorphoLex.,medium,in_review,,,
guard_en_gb,{(guard)},,[],[],[],,,in_review,open_licensed,MorphoLex-en,https://github.com/hugomailhot/MorphoLex-en,CC BY-NC-SA 4.0,Raw linguistic candidate only. Reviewer must decide structured analysis and child-facing word sum; neither is inferred from MorphoLex.,medium,in_review,,,
medicine_en_gb,{(medicine)},,[],[],[],,,in_review,open_licensed,MorphoLex-en,https://github.com/hugomailhot/MorphoLex-en,CC BY-NC-SA 4.0,Raw linguistic candidate only. Reviewer must decide structured analysis and child-facing word sum; neither is inferred from MorphoLex.,medium,in_review,,,
assistant_en_gb,{(assist)}>ant>,,[],[],[],,,in_review,open_licensed,MorphoLex-en,https://github.com/hugomailhot/MorphoLex-en,CC BY-NC-SA 4.0,Raw linguistic candidate only. Reviewer must decide structured analysis and child-facing word sum; neither is inferred from MorphoLex.,medium,in_review,,,
pair_en_gb,{(pair)},,[],[],[],,,in_review,open_licensed,MorphoLex-en,https://github.com/hugomailhot/MorphoLex-en,CC BY-NC-SA 4.0,Raw linguistic candidate only. Reviewer must decide structured analysis and child-facing word sum; neither is inferred from MorphoLex.,medium,in_review,,,
clothes_en_gb,{(cloth)},,[],[],[],,,in_review,open_licensed,MorphoLex-en,https://github.com/hugomailhot/MorphoLex-en,CC BY-NC-SA 4.0,Raw linguistic candidate only. Reviewer must decide structured analysis and child-facing word sum; neither is inferred from MorphoLex.,medium,in_review,,,
prince_en_gb,{(prince)},,[],[],[],,,in_review,open_licensed,MorphoLex-en,https://github.com/hugomailhot/MorphoLex-en,CC BY-NC-SA 4.0,Raw linguistic candidate only. Reviewer must decide structured analysis and child-facing word sum; neither is inferred from MorphoLex.,medium,in_review,,,
session_en_gb,{(session)},,[],[],[],,,in_review,open_licensed,MorphoLex-en,https://github.com/hugomailhot/MorphoLex-en,CC BY-NC-SA 4.0,Raw linguistic candidate only. Reviewer must decide structured analysis and child-facing word sum; neither is inferred from MorphoLex.,medium,in_review,,,
mail_en_gb,{(mail)},,[],[],[],,,in_review,open_licensed,MorphoLex-en,https://github.com/hugomailhot/MorphoLex-en,CC BY-NC-SA 4.0,Raw linguistic candidate only. Reviewer must decide structured analysis and child-facing word sum; neither is inferred from MorphoLex.,medium,in_review,,,
transfer_en_gb,{(transfer)},,[],[],[],,,in_review,open_licensed,MorphoLex-en,https://github.com/hugomailhot/MorphoLex-en,CC BY-NC-SA 4.0,Raw linguistic candidate only. Reviewer must decide structured analysis and child-facing word sum; neither is inferred from MorphoLex.,medium,in_review,,,
discussion_en_gb,{(discus)}>ion>,,[],[],[],,,in_review,open_licensed,MorphoLex-en,https://github.com/hugomailhot/MorphoLex-en,CC BY-NC-SA 4.0,Raw linguistic candidate only. Reviewer must decide structured analysis and child-facing word sum; neither is inferred from MorphoLex.,medium,in_review,,,
terrible_en_gb,{(terr)>able>},,[],[],[],,,in_review,open_licensed,MorphoLex-en,https://github.com/hugomailhot/MorphoLex-en,CC BY-NC-SA 4.0,Raw linguistic candidate only. Reviewer must decide structured analysis and child-facing word sum; neither is inferred from MorphoLex.,medium,in_review,,,
bear_en_gb,{(bear)},,[],[],[],,,in_review,open_licensed,MorphoLex-en,https://github.com/hugomailhot/MorphoLex-en,CC BY-NC-SA 4.0,Raw linguistic candidate only. Reviewer must decide structured analysis and child-facing word sum; neither is inferred from MorphoLex.,medium,in_review,,,
hasn_t_en_gb,{(has)},,[],[],[],,,in_review,open_licensed,MorphoLex-en,https://github.com/hugomailhot/MorphoLex-en,CC BY-NC-SA 4.0,Raw linguistic candidate only. Reviewer must decide structured analysis and child-facing word sum; neither is inferred from MorphoLex.,medium,in_review,,,
accident_en_gb,{(accident)},,[],[],[],,,in_review,open_licensed,MorphoLex-en,https://github.com/hugomailhot/MorphoLex-en,CC BY-NC-SA 4.0,Raw linguistic candidate only. Reviewer must decide structured analysis and child-facing word sum; neither is inferred from MorphoLex.,medium,in_review,,,
steel_en_gb,{(steel)},,[],[],[],,,in_review,open_licensed,MorphoLex-en,https://github.com/hugomailhot/MorphoLex-en,CC BY-NC-SA 4.0,Raw linguistic candidate only. Reviewer must decide structured analysis and child-facing word sum; neither is inferred from MorphoLex.,medium,in_review,,,
intelligence_en_gb,{(intellig)>ance>},,[],[],[],,,in_review,open_licensed,MorphoLex-en,https://github.com/hugomailhot/MorphoLex-en,CC BY-NC-SA 4.0,Raw linguistic candidate only. Reviewer must decide structured analysis and child-facing word sum; neither is inferred from MorphoLex.,medium,in_review,,,
crew_en_gb,{(crew)},,[],[],[],,,in_review,open_licensed,MorphoLex-en,https://github.com/hugomailhot/MorphoLex-en,CC BY-NC-SA 4.0,Raw linguistic candidate only. Reviewer must decide structured analysis and child-facing word sum; neither is inferred from MorphoLex.,medium,in_review,,,
limit_en_gb,{(limit)},,[],[],[],,,in_review,open_licensed,MorphoLex-en,https://github.com/hugomailhot/MorphoLex-en,CC BY-NC-SA 4.0,Raw linguistic candidate only. Reviewer must decide structured analysis and child-facing word sum; neither is inferred from MorphoLex.,medium,in_review,,,
profit_en_gb,{(profit)},,[],[],[],,,in_review,open_licensed,MorphoLex-en,https://github.com/hugomailhot/MorphoLex-en,CC BY-NC-SA 4.0,Raw linguistic candidate only. Reviewer must decide structured analysis and child-facing word sum; neither is inferred from MorphoLex.,medium,in_review,,,
survey_en_gb,{<sur<(vey)},,[],[],[],,,in_review,open_licensed,MorphoLex-en,https://github.com/hugomailhot/MorphoLex-en,CC BY-NC-SA 4.0,Raw linguistic candidate only. Reviewer must decide structured analysis and child-facing word sum; neither is inferred from MorphoLex.,medium,in_review,,,
chair_en_gb,{(chair)},,[],[],[],,,in_review,open_licensed,MorphoLex-en,https://github.com/hugomailhot/MorphoLex-en,CC BY-NC-SA 4.0,Raw linguistic candidate only. Reviewer must decide structured analysis and child-facing word sum; neither is inferred from MorphoLex.,medium,in_review,,,
grew_en_gb,{(grew)},,[],[],[],,,in_review,open_licensed,MorphoLex-en,https://github.com/hugomailhot/MorphoLex-en,CC BY-NC-SA 4.0,Raw linguistic candidate only. Reviewer must decide structured analysis and child-facing word sum; neither is inferred from MorphoLex.,medium,in_review,,,
launch_en_gb,{(launch)},,[],[],[],,,in_review,open_licensed,MorphoLex-en,https://github.com/hugomailhot/MorphoLex-en,CC BY-NC-SA 4.0,Raw linguistic candidate only. Reviewer must decide structured analysis and child-facing word sum; neither is inferred from MorphoLex.,medium,in_review,,,
shopping_en_gb,{(shop)},,[],[],[],,,in_review,open_licensed,MorphoLex-en,https://github.com/hugomailhot/MorphoLex-en,CC BY-NC-SA 4.0,Raw linguistic candidate only. Reviewer must decide structured analysis and child-facing word sum; neither is inferred from MorphoLex.,medium,in_review,,,
sugar_en_gb,{(sugar)},,[],[],[],,,in_review,open_licensed,MorphoLex-en,https://github.com/hugomailhot/MorphoLex-en,CC BY-NC-SA 4.0,Raw linguistic candidate only. Reviewer must decide structured analysis and child-facing word sum; neither is inferred from MorphoLex.,medium,in_review,,,
weren_t_en_gb,{(were)},,[],[],[],,,in_review,open_licensed,MorphoLex-en,https://github.com/hugomailhot/MorphoLex-en,CC BY-NC-SA 4.0,Raw linguistic candidate only. Reviewer must decide structured analysis and child-facing word sum; neither is inferred from MorphoLex.,medium,in_review,,,
ending_en_gb,{(end)},,[],[],[],,,in_review,open_licensed,MorphoLex-en,https://github.com/hugomailhot/MorphoLex-en,CC BY-NC-SA 4.0,Raw linguistic candidate only. Reviewer must decide structured analysis and child-facing word sum; neither is inferred from MorphoLex.,medium,in_review,,,
exercise_en_gb,{(exercise)},,[],[],[],,,in_review,open_licensed,MorphoLex-en,https://github.com/hugomailhot/MorphoLex-en,CC BY-NC-SA 4.0,Raw linguistic candidate only. Reviewer must decide structured analysis and child-facing word sum; neither is inferred from MorphoLex.,medium,in_review,,,
ancient_en_gb,{(ancient)},,[],[],[],,,in_review,open_licensed,MorphoLex-en,https://github.com/hugomailhot/MorphoLex-en,CC BY-NC-SA 4.0,Raw linguistic candidate only. Reviewer must decide structured analysis and child-facing word sum; neither is inferred from MorphoLex.,medium,in_review,,,
restaurant_en_gb,{(restaurant)},,[],[],[],,,in_review,open_licensed,MorphoLex-en,https://github.com/hugomailhot/MorphoLex-en,CC BY-NC-SA 4.0,Raw linguistic candidate only. Reviewer must decide structured analysis and child-facing word sum; neither is inferred from MorphoLex.,medium,in_review,,,
re_enter_en_gb,,,[],[],[],,,in_review,internal_authored,No exact MorphoLex-en row,,,Raw linguistic candidate only. Reviewer must decide structured analysis and child-facing word sum; neither is inferred from MorphoLex.,low,in_review,,,
device_en_gb,{(device)},,[],[],[],,,in_review,open_licensed,MorphoLex-en,https://github.com/hugomailhot/MorphoLex-en,CC BY-NC-SA 4.0,Raw linguistic candidate only. Reviewer must decide structured analysis and child-facing word sum; neither is inferred from MorphoLex.,medium,in_review,,,
comfortable_en_gb,{(comfort)}>able>,,[],[],[],,,in_review,open_licensed,MorphoLex-en,https://github.com/hugomailhot/MorphoLex-en,CC BY-NC-SA 4.0,Raw linguistic candidate only. Reviewer must decide structured analysis and child-facing word sum; neither is inferred from MorphoLex.,medium,in_review,,,
hole_en_gb,{(hole)},,[],[],[],,,in_review,open_licensed,MorphoLex-en,https://github.com/hugomailhot/MorphoLex-en,CC BY-NC-SA 4.0,Raw linguistic candidate only. Reviewer must decide structured analysis and child-facing word sum; neither is inferred from MorphoLex.,medium,in_review,,,
angry_en_gb,{(angry)},,[],[],[],,,in_review,open_licensed,MorphoLex-en,https://github.com/hugomailhot/MorphoLex-en,CC BY-NC-SA 4.0,Raw linguistic candidate only. Reviewer must decide structured analysis and child-facing word sum; neither is inferred from MorphoLex.,medium,in_review,,,
listening_en_gb,{(listen)},,[],[],[],,,in_review,open_licensed,MorphoLex-en,https://github.com/hugomailhot/MorphoLex-en,CC BY-NC-SA 4.0,Raw linguistic candidate only. Reviewer must decide structured analysis and child-facing word sum; neither is inferred from MorphoLex.,medium,in_review,,,
numerous_en_gb,{(numer)>ious>},,[],[],[],,,in_review,open_licensed,MorphoLex-en,https://github.com/hugomailhot/MorphoLex-en,CC BY-NC-SA 4.0,Raw linguistic candidate only. Reviewer must decide structured analysis and child-facing word sum; neither is inferred from MorphoLex.,medium,in_review,,,
focused_en_gb,{(foc)>us>},,[],[],[],,,in_review,open_licensed,MorphoLex-en,https://github.com/hugomailhot/MorphoLex-en,CC BY-NC-SA 4.0,Raw linguistic candidate only. Reviewer must decide structured analysis and child-facing word sum; neither is inferred from MorphoLex.,medium,in_review,,,
confidence_en_gb,{(confide)}>ance>,,[],[],[],,,in_review,open_licensed,MorphoLex-en,https://github.com/hugomailhot/MorphoLex-en,CC BY-NC-SA 4.0,Raw linguistic candidate only. Reviewer must decide structured analysis and child-facing word sum; neither is inferred from MorphoLex.,medium,in_review,,,
identity_en_gb,{(ident)>ity>},,[],[],[],,,in_review,open_licensed,MorphoLex-en,https://github.com/hugomailhot/MorphoLex-en,CC BY-NC-SA 4.0,Raw linguistic candidate only. Reviewer must decide structured analysis and child-facing word sum; neither is inferred from MorphoLex.,medium,in_review,,,
cook_en_gb,{(cook)},,[],[],[],,,in_review,open_licensed,MorphoLex-en,https://github.com/hugomailhot/MorphoLex-en,CC BY-NC-SA 4.0,Raw linguistic candidate only. Reviewer must decide structured analysis and child-facing word sum; neither is inferred from MorphoLex.,medium,in_review,,,
kitchen_en_gb,{(kitchen)},,[],[],[],,,in_review,open_licensed,MorphoLex-en,https://github.com/hugomailhot/MorphoLex-en,CC BY-NC-SA 4.0,Raw linguistic candidate only. Reviewer must decide structured analysis and child-facing word sum; neither is inferred from MorphoLex.,medium,in_review,,,
measure_en_gb,{(measure)},,[],[],[],,,in_review,open_licensed,MorphoLex-en,https://github.com/hugomailhot/MorphoLex-en,CC BY-NC-SA 4.0,Raw linguistic candidate only. Reviewer must decide structured analysis and child-facing word sum; neither is inferred from MorphoLex.,medium,in_review,,,
quiet_en_gb,{(quiet)},,[],[],[],,,in_review,open_licensed,MorphoLex-en,https://github.com/hugomailhot/MorphoLex-en,CC BY-NC-SA 4.0,Raw linguistic candidate only. Reviewer must decide structured analysis and child-facing word sum; neither is inferred from MorphoLex.,medium,in_review,,,
committed_en_gb,{(commit)},,[],[],[],,,in_review,open_licensed,MorphoLex-en,https://github.com/hugomailhot/MorphoLex-en,CC BY-NC-SA 4.0,Raw linguistic candidate only. Reviewer must decide structured analysis and child-facing word sum; neither is inferred from MorphoLex.,medium,in_review,,,
temperature_en_gb,{(temper)>at>>ure>},,[],[],[],,,in_review,open_licensed,MorphoLex-en,https://github.com/hugomailhot/MorphoLex-en,CC BY-NC-SA 4.0,Raw linguistic candidate only. Reviewer must decide structured analysis and child-facing word sum; neither is inferred from MorphoLex.,medium,in_review,,,
lay_en_gb,{(lay)},,[],[],[],,,in_review,open_licensed,MorphoLex-en,https://github.com/hugomailhot/MorphoLex-en,CC BY-NC-SA 4.0,Raw linguistic candidate only. Reviewer must decide structured analysis and child-facing word sum; neither is inferred from MorphoLex.,medium,in_review,,,
mixed_en_gb,{(mix)},,[],[],[],,,in_review,open_licensed,MorphoLex-en,https://github.com/hugomailhot/MorphoLex-en,CC BY-NC-SA 4.0,Raw linguistic candidate only. Reviewer must decide structured analysis and child-facing word sum; neither is inferred from MorphoLex.,medium,in_review,,,
determined_en_gb,{(determine)},,[],[],[],,,in_review,open_licensed,MorphoLex-en,https://github.com/hugomailhot/MorphoLex-en,CC BY-NC-SA 4.0,Raw linguistic candidate only. Reviewer must decide structured analysis and child-facing word sum; neither is inferred from MorphoLex.,medium,in_review,,,
slowly_en_gb,{(slow)}>ly>,,[],[],[],,,in_review,open_licensed,MorphoLex-en,https://github.com/hugomailhot/MorphoLex-en,CC BY-NC-SA 4.0,Raw linguistic candidate only. Reviewer must decide structured analysis and child-facing word sum; neither is inferred from MorphoLex.,medium,in_review,,,
incredible_en_gb,<im<{(cred)>able>},,[],[],[],,,in_review,open_licensed,MorphoLex-en,https://github.com/hugomailhot/MorphoLex-en,CC BY-NC-SA 4.0,Raw linguistic candidate only. Reviewer must decide structured analysis and child-facing word sum; neither is inferred from MorphoLex.,medium,in_review,,,
basically_en_gb,{(base)}>ic>>ly>,,[],[],[],,,in_review,open_licensed,MorphoLex-en,https://github.com/hugomailhot/MorphoLex-en,CC BY-NC-SA 4.0,Raw linguistic candidate only. Reviewer must decide structured analysis and child-facing word sum; neither is inferred from MorphoLex.,medium,in_review,,,
meat_en_gb,{(meat)},,[],[],[],,,in_review,open_licensed,MorphoLex-en,https://github.com/hugomailhot/MorphoLex-en,CC BY-NC-SA 4.0,Raw linguistic candidate only. Reviewer must decide structured analysis and child-facing word sum; neither is inferred from MorphoLex.,medium,in_review,,,
tuesday_en_gb,{(tues)(day)},,[],[],[],,,in_review,open_licensed,MorphoLex-en,https://github.com/hugomailhot/MorphoLex-en,CC BY-NC-SA 4.0,Raw linguistic candidate only. Reviewer must decide structured analysis and child-facing word sum; neither is inferred from MorphoLex.,medium,in_review,,,
worried_en_gb,{(worry)},,[],[],[],,,in_review,open_licensed,MorphoLex-en,https://github.com/hugomailhot/MorphoLex-en,CC BY-NC-SA 4.0,Raw linguistic candidate only. Reviewer must decide structured analysis and child-facing word sum; neither is inferred from MorphoLex.,medium,in_review,,,
obvious_en_gb,{(obvious)},,[],[],[],,,in_review,open_licensed,MorphoLex-en,https://github.com/hugomailhot/MorphoLex-en,CC BY-NC-SA 4.0,Raw linguistic candidate only. Reviewer must decide structured analysis and child-facing word sum; neither is inferred from MorphoLex.,medium,in_review,,,
unfortunately_en_gb,<un<{(fortune)}>ate>>ly>,,[],[],[],,,in_review,open_licensed,MorphoLex-en,https://github.com/hugomailhot/MorphoLex-en,CC BY-NC-SA 4.0,Raw linguistic candidate only. Reviewer must decide structured analysis and child-facing word sum; neither is inferred from MorphoLex.,medium,in_review,,,
opposite_en_gb,{<o<(pose)}>ite>,,[],[],[],,,in_review,open_licensed,MorphoLex-en,https://github.com/hugomailhot/MorphoLex-en,CC BY-NC-SA 4.0,Raw linguistic candidate only. Reviewer must decide structured analysis and child-facing word sum; neither is inferred from MorphoLex.,medium,in_review,,,
thursday_en_gb,{(thurs)(day)},,[],[],[],,,in_review,open_licensed,MorphoLex-en,https://github.com/hugomailhot/MorphoLex-en,CC BY-NC-SA 4.0,Raw linguistic candidate only. Reviewer must decide structured analysis and child-facing word sum; neither is inferred from MorphoLex.,medium,in_review,,,
usual_en_gb,{(usual)},,[],[],[],,,in_review,open_licensed,MorphoLex-en,https://github.com/hugomailhot/MorphoLex-en,CC BY-NC-SA 4.0,Raw linguistic candidate only. Reviewer must decide structured analysis and child-facing word sum; neither is inferred from MorphoLex.,medium,in_review,,,
relevant_en_gb,{(relev)>ant>},,[],[],[],,,in_review,open_licensed,MorphoLex-en,https://github.com/hugomailhot/MorphoLex-en,CC BY-NC-SA 4.0,Raw linguistic candidate only. Reviewer must decide structured analysis and child-facing word sum; neither is inferred from MorphoLex.,medium,in_review,,,
familiar_en_gb,{(family)}>ar>,,[],[],[],,,in_review,open_licensed,MorphoLex-en,https://github.com/hugomailhot/MorphoLex-en,CC BY-NC-SA 4.0,Raw linguistic candidate only. Reviewer must decide structured analysis and child-facing word sum; neither is inferred from MorphoLex.,medium,in_review,,,
carrying_en_gb,{(carry)},,[],[],[],,,in_review,open_licensed,MorphoLex-en,https://github.com/hugomailhot/MorphoLex-en,CC BY-NC-SA 4.0,Raw linguistic candidate only. Reviewer must decide structured analysis and child-facing word sum; neither is inferred from MorphoLex.,medium,in_review,,,
referred_en_gb,{(refer)},,[],[],[],,,in_review,open_licensed,MorphoLex-en,https://github.com/hugomailhot/MorphoLex-en,CC BY-NC-SA 4.0,Raw linguistic candidate only. Reviewer must decide structured analysis and child-facing word sum; neither is inferred from MorphoLex.,medium,in_review,,,
draft_en_gb,{(draft)},,[],[],[],,,in_review,open_licensed,MorphoLex-en,https://github.com/hugomailhot/MorphoLex-en,CC BY-NC-SA 4.0,Raw linguistic candidate only. Reviewer must decide structured analysis and child-facing word sum; neither is inferred from MorphoLex.,medium,in_review,,,
desire_en_gb,{(desire)},,[],[],[],,,in_review,open_licensed,MorphoLex-en,https://github.com/hugomailhot/MorphoLex-en,CC BY-NC-SA 4.0,Raw linguistic candidate only. Reviewer must decide structured analysis and child-facing word sum; neither is inferred from MorphoLex.,medium,in_review,,,
recommend_en_gb,{(recommend)},,[],[],[],,,in_review,open_licensed,MorphoLex-en,https://github.com/hugomailhot/MorphoLex-en,CC BY-NC-SA 4.0,Raw linguistic candidate only. Reviewer must decide structured analysis and child-facing word sum; neither is inferred from MorphoLex.,medium,in_review,,,
offering_en_gb,{(offer)},,[],[],[],,,in_review,open_licensed,MorphoLex-en,https://github.com/hugomailhot/MorphoLex-en,CC BY-NC-SA 4.0,Raw linguistic candidate only. Reviewer must decide structured analysis and child-facing word sum; neither is inferred from MorphoLex.,medium,in_review,,,
typical_en_gb,{(typo)}>al>,,[],[],[],,,in_review,open_licensed,MorphoLex-en,https://github.com/hugomailhot/MorphoLex-en,CC BY-NC-SA 4.0,Raw linguistic candidate only. Reviewer must decide structured analysis and child-facing word sum; neither is inferred from MorphoLex.,medium,in_review,,,
affect_en_gb,{<a<(fect)},,[],[],[],,,in_review,open_licensed,MorphoLex-en,https://github.com/hugomailhot/MorphoLex-en,CC BY-NC-SA 4.0,Raw linguistic candidate only. Reviewer must decide structured analysis and child-facing word sum; neither is inferred from MorphoLex.,medium,in_review,,,
reasonable_en_gb,{(reason)}>able>,,[],[],[],,,in_review,open_licensed,MorphoLex-en,https://github.com/hugomailhot/MorphoLex-en,CC BY-NC-SA 4.0,Raw linguistic candidate only. Reviewer must decide structured analysis and child-facing word sum; neither is inferred from MorphoLex.,medium,in_review,,,
assistance_en_gb,{(assist)}>ance>,,[],[],[],,,in_review,open_licensed,MorphoLex-en,https://github.com/hugomailhot/MorphoLex-en,CC BY-NC-SA 4.0,Raw linguistic candidate only. Reviewer must decide structured analysis and child-facing word sum; neither is inferred from MorphoLex.,medium,in_review,,,
bell_en_gb,{(bell)},,[],[],[],,,in_review,open_licensed,MorphoLex-en,https://github.com/hugomailhot/MorphoLex-en,CC BY-NC-SA 4.0,Raw linguistic candidate only. Reviewer must decide structured analysis and child-facing word sum; neither is inferred from MorphoLex.,medium,in_review,,,
blow_en_gb,{(blow)},,[],[],[],,,in_review,open_licensed,MorphoLex-en,https://github.com/hugomailhot/MorphoLex-en,CC BY-NC-SA 4.0,Raw linguistic candidate only. Reviewer must decide structured analysis and child-facing word sum; neither is inferred from MorphoLex.,medium,in_review,,,
wednesday_en_gb,{(wednes)(day)},,[],[],[],,,in_review,open_licensed,MorphoLex-en,https://github.com/hugomailhot/MorphoLex-en,CC BY-NC-SA 4.0,Raw linguistic candidate only. Reviewer must decide structured analysis and child-facing word sum; neither is inferred from MorphoLex.,medium,in_review,,,
motion_en_gb,{(motion)},,[],[],[],,,in_review,open_licensed,MorphoLex-en,https://github.com/hugomailhot/MorphoLex-en,CC BY-NC-SA 4.0,Raw linguistic candidate only. Reviewer must decide structured analysis and child-facing word sum; neither is inferred from MorphoLex.,medium,in_review,,,
independence_en_gb,<im<{<de<(pend)}>ance>,,[],[],[],,,in_review,open_licensed,MorphoLex-en,https://github.com/hugomailhot/MorphoLex-en,CC BY-NC-SA 4.0,Raw linguistic candidate only. Reviewer must decide structured analysis and child-facing word sum; neither is inferred from MorphoLex.,medium,in_review,,,
it_ll_en_gb,{(it)},,[],[],[],,,in_review,open_licensed,MorphoLex-en,https://github.com/hugomailhot/MorphoLex-en,CC BY-NC-SA 4.0,Raw linguistic candidate only. Reviewer must decide structured analysis and child-facing word sum; neither is inferred from MorphoLex.,medium,in_review,,,
sentence_en_gb,{(sentence)},,[],[],[],,,in_review,open_licensed,MorphoLex-en,https://github.com/hugomailhot/MorphoLex-en,CC BY-NC-SA 4.0,Raw linguistic candidate only. Reviewer must decide structured analysis and child-facing word sum; neither is inferred from MorphoLex.,medium,in_review,,,
admit_en_gb,{(admit)},,[],[],[],,,in_review,open_licensed,MorphoLex-en,https://github.com/hugomailhot/MorphoLex-en,CC BY-NC-SA 4.0,Raw linguistic candidate only. Reviewer must decide structured analysis and child-facing word sum; neither is inferred from MorphoLex.,medium,in_review,,,
guest_en_gb,{(guest)},,[],[],[],,,in_review,open_licensed,MorphoLex-en,https://github.com/hugomailhot/MorphoLex-en,CC BY-NC-SA 4.0,Raw linguistic candidate only. Reviewer must decide structured analysis and child-facing word sum; neither is inferred from MorphoLex.,medium,in_review,,,
pleasure_en_gb,{(please)>ure>},,[],[],[],,,in_review,open_licensed,MorphoLex-en,https://github.com/hugomailhot/MorphoLex-en,CC BY-NC-SA 4.0,Raw linguistic candidate only. Reviewer must decide structured analysis and child-facing word sum; neither is inferred from MorphoLex.,medium,in_review,,,
category_en_gb,{(categor)>y>},,[],[],[],,,in_review,open_licensed,MorphoLex-en,https://github.com/hugomailhot/MorphoLex-en,CC BY-NC-SA 4.0,Raw linguistic candidate only. Reviewer must decide structured analysis and child-facing word sum; neither is inferred from MorphoLex.,medium,in_review,,,
mess_en_gb,{(mess)},,[],[],[],,,in_review,open_licensed,MorphoLex-en,https://github.com/hugomailhot/MorphoLex-en,CC BY-NC-SA 4.0,Raw linguistic candidate only. Reviewer must decide structured analysis and child-facing word sum; neither is inferred from MorphoLex.,medium,in_review,,,
tight_en_gb,{(tight)},,[],[],[],,,in_review,open_licensed,MorphoLex-en,https://github.com/hugomailhot/MorphoLex-en,CC BY-NC-SA 4.0,Raw linguistic candidate only. Reviewer must decide structured analysis and child-facing word sum; neither is inferred from MorphoLex.,medium,in_review,,,
occurred_en_gb,{(occur)},,[],[],[],,,in_review,open_licensed,MorphoLex-en,https://github.com/hugomailhot/MorphoLex-en,CC BY-NC-SA 4.0,Raw linguistic candidate only. Reviewer must decide structured analysis and child-facing word sum; neither is inferred from MorphoLex.,medium,in_review,,,
prefer_en_gb,{(prefer)},,[],[],[],,,in_review,open_licensed,MorphoLex-en,https://github.com/hugomailhot/MorphoLex-en,CC BY-NC-SA 4.0,Raw linguistic candidate only. Reviewer must decide structured analysis and child-facing word sum; neither is inferred from MorphoLex.,medium,in_review,,,
diet_en_gb,{(diet)},,[],[],[],,,in_review,open_licensed,MorphoLex-en,https://github.com/hugomailhot/MorphoLex-en,CC BY-NC-SA 4.0,Raw linguistic candidate only. Reviewer must decide structured analysis and child-facing word sum; neither is inferred from MorphoLex.,medium,in_review,,,
scheme_en_gb,{(scheme)},,[],[],[],,,in_review,open_licensed,MorphoLex-en,https://github.com/hugomailhot/MorphoLex-en,CC BY-NC-SA 4.0,Raw linguistic candidate only. Reviewer must decide structured analysis and child-facing word sum; neither is inferred from MorphoLex.,medium,in_review,,,
achieve_en_gb,{(achieve)},,[],[],[],,,in_review,open_licensed,MorphoLex-en,https://github.com/hugomailhot/MorphoLex-en,CC BY-NC-SA 4.0,Raw linguistic candidate only. Reviewer must decide structured analysis and child-facing word sum; neither is inferred from MorphoLex.,medium,in_review,,,
programme_en_gb,{(programme)},,[],[],[],,,in_review,open_licensed,MorphoLex-en,https://github.com/hugomailhot/MorphoLex-en,CC BY-NC-SA 4.0,Raw linguistic candidate only. Reviewer must decide structured analysis and child-facing word sum; neither is inferred from MorphoLex.,medium,in_review,,,
describe_en_gb,{<de<(script)},,[],[],[],,,in_review,open_licensed,MorphoLex-en,https://github.com/hugomailhot/MorphoLex-en,CC BY-NC-SA 4.0,Raw linguistic candidate only. Reviewer must decide structured analysis and child-facing word sum; neither is inferred from MorphoLex.,medium,in_review,,,
suppose_en_gb,{<su<(pose)},,[],[],[],,,in_review,open_licensed,MorphoLex-en,https://github.com/hugomailhot/MorphoLex-en,CC BY-NC-SA 4.0,Raw linguistic candidate only. Reviewer must decide structured analysis and child-facing word sum; neither is inferred from MorphoLex.,medium,in_review,,,
importance_en_gb,{(import)>ance>},,[],[],[],,,in_review,open_licensed,MorphoLex-en,https://github.com/hugomailhot/MorphoLex-en,CC BY-NC-SA 4.0,Raw linguistic candidate only. Reviewer must decide structured analysis and child-facing word sum; neither is inferred from MorphoLex.,medium,in_review,,,
frequently_en_gb,{(frequent)}>ly>,,[],[],[],,,in_review,open_licensed,MorphoLex-en,https://github.com/hugomailhot/MorphoLex-en,CC BY-NC-SA 4.0,Raw linguistic candidate only. Reviewer must decide structured analysis and child-facing word sum; neither is inferred from MorphoLex.,medium,in_review,,,
crown_en_gb,{(crown)},,[],[],[],,,in_review,open_licensed,MorphoLex-en,https://github.com/hugomailhot/MorphoLex-en,CC BY-NC-SA 4.0,Raw linguistic candidate only. Reviewer must decide structured analysis and child-facing word sum; neither is inferred from MorphoLex.,medium,in_review,,,
laid_en_gb,{(lay)},,[],[],[],,,in_review,open_licensed,MorphoLex-en,https://github.com/hugomailhot/MorphoLex-en,CC BY-NC-SA 4.0,Raw linguistic candidate only. Reviewer must decide structured analysis and child-facing word sum; neither is inferred from MorphoLex.,medium,in_review,,,
expression_en_gb,{<ex<(press)}>ion>,,[],[],[],,,in_review,open_licensed,MorphoLex-en,https://github.com/hugomailhot/MorphoLex-en,CC BY-NC-SA 4.0,Raw linguistic candidate only. Reviewer must decide structured analysis and child-facing word sum; neither is inferred from MorphoLex.,medium,in_review,,,
existence_en_gb,{(exist)}>ance>,,[],[],[],,,in_review,open_licensed,MorphoLex-en,https://github.com/hugomailhot/MorphoLex-en,CC BY-NC-SA 4.0,Raw linguistic candidate only. Reviewer must decide structured analysis and child-facing word sum; neither is inferred from MorphoLex.,medium,in_review,,,
mate_en_gb,{(mate)},,[],[],[],,,in_review,open_licensed,MorphoLex-en,https://github.com/hugomailhot/MorphoLex-en,CC BY-NC-SA 4.0,Raw linguistic candidate only. Reviewer must decide structured analysis and child-facing word sum; neither is inferred from MorphoLex.,medium,in_review,,,
roof_en_gb,{(roof)},,[],[],[],,,in_review,open_licensed,MorphoLex-en,https://github.com/hugomailhot/MorphoLex-en,CC BY-NC-SA 4.0,Raw linguistic candidate only. Reviewer must decide structured analysis and child-facing word sum; neither is inferred from MorphoLex.,medium,in_review,,,
heavily_en_gb,{(heavy)}>ly>,,[],[],[],,,in_review,open_licensed,MorphoLex-en,https://github.com/hugomailhot/MorphoLex-en,CC BY-NC-SA 4.0,Raw linguistic candidate only. Reviewer must decide structured analysis and child-facing word sum; neither is inferred from MorphoLex.,medium,in_review,,,
expansion_en_gb,{(expand)}>ion>,,[],[],[],,,in_review,open_licensed,MorphoLex-en,https://github.com/hugomailhot/MorphoLex-en,CC BY-NC-SA 4.0,Raw linguistic candidate only. Reviewer must decide structured analysis and child-facing word sum; neither is inferred from MorphoLex.,medium,in_review,,,
he_ll_en_gb,{(he)},,[],[],[],,,in_review,open_licensed,MorphoLex-en,https://github.com/hugomailhot/MorphoLex-en,CC BY-NC-SA 4.0,Raw linguistic candidate only. Reviewer must decide structured analysis and child-facing word sum; neither is inferred from MorphoLex.,medium,in_review,,,
sight_en_gb,{(sight)},,[],[],[],,,in_review,open_licensed,MorphoLex-en,https://github.com/hugomailhot/MorphoLex-en,CC BY-NC-SA 4.0,Raw linguistic candidate only. Reviewer must decide structured analysis and child-facing word sum; neither is inferred from MorphoLex.,medium,in_review,,,
re_escape_en_gb,,,[],[],[],,,in_review,internal_authored,No exact MorphoLex-en row,,,Raw linguistic candidate only. Reviewer must decide structured analysis and child-facing word sum; neither is inferred from MorphoLex.,low,in_review,,,
dumb_en_gb,{(dumb)},,[],[],[],,,in_review,open_licensed,MorphoLex-en,https://github.com/hugomailhot/MorphoLex-en,CC BY-NC-SA 4.0,Raw linguistic candidate only. Reviewer must decide structured analysis and child-facing word sum; neither is inferred from MorphoLex.,medium,in_review,,,
princess_en_gb,{(prince)}>ess>,,[],[],[],,,in_review,open_licensed,MorphoLex-en,https://github.com/hugomailhot/MorphoLex-en,CC BY-NC-SA 4.0,Raw linguistic candidate only. Reviewer must decide structured analysis and child-facing word sum; neither is inferred from MorphoLex.,medium,in_review,,,
unknown_en_gb,<un<{(know)}>n>,,[],[],[],,,in_review,open_licensed,MorphoLex-en,https://github.com/hugomailhot/MorphoLex-en,CC BY-NC-SA 4.0,Raw linguistic candidate only. Reviewer must decide structured analysis and child-facing word sum; neither is inferred from MorphoLex.,medium,in_review,,,
loud_en_gb,{(loud)},,[],[],[],,,in_review,open_licensed,MorphoLex-en,https://github.com/hugomailhot/MorphoLex-en,CC BY-NC-SA 4.0,Raw linguistic candidate only. Reviewer must decide structured analysis and child-facing word sum; neither is inferred from MorphoLex.,medium,in_review,,,
raw_en_gb,{(raw)},,[],[],[],,,in_review,open_licensed,MorphoLex-en,https://github.com/hugomailhot/MorphoLex-en,CC BY-NC-SA 4.0,Raw linguistic candidate only. Reviewer must decide structured analysis and child-facing word sum; neither is inferred from MorphoLex.,medium,in_review,,,
height_en_gb,{(height)},,[],[],[],,,in_review,open_licensed,MorphoLex-en,https://github.com/hugomailhot/MorphoLex-en,CC BY-NC-SA 4.0,Raw linguistic candidate only. Reviewer must decide structured analysis and child-facing word sum; neither is inferred from MorphoLex.,medium,in_review,,,
singer_en_gb,{(sing)}>er>,,[],[],[],,,in_review,open_licensed,MorphoLex-en,https://github.com/hugomailhot/MorphoLex-en,CC BY-NC-SA 4.0,Raw linguistic candidate only. Reviewer must decide structured analysis and child-facing word sum; neither is inferred from MorphoLex.,medium,in_review,,,
regularly_en_gb,{(regul)>ar>}>ly>,,[],[],[],,,in_review,open_licensed,MorphoLex-en,https://github.com/hugomailhot/MorphoLex-en,CC BY-NC-SA 4.0,Raw linguistic candidate only. Reviewer must decide structured analysis and child-facing word sum; neither is inferred from MorphoLex.,medium,in_review,,,
automatically_en_gb,{(automatic)}>ly>,,[],[],[],,,in_review,open_licensed,MorphoLex-en,https://github.com/hugomailhot/MorphoLex-en,CC BY-NC-SA 4.0,Raw linguistic candidate only. Reviewer must decide structured analysis and child-facing word sum; neither is inferred from MorphoLex.,medium,in_review,,,
breath_en_gb,{(breath)},,[],[],[],,,in_review,open_licensed,MorphoLex-en,https://github.com/hugomailhot/MorphoLex-en,CC BY-NC-SA 4.0,Raw linguistic candidate only. Reviewer must decide structured analysis and child-facing word sum; neither is inferred from MorphoLex.,medium,in_review,,,
attached_en_gb,{(attach)},,[],[],[],,,in_review,open_licensed,MorphoLex-en,https://github.com/hugomailhot/MorphoLex-en,CC BY-NC-SA 4.0,Raw linguistic candidate only. Reviewer must decide structured analysis and child-facing word sum; neither is inferred from MorphoLex.,medium,in_review,,,
immediate_en_gb,{(immediate)},,[],[],[],,,in_review,open_licensed,MorphoLex-en,https://github.com/hugomailhot/MorphoLex-en,CC BY-NC-SA 4.0,Raw linguistic candidate only. Reviewer must decide structured analysis and child-facing word sum; neither is inferred from MorphoLex.,medium,in_review,,,
suffered_en_gb,{(suffer)},,[],[],[],,,in_review,open_licensed,MorphoLex-en,https://github.com/hugomailhot/MorphoLex-en,CC BY-NC-SA 4.0,Raw linguistic candidate only. Reviewer must decide structured analysis and child-facing word sum; neither is inferred from MorphoLex.,medium,in_review,,,
license_en_gb,{(license)},,[],[],[],,,in_review,open_licensed,MorphoLex-en,https://github.com/hugomailhot/MorphoLex-en,CC BY-NC-SA 4.0,Raw linguistic candidate only. Reviewer must decide structured analysis and child-facing word sum; neither is inferred from MorphoLex.,medium,in_review,,,
principal_en_gb,{(principal)},,[],[],[],,,in_review,open_licensed,MorphoLex-en,https://github.com/hugomailhot/MorphoLex-en,CC BY-NC-SA 4.0,Raw linguistic candidate only. Reviewer must decide structured analysis and child-facing word sum; neither is inferred from MorphoLex.,medium,in_review,,,
swear_en_gb,{(swear)},,[],[],[],,,in_review,open_licensed,MorphoLex-en,https://github.com/hugomailhot/MorphoLex-en,CC BY-NC-SA 4.0,Raw linguistic candidate only. Reviewer must decide structured analysis and child-facing word sum; neither is inferred from MorphoLex.,medium,in_review,,,
permission_en_gb,{(permit)}>ion>,,[],[],[],,,in_review,open_licensed,MorphoLex-en,https://github.com/hugomailhot/MorphoLex-en,CC BY-NC-SA 4.0,Raw linguistic candidate only. Reviewer must decide structured analysis and child-facing word sum; neither is inferred from MorphoLex.,medium,in_review,,,
bread_en_gb,{(bread)},,[],[],[],,,in_review,open_licensed,MorphoLex-en,https://github.com/hugomailhot/MorphoLex-en,CC BY-NC-SA 4.0,Raw linguistic candidate only. Reviewer must decide structured analysis and child-facing word sum; neither is inferred from MorphoLex.,medium,in_review,,,
wheel_en_gb,{(wheel)},,[],[],[],,,in_review,open_licensed,MorphoLex-en,https://github.com/hugomailhot/MorphoLex-en,CC BY-NC-SA 4.0,Raw linguistic candidate only. Reviewer must decide structured analysis and child-facing word sum; neither is inferred from MorphoLex.,medium,in_review,,,
dancing_en_gb,{(dance)},,[],[],[],,,in_review,open_licensed,MorphoLex-en,https://github.com/hugomailhot/MorphoLex-en,CC BY-NC-SA 4.0,Raw linguistic candidate only. Reviewer must decide structured analysis and child-facing word sum; neither is inferred from MorphoLex.,medium,in_review,,,
reply_en_gb,{(reply)},,[],[],[],,,in_review,open_licensed,MorphoLex-en,https://github.com/hugomailhot/MorphoLex-en,CC BY-NC-SA 4.0,Raw linguistic candidate only. Reviewer must decide structured analysis and child-facing word sum; neither is inferred from MorphoLex.,medium,in_review,,,
visited_en_gb,{(visit)},,[],[],[],,,in_review,open_licensed,MorphoLex-en,https://github.com/hugomailhot/MorphoLex-en,CC BY-NC-SA 4.0,Raw linguistic candidate only. Reviewer must decide structured analysis and child-facing word sum; neither is inferred from MorphoLex.,medium,in_review,,,
shoulder_en_gb,{(shoulder)},,[],[],[],,,in_review,open_licensed,MorphoLex-en,https://github.com/hugomailhot/MorphoLex-en,CC BY-NC-SA 4.0,Raw linguistic candidate only. Reviewer must decide structured analysis and child-facing word sum; neither is inferred from MorphoLex.,medium,in_review,,,
studied_en_gb,{(stud)>y>},,[],[],[],,,in_review,open_licensed,MorphoLex-en,https://github.com/hugomailhot/MorphoLex-en,CC BY-NC-SA 4.0,Raw linguistic candidate only. Reviewer must decide structured analysis and child-facing word sum; neither is inferred from MorphoLex.,medium,in_review,,,
admitted_en_gb,{(admit)},,[],[],[],,,in_review,open_licensed,MorphoLex-en,https://github.com/hugomailhot/MorphoLex-en,CC BY-NC-SA 4.0,Raw linguistic candidate only. Reviewer must decide structured analysis and child-facing word sum; neither is inferred from MorphoLex.,medium,in_review,,,
fought_en_gb,{(fought)},,[],[],[],,,in_review,open_licensed,MorphoLex-en,https://github.com/hugomailhot/MorphoLex-en,CC BY-NC-SA 4.0,Raw linguistic candidate only. Reviewer must decide structured analysis and child-facing word sum; neither is inferred from MorphoLex.,medium,in_review,,,
sought_en_gb,{(sought)},,[],[],[],,,in_review,open_licensed,MorphoLex-en,https://github.com/hugomailhot/MorphoLex-en,CC BY-NC-SA 4.0,Raw linguistic candidate only. Reviewer must decide structured analysis and child-facing word sum; neither is inferred from MorphoLex.,medium,in_review,,,
consistent_en_gb,{<co<(sist)>ant>},,[],[],[],,,in_review,open_licensed,MorphoLex-en,https://github.com/hugomailhot/MorphoLex-en,CC BY-NC-SA 4.0,Raw linguistic candidate only. Reviewer must decide structured analysis and child-facing word sum; neither is inferred from MorphoLex.,medium,in_review,,,
bone_en_gb,{(bone)},,[],[],[],,,in_review,open_licensed,MorphoLex-en,https://github.com/hugomailhot/MorphoLex-en,CC BY-NC-SA 4.0,Raw linguistic candidate only. Reviewer must decide structured analysis and child-facing word sum; neither is inferred from MorphoLex.,medium,in_review,,,
tied_en_gb,{(tie)},,[],[],[],,,in_review,open_licensed,MorphoLex-en,https://github.com/hugomailhot/MorphoLex-en,CC BY-NC-SA 4.0,Raw linguistic candidate only. Reviewer must decide structured analysis and child-facing word sum; neither is inferred from MorphoLex.,medium,in_review,,,
awful_en_gb,{(awe)}>ful>,,[],[],[],,,in_review,open_licensed,MorphoLex-en,https://github.com/hugomailhot/MorphoLex-en,CC BY-NC-SA 4.0,Raw linguistic candidate only. Reviewer must decide structured analysis and child-facing word sum; neither is inferred from MorphoLex.,medium,in_review,,,
adventure_en_gb,{(advent)>ure>},,[],[],[],,,in_review,open_licensed,MorphoLex-en,https://github.com/hugomailhot/MorphoLex-en,CC BY-NC-SA 4.0,Raw linguistic candidate only. Reviewer must decide structured analysis and child-facing word sum; neither is inferred from MorphoLex.,medium,in_review,,,
ridiculous_en_gb,{(ridicule)}>ious>,,[],[],[],,,in_review,open_licensed,MorphoLex-en,https://github.com/hugomailhot/MorphoLex-en,CC BY-NC-SA 4.0,Raw linguistic candidate only. Reviewer must decide structured analysis and child-facing word sum; neither is inferred from MorphoLex.,medium,in_review,,,
argue_en_gb,{(argue)},,[],[],[],,,in_review,open_licensed,MorphoLex-en,https://github.com/hugomailhot/MorphoLex-en,CC BY-NC-SA 4.0,Raw linguistic candidate only. Reviewer must decide structured analysis and child-facing word sum; neither is inferred from MorphoLex.,medium,in_review,,,
threw_en_gb,{(threw)},,[],[],[],,,in_review,open_licensed,MorphoLex-en,https://github.com/hugomailhot/MorphoLex-en,CC BY-NC-SA 4.0,Raw linguistic candidate only. Reviewer must decide structured analysis and child-facing word sum; neither is inferred from MorphoLex.,medium,in_review,,,
soldier_en_gb,{(soldier)},,[],[],[],,,in_review,open_licensed,MorphoLex-en,https://github.com/hugomailhot/MorphoLex-en,CC BY-NC-SA 4.0,Raw linguistic candidate only. Reviewer must decide structured analysis and child-facing word sum; neither is inferred from MorphoLex.,medium,in_review,,,
mystery_en_gb,{(myst)>ory>},,[],[],[],,,in_review,open_licensed,MorphoLex-en,https://github.com/hugomailhot/MorphoLex-en,CC BY-NC-SA 4.0,Raw linguistic candidate only. Reviewer must decide structured analysis and child-facing word sum; neither is inferred from MorphoLex.,medium,in_review,,,
successfully_en_gb,{(success)}>ful>>ly>,,[],[],[],,,in_review,open_licensed,MorphoLex-en,https://github.com/hugomailhot/MorphoLex-en,CC BY-NC-SA 4.0,Raw linguistic candidate only. Reviewer must decide structured analysis and child-facing word sum; neither is inferred from MorphoLex.,medium,in_review,,,
innocent_en_gb,{(innoc)>ant>},,[],[],[],,,in_review,open_licensed,MorphoLex-en,https://github.com/hugomailhot/MorphoLex-en,CC BY-NC-SA 4.0,Raw linguistic candidate only. Reviewer must decide structured analysis and child-facing word sum; neither is inferred from MorphoLex.,medium,in_review,,,
fort_en_gb,{(fort)},,[],[],[],,,in_review,open_licensed,MorphoLex-en,https://github.com/hugomailhot/MorphoLex-en,CC BY-NC-SA 4.0,Raw linguistic candidate only. Reviewer must decide structured analysis and child-facing word sum; neither is inferred from MorphoLex.,medium,in_review,,,
angel_en_gb,{(angel)},,[],[],[],,,in_review,open_licensed,MorphoLex-en,https://github.com/hugomailhot/MorphoLex-en,CC BY-NC-SA 4.0,Raw linguistic candidate only. Reviewer must decide structured analysis and child-facing word sum; neither is inferred from MorphoLex.,medium,in_review,,,
uncle_en_gb,{(uncle)},,[],[],[],,,in_review,open_licensed,MorphoLex-en,https://github.com/hugomailhot/MorphoLex-en,CC BY-NC-SA 4.0,Raw linguistic candidate only. Reviewer must decide structured analysis and child-facing word sum; neither is inferred from MorphoLex.,medium,in_review,,,
curious_en_gb,{(curious)},,[],[],[],,,in_review,open_licensed,MorphoLex-en,https://github.com/hugomailhot/MorphoLex-en,CC BY-NC-SA 4.0,Raw linguistic candidate only. Reviewer must decide structured analysis and child-facing word sum; neither is inferred from MorphoLex.,medium,in_review,,,
refer_en_gb,{(refer)},,[],[],[],,,in_review,open_licensed,MorphoLex-en,https://github.com/hugomailhot/MorphoLex-en,CC BY-NC-SA 4.0,Raw linguistic candidate only. Reviewer must decide structured analysis and child-facing word sum; neither is inferred from MorphoLex.,medium,in_review,,,
suffer_en_gb,{(suffer)},,[],[],[],,,in_review,open_licensed,MorphoLex-en,https://github.com/hugomailhot/MorphoLex-en,CC BY-NC-SA 4.0,Raw linguistic candidate only. Reviewer must decide structured analysis and child-facing word sum; neither is inferred from MorphoLex.,medium,in_review,,,
badly_en_gb,{(bad)}>ly>,,[],[],[],,,in_review,open_licensed,MorphoLex-en,https://github.com/hugomailhot/MorphoLex-en,CC BY-NC-SA 4.0,Raw linguistic candidate only. Reviewer must decide structured analysis and child-facing word sum; neither is inferred from MorphoLex.,medium,in_review,,,
fiction_en_gb,{(fict)>ion>},,[],[],[],,,in_review,open_licensed,MorphoLex-en,https://github.com/hugomailhot/MorphoLex-en,CC BY-NC-SA 4.0,Raw linguistic candidate only. Reviewer must decide structured analysis and child-facing word sum; neither is inferred from MorphoLex.,medium,in_review,,,
explanation_en_gb,{(explain)}>ion>,,[],[],[],,,in_review,open_licensed,MorphoLex-en,https://github.com/hugomailhot/MorphoLex-en,CC BY-NC-SA 4.0,Raw linguistic candidate only. Reviewer must decide structured analysis and child-facing word sum; neither is inferred from MorphoLex.,medium,in_review,,,
horrible_en_gb,{(horr)>able>},,[],[],[],,,in_review,open_licensed,MorphoLex-en,https://github.com/hugomailhot/MorphoLex-en,CC BY-NC-SA 4.0,Raw linguistic candidate only. Reviewer must decide structured analysis and child-facing word sum; neither is inferred from MorphoLex.,medium,in_review,,,
guarantee_en_gb,{(guarant)>ee>},,[],[],[],,,in_review,open_licensed,MorphoLex-en,https://github.com/hugomailhot/MorphoLex-en,CC BY-NC-SA 4.0,Raw linguistic candidate only. Reviewer must decide structured analysis and child-facing word sum; neither is inferred from MorphoLex.,medium,in_review,,,
tape_en_gb,{(tape)},,[],[],[],,,in_review,open_licensed,MorphoLex-en,https://github.com/hugomailhot/MorphoLex-en,CC BY-NC-SA 4.0,Raw linguistic candidate only. Reviewer must decide structured analysis and child-facing word sum; neither is inferred from MorphoLex.,medium,in_review,,,
visiting_en_gb,{(visit)},,[],[],[],,,in_review,open_licensed,MorphoLex-en,https://github.com/hugomailhot/MorphoLex-en,CC BY-NC-SA 4.0,Raw linguistic candidate only. Reviewer must decide structured analysis and child-facing word sum; neither is inferred from MorphoLex.,medium,in_review,,,
muscle_en_gb,{(muscle)},,[],[],[],,,in_review,open_licensed,MorphoLex-en,https://github.com/hugomailhot/MorphoLex-en,CC BY-NC-SA 4.0,Raw linguistic candidate only. Reviewer must decide structured analysis and child-facing word sum; neither is inferred from MorphoLex.,medium,in_review,,,
confident_en_gb,{(confide)}>ant>,,[],[],[],,,in_review,open_licensed,MorphoLex-en,https://github.com/hugomailhot/MorphoLex-en,CC BY-NC-SA 4.0,Raw linguistic candidate only. Reviewer must decide structured analysis and child-facing word sum; neither is inferred from MorphoLex.,medium,in_review,,,
containing_en_gb,{<co<(tain)},,[],[],[],,,in_review,open_licensed,MorphoLex-en,https://github.com/hugomailhot/MorphoLex-en,CC BY-NC-SA 4.0,Raw linguistic candidate only. Reviewer must decide structured analysis and child-facing word sum; neither is inferred from MorphoLex.,medium,in_review,,,
label_en_gb,{(label)},,[],[],[],,,in_review,open_licensed,MorphoLex-en,https://github.com/hugomailhot/MorphoLex-en,CC BY-NC-SA 4.0,Raw linguistic candidate only. Reviewer must decide structured analysis and child-facing word sum; neither is inferred from MorphoLex.,medium,in_review,,,
studying_en_gb,{(stud)>y>},,[],[],[],,,in_review,open_licensed,MorphoLex-en,https://github.com/hugomailhot/MorphoLex-en,CC BY-NC-SA 4.0,Raw linguistic candidate only. Reviewer must decide structured analysis and child-facing word sum; neither is inferred from MorphoLex.,medium,in_review,,,
capture_en_gb,{(capt)>ure>},,[],[],[],,,in_review,open_licensed,MorphoLex-en,https://github.com/hugomailhot/MorphoLex-en,CC BY-NC-SA 4.0,Raw linguistic candidate only. Reviewer must decide structured analysis and child-facing word sum; neither is inferred from MorphoLex.,medium,in_review,,,
ordinary_en_gb,{(ordin)>ory>},,[],[],[],,,in_review,open_licensed,MorphoLex-en,https://github.com/hugomailhot/MorphoLex-en,CC BY-NC-SA 4.0,Raw linguistic candidate only. Reviewer must decide structured analysis and child-facing word sum; neither is inferred from MorphoLex.,medium,in_review,,,
hunting_en_gb,{(hunt)},,[],[],[],,,in_review,open_licensed,MorphoLex-en,https://github.com/hugomailhot/MorphoLex-en,CC BY-NC-SA 4.0,Raw linguistic candidate only. Reviewer must decide structured analysis and child-facing word sum; neither is inferred from MorphoLex.,medium,in_review,,,
stomach_en_gb,{(stomach)},,[],[],[],,,in_review,open_licensed,MorphoLex-en,https://github.com/hugomailhot/MorphoLex-en,CC BY-NC-SA 4.0,Raw linguistic candidate only. Reviewer must decide structured analysis and child-facing word sum; neither is inferred from MorphoLex.,medium,in_review,,,
co_operate_en_gb,,,[],[],[],,,in_review,internal_authored,No exact MorphoLex-en row,,,Raw linguistic candidate only. Reviewer must decide structured analysis and child-facing word sum; neither is inferred from MorphoLex.,low,in_review,,,
efficient_en_gb,{(efficient)},,[],[],[],,,in_review,open_licensed,MorphoLex-en,https://github.com/hugomailhot/MorphoLex-en,CC BY-NC-SA 4.0,Raw linguistic candidate only. Reviewer must decide structured analysis and child-facing word sum; neither is inferred from MorphoLex.,medium,in_review,,,
ghost_en_gb,{(ghost)},,[],[],[],,,in_review,open_licensed,MorphoLex-en,https://github.com/hugomailhot/MorphoLex-en,CC BY-NC-SA 4.0,Raw linguistic candidate only. Reviewer must decide structured analysis and child-facing word sum; neither is inferred from MorphoLex.,medium,in_review,,,
illness_en_gb,{(ill)}>ness>,,[],[],[],,,in_review,open_licensed,MorphoLex-en,https://github.com/hugomailhot/MorphoLex-en,CC BY-NC-SA 4.0,Raw linguistic candidate only. Reviewer must decide structured analysis and child-facing word sum; neither is inferred from MorphoLex.,medium,in_review,,,
cousin_en_gb,{(cousin)},,[],[],[],,,in_review,open_licensed,MorphoLex-en,https://github.com/hugomailhot/MorphoLex-en,CC BY-NC-SA 4.0,Raw linguistic candidate only. Reviewer must decide structured analysis and child-facing word sum; neither is inferred from MorphoLex.,medium,in_review,,,
banned_en_gb,{(ban)},,[],[],[],,,in_review,open_licensed,MorphoLex-en,https://github.com/hugomailhot/MorphoLex-en,CC BY-NC-SA 4.0,Raw linguistic candidate only. Reviewer must decide structured analysis and child-facing word sum; neither is inferred from MorphoLex.,medium,in_review,,,
steal_en_gb,{(steal)},,[],[],[],,,in_review,open_licensed,MorphoLex-en,https://github.com/hugomailhot/MorphoLex-en,CC BY-NC-SA 4.0,Raw linguistic candidate only. Reviewer must decide structured analysis and child-facing word sum; neither is inferred from MorphoLex.,medium,in_review,,,
forgotten_en_gb,{(forgot)}>en>,,[],[],[],,,in_review,open_licensed,MorphoLex-en,https://github.com/hugomailhot/MorphoLex-en,CC BY-NC-SA 4.0,Raw linguistic candidate only. Reviewer must decide structured analysis and child-facing word sum; neither is inferred from MorphoLex.,medium,in_review,,,
marry_en_gb,{(marry)},,[],[],[],,,in_review,open_licensed,MorphoLex-en,https://github.com/hugomailhot/MorphoLex-en,CC BY-NC-SA 4.0,Raw linguistic candidate only. Reviewer must decide structured analysis and child-facing word sum; neither is inferred from MorphoLex.,medium,in_review,,,
crystal_en_gb,{(crystal)},,[],[],[],,,in_review,open_licensed,MorphoLex-en,https://github.com/hugomailhot/MorphoLex-en,CC BY-NC-SA 4.0,Raw linguistic candidate only. Reviewer must decide structured analysis and child-facing word sum; neither is inferred from MorphoLex.,medium,in_review,,,
desert_en_gb,{(desert)},,[],[],[],,,in_review,open_licensed,MorphoLex-en,https://github.com/hugomailhot/MorphoLex-en,CC BY-NC-SA 4.0,Raw linguistic candidate only. Reviewer must decide structured analysis and child-facing word sum; neither is inferred from MorphoLex.,medium,in_review,,,
occasionally_en_gb,{(occasion)}>al>>ly>,,[],[],[],,,in_review,open_licensed,MorphoLex-en,https://github.com/hugomailhot/MorphoLex-en,CC BY-NC-SA 4.0,Raw linguistic candidate only. Reviewer must decide structured analysis and child-facing word sum; neither is inferred from MorphoLex.,medium,in_review,,,
translation_en_gb,{(translate)}>ion>,,[],[],[],,,in_review,open_licensed,MorphoLex-en,https://github.com/hugomailhot/MorphoLex-en,CC BY-NC-SA 4.0,Raw linguistic candidate only. Reviewer must decide structured analysis and child-facing word sum; neither is inferred from MorphoLex.,medium,in_review,,,
keys_en_gb,{(key)},,[],[],[],,,in_review,open_licensed,MorphoLex-en,https://github.com/hugomailhot/MorphoLex-en,CC BY-NC-SA 4.0,Raw linguistic candidate only. Reviewer must decide structured analysis and child-facing word sum; neither is inferred from MorphoLex.,medium,in_review,,,
medal_en_gb,{(medal)},,[],[],[],,,in_review,open_licensed,MorphoLex-en,https://github.com/hugomailhot/MorphoLex-en,CC BY-NC-SA 4.0,Raw linguistic candidate only. Reviewer must decide structured analysis and child-facing word sum; neither is inferred from MorphoLex.,medium,in_review,,,
incredibly_en_gb,<im<{(cred)>able>}>y>,,[],[],[],,,in_review,open_licensed,MorphoLex-en,https://github.com/hugomailhot/MorphoLex-en,CC BY-NC-SA 4.0,Raw linguistic candidate only. Reviewer must decide structured analysis and child-facing word sum; neither is inferred from MorphoLex.,medium,in_review,,,
possession_en_gb,{(possess)}>ion>,,[],[],[],,,in_review,open_licensed,MorphoLex-en,https://github.com/hugomailhot/MorphoLex-en,CC BY-NC-SA 4.0,Raw linguistic candidate only. Reviewer must decide structured analysis and child-facing word sum; neither is inferred from MorphoLex.,medium,in_review,,,
pace_en_gb,{(pace)},,[],[],[],,,in_review,open_licensed,MorphoLex-en,https://github.com/hugomailhot/MorphoLex-en,CC BY-NC-SA 4.0,Raw linguistic candidate only. Reviewer must decide structured analysis and child-facing word sum; neither is inferred from MorphoLex.,medium,in_review,,,
arrive_en_gb,{(arrive)},,[],[],[],,,in_review,open_licensed,MorphoLex-en,https://github.com/hugomailhot/MorphoLex-en,CC BY-NC-SA 4.0,Raw linguistic candidate only. Reviewer must decide structured analysis and child-facing word sum; neither is inferred from MorphoLex.,medium,in_review,,,
occasion_en_gb,{(occasion)},,[],[],[],,,in_review,open_licensed,MorphoLex-en,https://github.com/hugomailhot/MorphoLex-en,CC BY-NC-SA 4.0,Raw linguistic candidate only. Reviewer must decide structured analysis and child-facing word sum; neither is inferred from MorphoLex.,medium,in_review,,,
experiment_en_gb,{(experiment)},,[],[],[],,,in_review,open_licensed,MorphoLex-en,https://github.com/hugomailhot/MorphoLex-en,CC BY-NC-SA 4.0,Raw linguistic candidate only. Reviewer must decide structured analysis and child-facing word sum; neither is inferred from MorphoLex.,medium,in_review,,,
efficiency_en_gb,{(efficiency)},,[],[],[],,,in_review,open_licensed,MorphoLex-en,https://github.com/hugomailhot/MorphoLex-en,CC BY-NC-SA 4.0,Raw linguistic candidate only. Reviewer must decide structured analysis and child-facing word sum; neither is inferred from MorphoLex.,medium,in_review,,,
hunter_en_gb,{(hunt)}>er>,,[],[],[],,,in_review,open_licensed,MorphoLex-en,https://github.com/hugomailhot/MorphoLex-en,CC BY-NC-SA 4.0,Raw linguistic candidate only. Reviewer must decide structured analysis and child-facing word sum; neither is inferred from MorphoLex.,medium,in_review,,,
scary_en_gb,{(scare)}>y>,,[],[],[],,,in_review,open_licensed,MorphoLex-en,https://github.com/hugomailhot/MorphoLex-en,CC BY-NC-SA 4.0,Raw linguistic candidate only. Reviewer must decide structured analysis and child-facing word sum; neither is inferred from MorphoLex.,medium,in_review,,,
exhibition_en_gb,{<ex<(hibit)}>ion>,,[],[],[],,,in_review,open_licensed,MorphoLex-en,https://github.com/hugomailhot/MorphoLex-en,CC BY-NC-SA 4.0,Raw linguistic candidate only. Reviewer must decide structured analysis and child-facing word sum; neither is inferred from MorphoLex.,medium,in_review,,,
hook_en_gb,{(hook)},,[],[],[],,,in_review,open_licensed,MorphoLex-en,https://github.com/hugomailhot/MorphoLex-en,CC BY-NC-SA 4.0,Raw linguistic candidate only. Reviewer must decide structured analysis and child-facing word sum; neither is inferred from MorphoLex.,medium,in_review,,,
regret_en_gb,{(regret)},,[],[],[],,,in_review,open_licensed,MorphoLex-en,https://github.com/hugomailhot/MorphoLex-en,CC BY-NC-SA 4.0,Raw linguistic candidate only. Reviewer must decide structured analysis and child-facing word sum; neither is inferred from MorphoLex.,medium,in_review,,,
tongue_en_gb,{(tongue)},,[],[],[],,,in_review,open_licensed,MorphoLex-en,https://github.com/hugomailhot/MorphoLex-en,CC BY-NC-SA 4.0,Raw linguistic candidate only. Reviewer must decide structured analysis and child-facing word sum; neither is inferred from MorphoLex.,medium,in_review,,,
residence_en_gb,{(reside)>ance>},,[],[],[],,,in_review,open_licensed,MorphoLex-en,https://github.com/hugomailhot/MorphoLex-en,CC BY-NC-SA 4.0,Raw linguistic candidate only. Reviewer must decide structured analysis and child-facing word sum; neither is inferred from MorphoLex.,medium,in_review,,,
frequency_en_gb,{(frequence)}>y>,,[],[],[],,,in_review,open_licensed,MorphoLex-en,https://github.com/hugomailhot/MorphoLex-en,CC BY-NC-SA 4.0,Raw linguistic candidate only. Reviewer must decide structured analysis and child-facing word sum; neither is inferred from MorphoLex.,medium,in_review,,,
tube_en_gb,{(tube)},,[],[],[],,,in_review,open_licensed,MorphoLex-en,https://github.com/hugomailhot/MorphoLex-en,CC BY-NC-SA 4.0,Raw linguistic candidate only. Reviewer must decide structured analysis and child-facing word sum; neither is inferred from MorphoLex.,medium,in_review,,,
organisation_en_gb,,,[],[],[],,,in_review,internal_authored,No exact MorphoLex-en row,,,Raw linguistic candidate only. Reviewer must decide structured analysis and child-facing word sum; neither is inferred from MorphoLex.,low,in_review,,,
transferred_en_gb,{(transfer)},,[],[],[],,,in_review,open_licensed,MorphoLex-en,https://github.com/hugomailhot/MorphoLex-en,CC BY-NC-SA 4.0,Raw linguistic candidate only. Reviewer must decide structured analysis and child-facing word sum; neither is inferred from MorphoLex.,medium,in_review,,,
impression_en_gb,{<in<(press)}>ion>,,[],[],[],,,in_review,open_licensed,MorphoLex-en,https://github.com/hugomailhot/MorphoLex-en,CC BY-NC-SA 4.0,Raw linguistic candidate only. Reviewer must decide structured analysis and child-facing word sum; neither is inferred from MorphoLex.,medium,in_review,,,
tear_en_gb,{(tear)},,[],[],[],,,in_review,open_licensed,MorphoLex-en,https://github.com/hugomailhot/MorphoLex-en,CC BY-NC-SA 4.0,Raw linguistic candidate only. Reviewer must decide structured analysis and child-facing word sum; neither is inferred from MorphoLex.,medium,in_review,,,
fancy_en_gb,{(fancy)},,[],[],[],,,in_review,open_licensed,MorphoLex-en,https://github.com/hugomailhot/MorphoLex-en,CC BY-NC-SA 4.0,Raw linguistic candidate only. Reviewer must decide structured analysis and child-facing word sum; neither is inferred from MorphoLex.,medium,in_review,,,
rob_en_gb,{(rob)},,[],[],[],,,in_review,open_licensed,MorphoLex-en,https://github.com/hugomailhot/MorphoLex-en,CC BY-NC-SA 4.0,Raw linguistic candidate only. Reviewer must decide structured analysis and child-facing word sum; neither is inferred from MorphoLex.,medium,in_review,,,
preferred_en_gb,{(prefer)},,[],[],[],,,in_review,open_licensed,MorphoLex-en,https://github.com/hugomailhot/MorphoLex-en,CC BY-NC-SA 4.0,Raw linguistic candidate only. Reviewer must decide structured analysis and child-facing word sum; neither is inferred from MorphoLex.,medium,in_review,,,
expand_en_gb,{(expand)},,[],[],[],,,in_review,open_licensed,MorphoLex-en,https://github.com/hugomailhot/MorphoLex-en,CC BY-NC-SA 4.0,Raw linguistic candidate only. Reviewer must decide structured analysis and child-facing word sum; neither is inferred from MorphoLex.,medium,in_review,,,
gorgeous_en_gb,{(gorgeous)},,[],[],[],,,in_review,open_licensed,MorphoLex-en,https://github.com/hugomailhot/MorphoLex-en,CC BY-NC-SA 4.0,Raw linguistic candidate only. Reviewer must decide structured analysis and child-facing word sum; neither is inferred from MorphoLex.,medium,in_review,,,
referring_en_gb,{(refer)},,[],[],[],,,in_review,open_licensed,MorphoLex-en,https://github.com/hugomailhot/MorphoLex-en,CC BY-NC-SA 4.0,Raw linguistic candidate only. Reviewer must decide structured analysis and child-facing word sum; neither is inferred from MorphoLex.,medium,in_review,,,
ought_en_gb,{(ought)},,[],[],[],,,in_review,open_licensed,MorphoLex-en,https://github.com/hugomailhot/MorphoLex-en,CC BY-NC-SA 4.0,Raw linguistic candidate only. Reviewer must decide structured analysis and child-facing word sum; neither is inferred from MorphoLex.,medium,in_review,,,
extend_en_gb,{<ex<(tend)},,[],[],[],,,in_review,open_licensed,MorphoLex-en,https://github.com/hugomailhot/MorphoLex-en,CC BY-NC-SA 4.0,Raw linguistic candidate only. Reviewer must decide structured analysis and child-facing word sum; neither is inferred from MorphoLex.,medium,in_review,,,
man_s_en_gb,{(man)},,[],[],[],,,in_review,open_licensed,MorphoLex-en,https://github.com/hugomailhot/MorphoLex-en,CC BY-NC-SA 4.0,Raw linguistic candidate only. Reviewer must decide structured analysis and child-facing word sum; neither is inferred from MorphoLex.,medium,in_review,,,
delicious_en_gb,{(delicious)},,[],[],[],,,in_review,open_licensed,MorphoLex-en,https://github.com/hugomailhot/MorphoLex-en,CC BY-NC-SA 4.0,Raw linguistic candidate only. Reviewer must decide structured analysis and child-facing word sum; neither is inferred from MorphoLex.,medium,in_review,,,
principle_en_gb,{(principle)},,[],[],[],,,in_review,open_licensed,MorphoLex-en,https://github.com/hugomailhot/MorphoLex-en,CC BY-NC-SA 4.0,Raw linguistic candidate only. Reviewer must decide structured analysis and child-facing word sum; neither is inferred from MorphoLex.,medium,in_review,,,
transmission_en_gb,{(transmit)}>ion>,,[],[],[],,,in_review,open_licensed,MorphoLex-en,https://github.com/hugomailhot/MorphoLex-en,CC BY-NC-SA 4.0,Raw linguistic candidate only. Reviewer must decide structured analysis and child-facing word sum; neither is inferred from MorphoLex.,medium,in_review,,,
residential_en_gb,{(reside)>ance>}>al>,,[],[],[],,,in_review,open_licensed,MorphoLex-en,https://github.com/hugomailhot/MorphoLex-en,CC BY-NC-SA 4.0,Raw linguistic candidate only. Reviewer must decide structured analysis and child-facing word sum; neither is inferred from MorphoLex.,medium,in_review,,,
substantial_en_gb,{(substance)}>al>,,[],[],[],,,in_review,open_licensed,MorphoLex-en,https://github.com/hugomailhot/MorphoLex-en,CC BY-NC-SA 4.0,Raw linguistic candidate only. Reviewer must decide structured analysis and child-facing word sum; neither is inferred from MorphoLex.,medium,in_review,,,
dropping_en_gb,{(drop)},,[],[],[],,,in_review,open_licensed,MorphoLex-en,https://github.com/hugomailhot/MorphoLex-en,CC BY-NC-SA 4.0,Raw linguistic candidate only. Reviewer must decide structured analysis and child-facing word sum; neither is inferred from MorphoLex.,medium,in_review,,,
commit_en_gb,{(commit)},,[],[],[],,,in_review,open_licensed,MorphoLex-en,https://github.com/hugomailhot/MorphoLex-en,CC BY-NC-SA 4.0,Raw linguistic candidate only. Reviewer must decide structured analysis and child-facing word sum; neither is inferred from MorphoLex.,medium,in_review,,,
column_en_gb,{(column)},,[],[],[],,,in_review,open_licensed,MorphoLex-en,https://github.com/hugomailhot/MorphoLex-en,CC BY-NC-SA 4.0,Raw linguistic candidate only. Reviewer must decide structured analysis and child-facing word sum; neither is inferred from MorphoLex.,medium,in_review,,,
painful_en_gb,{(pain)}>ful>,,[],[],[],,,in_review,open_licensed,MorphoLex-en,https://github.com/hugomailhot/MorphoLex-en,CC BY-NC-SA 4.0,Raw linguistic candidate only. Reviewer must decide structured analysis and child-facing word sum; neither is inferred from MorphoLex.,medium,in_review,,,
preparation_en_gb,{(prepare)}>ion>,,[],[],[],,,in_review,open_licensed,MorphoLex-en,https://github.com/hugomailhot/MorphoLex-en,CC BY-NC-SA 4.0,Raw linguistic candidate only. Reviewer must decide structured analysis and child-facing word sum; neither is inferred from MorphoLex.,medium,in_review,,,
aggressive_en_gb,{(aggress)}>ive>,,[],[],[],,,in_review,open_licensed,MorphoLex-en,https://github.com/hugomailhot/MorphoLex-en,CC BY-NC-SA 4.0,Raw linguistic candidate only. Reviewer must decide structured analysis and child-facing word sum; neither is inferred from MorphoLex.,medium,in_review,,,
sufficient_en_gb,{(suffici)>ant>},,[],[],[],,,in_review,open_licensed,MorphoLex-en,https://github.com/hugomailhot/MorphoLex-en,CC BY-NC-SA 4.0,Raw linguistic candidate only. Reviewer must decide structured analysis and child-facing word sum; neither is inferred from MorphoLex.,medium,in_review,,,
apparent_en_gb,{(appar)>ant>},,[],[],[],,,in_review,open_licensed,MorphoLex-en,https://github.com/hugomailhot/MorphoLex-en,CC BY-NC-SA 4.0,Raw linguistic candidate only. Reviewer must decide structured analysis and child-facing word sum; neither is inferred from MorphoLex.,medium,in_review,,,
tissue_en_gb,{(tissue)},,[],[],[],,,in_review,open_licensed,MorphoLex-en,https://github.com/hugomailhot/MorphoLex-en,CC BY-NC-SA 4.0,Raw linguistic candidate only. Reviewer must decide structured analysis and child-facing word sum; neither is inferred from MorphoLex.,medium,in_review,,,
jacket_en_gb,{(jacket)},,[],[],[],,,in_review,open_licensed,MorphoLex-en,https://github.com/hugomailhot/MorphoLex-en,CC BY-NC-SA 4.0,Raw linguistic candidate only. Reviewer must decide structured analysis and child-facing word sum; neither is inferred from MorphoLex.,medium,in_review,,,
courage_en_gb,{(courage)},,[],[],[],,,in_review,open_licensed,MorphoLex-en,https://github.com/hugomailhot/MorphoLex-en,CC BY-NC-SA 4.0,Raw linguistic candidate only. Reviewer must decide structured analysis and child-facing word sum; neither is inferred from MorphoLex.,medium,in_review,,,
desperate_en_gb,{(desperate)},,[],[],[],,,in_review,open_licensed,MorphoLex-en,https://github.com/hugomailhot/MorphoLex-en,CC BY-NC-SA 4.0,Raw linguistic candidate only. Reviewer must decide structured analysis and child-facing word sum; neither is inferred from MorphoLex.,medium,in_review,,,
relation_en_gb,{(relate)}>ion>,,[],[],[],,,in_review,open_licensed,MorphoLex-en,https://github.com/hugomailhot/MorphoLex-en,CC BY-NC-SA 4.0,Raw linguistic candidate only. Reviewer must decide structured analysis and child-facing word sum; neither is inferred from MorphoLex.,medium,in_review,,,
psychology_en_gb,{(psycho)(log)>y>},,[],[],[],,,in_review,open_licensed,MorphoLex-en,https://github.com/hugomailhot/MorphoLex-en,CC BY-NC-SA 4.0,Raw linguistic candidate only. Reviewer must decide structured analysis and child-facing word sum; neither is inferred from MorphoLex.,medium,in_review,,,
bite_en_gb,{(bite)},,[],[],[],,,in_review,open_licensed,MorphoLex-en,https://github.com/hugomailhot/MorphoLex-en,CC BY-NC-SA 4.0,Raw linguistic candidate only. Reviewer must decide structured analysis and child-facing word sum; neither is inferred from MorphoLex.,medium,in_review,,,
dare_en_gb,{(dare)},,[],[],[],,,in_review,open_licensed,MorphoLex-en,https://github.com/hugomailhot/MorphoLex-en,CC BY-NC-SA 4.0,Raw linguistic candidate only. Reviewer must decide structured analysis and child-facing word sum; neither is inferred from MorphoLex.,medium,in_review,,,
symbol_en_gb,{(symbol)},,[],[],[],,,in_review,open_licensed,MorphoLex-en,https://github.com/hugomailhot/MorphoLex-en,CC BY-NC-SA 4.0,Raw linguistic candidate only. Reviewer must decide structured analysis and child-facing word sum; neither is inferred from MorphoLex.,medium,in_review,,,
racial_en_gb,{(race)}>al>,,[],[],[],,,in_review,open_licensed,MorphoLex-en,https://github.com/hugomailhot/MorphoLex-en,CC BY-NC-SA 4.0,Raw linguistic candidate only. Reviewer must decide structured analysis and child-facing word sum; neither is inferred from MorphoLex.,medium,in_review,,,
bow_en_gb,{(bow)},,[],[],[],,,in_review,open_licensed,MorphoLex-en,https://github.com/hugomailhot/MorphoLex-en,CC BY-NC-SA 4.0,Raw linguistic candidate only. Reviewer must decide structured analysis and child-facing word sum; neither is inferred from MorphoLex.,medium,in_review,,,
devil_en_gb,{(devil)},,[],[],[],,,in_review,open_licensed,MorphoLex-en,https://github.com/hugomailhot/MorphoLex-en,CC BY-NC-SA 4.0,Raw linguistic candidate only. Reviewer must decide structured analysis and child-facing word sum; neither is inferred from MorphoLex.,medium,in_review,,,
celebration_en_gb,{(celebr)>ate>}>ion>,,[],[],[],,,in_review,open_licensed,MorphoLex-en,https://github.com/hugomailhot/MorphoLex-en,CC BY-NC-SA 4.0,Raw linguistic candidate only. Reviewer must decide structured analysis and child-facing word sum; neither is inferred from MorphoLex.,medium,in_review,,,
intelligent_en_gb,{(intellig)>ant>},,[],[],[],,,in_review,open_licensed,MorphoLex-en,https://github.com/hugomailhot/MorphoLex-en,CC BY-NC-SA 4.0,Raw linguistic candidate only. Reviewer must decide structured analysis and child-facing word sum; neither is inferred from MorphoLex.,medium,in_review,,,
reliable_en_gb,{(rely)}>able>,,[],[],[],,,in_review,open_licensed,MorphoLex-en,https://github.com/hugomailhot/MorphoLex-en,CC BY-NC-SA 4.0,Raw linguistic candidate only. Reviewer must decide structured analysis and child-facing word sum; neither is inferred from MorphoLex.,medium,in_review,,,
sacrifice_en_gb,{(sacro)>fice>},,[],[],[],,,in_review,open_licensed,MorphoLex-en,https://github.com/hugomailhot/MorphoLex-en,CC BY-NC-SA 4.0,Raw linguistic candidate only. Reviewer must decide structured analysis and child-facing word sum; neither is inferred from MorphoLex.,medium,in_review,,,
eligible_en_gb,{(elect)>able>},,[],[],[],,,in_review,open_licensed,MorphoLex-en,https://github.com/hugomailhot/MorphoLex-en,CC BY-NC-SA 4.0,Raw linguistic candidate only. Reviewer must decide structured analysis and child-facing word sum; neither is inferred from MorphoLex.,medium,in_review,,,
wore_en_gb,{(wore)},,[],[],[],,,in_review,open_licensed,MorphoLex-en,https://github.com/hugomailhot/MorphoLex-en,CC BY-NC-SA 4.0,Raw linguistic candidate only. Reviewer must decide structured analysis and child-facing word sum; neither is inferred from MorphoLex.,medium,in_review,,,
furniture_en_gb,{(furniture)},,[],[],[],,,in_review,open_licensed,MorphoLex-en,https://github.com/hugomailhot/MorphoLex-en,CC BY-NC-SA 4.0,Raw linguistic candidate only. Reviewer must decide structured analysis and child-facing word sum; neither is inferred from MorphoLex.,medium,in_review,,,
awkward_en_gb,{(awkward)},,[],[],[],,,in_review,open_licensed,MorphoLex-en,https://github.com/hugomailhot/MorphoLex-en,CC BY-NC-SA 4.0,Raw linguistic candidate only. Reviewer must decide structured analysis and child-facing word sum; neither is inferred from MorphoLex.,medium,in_review,,,
stranger_en_gb,{(strange)}>er>,,[],[],[],,,in_review,open_licensed,MorphoLex-en,https://github.com/hugomailhot/MorphoLex-en,CC BY-NC-SA 4.0,Raw linguistic candidate only. Reviewer must decide structured analysis and child-facing word sum; neither is inferred from MorphoLex.,medium,in_review,,,
publicly_en_gb,{(public)}>ly>,,[],[],[],,,in_review,open_licensed,MorphoLex-en,https://github.com/hugomailhot/MorphoLex-en,CC BY-NC-SA 4.0,Raw linguistic candidate only. Reviewer must decide structured analysis and child-facing word sum; neither is inferred from MorphoLex.,medium,in_review,,,
consideration_en_gb,{(consider)}>ion>,,[],[],[],,,in_review,open_licensed,MorphoLex-en,https://github.com/hugomailhot/MorphoLex-en,CC BY-NC-SA 4.0,Raw linguistic candidate only. Reviewer must decide structured analysis and child-facing word sum; neither is inferred from MorphoLex.,medium,in_review,,,
spare_en_gb,{(spare)},,[],[],[],,,in_review,open_licensed,MorphoLex-en,https://github.com/hugomailhot/MorphoLex-en,CC BY-NC-SA 4.0,Raw linguistic candidate only. Reviewer must decide structured analysis and child-facing word sum; neither is inferred from MorphoLex.,medium,in_review,,,
knight_en_gb,{(knight)},,[],[],[],,,in_review,open_licensed,MorphoLex-en,https://github.com/hugomailhot/MorphoLex-en,CC BY-NC-SA 4.0,Raw linguistic candidate only. Reviewer must decide structured analysis and child-facing word sum; neither is inferred from MorphoLex.,medium,in_review,,,
replied_en_gb,{(reply)},,[],[],[],,,in_review,open_licensed,MorphoLex-en,https://github.com/hugomailhot/MorphoLex-en,CC BY-NC-SA 4.0,Raw linguistic candidate only. Reviewer must decide structured analysis and child-facing word sum; neither is inferred from MorphoLex.,medium,in_review,,,
mature_en_gb,{(mature)},,[],[],[],,,in_review,open_licensed,MorphoLex-en,https://github.com/hugomailhot/MorphoLex-en,CC BY-NC-SA 4.0,Raw linguistic candidate only. Reviewer must decide structured analysis and child-facing word sum; neither is inferred from MorphoLex.,medium,in_review,,,
submit_en_gb,{(submit)},,[],[],[],,,in_review,open_licensed,MorphoLex-en,https://github.com/hugomailhot/MorphoLex-en,CC BY-NC-SA 4.0,Raw linguistic candidate only. Reviewer must decide structured analysis and child-facing word sum; neither is inferred from MorphoLex.,medium,in_review,,,
crucial_en_gb,{(crucial)},,[],[],[],,,in_review,open_licensed,MorphoLex-en,https://github.com/hugomailhot/MorphoLex-en,CC BY-NC-SA 4.0,Raw linguistic candidate only. Reviewer must decide structured analysis and child-facing word sum; neither is inferred from MorphoLex.,medium,in_review,,,
equipped_en_gb,{(equip)},,[],[],[],,,in_review,open_licensed,MorphoLex-en,https://github.com/hugomailhot/MorphoLex-en,CC BY-NC-SA 4.0,Raw linguistic candidate only. Reviewer must decide structured analysis and child-facing word sum; neither is inferred from MorphoLex.,medium,in_review,,,
concentration_en_gb,{<co<(center)>ate>}>ion>,,[],[],[],,,in_review,open_licensed,MorphoLex-en,https://github.com/hugomailhot/MorphoLex-en,CC BY-NC-SA 4.0,Raw linguistic candidate only. Reviewer must decide structured analysis and child-facing word sum; neither is inferred from MorphoLex.,medium,in_review,,,
chaos_en_gb,{(chaos)},,[],[],[],,,in_review,open_licensed,MorphoLex-en,https://github.com/hugomailhot/MorphoLex-en,CC BY-NC-SA 4.0,Raw linguistic candidate only. Reviewer must decide structured analysis and child-facing word sum; neither is inferred from MorphoLex.,medium,in_review,,,
frequent_en_gb,{(frequent)},,[],[],[],,,in_review,open_licensed,MorphoLex-en,https://github.com/hugomailhot/MorphoLex-en,CC BY-NC-SA 4.0,Raw linguistic candidate only. Reviewer must decide structured analysis and child-facing word sum; neither is inferred from MorphoLex.,medium,in_review,,,
breathe_en_gb,{(breath)},,[],[],[],,,in_review,open_licensed,MorphoLex-en,https://github.com/hugomailhot/MorphoLex-en,CC BY-NC-SA 4.0,Raw linguistic candidate only. Reviewer must decide structured analysis and child-facing word sum; neither is inferred from MorphoLex.,medium,in_review,,,
autumn_en_gb,{(autumn)},,[],[],[],,,in_review,open_licensed,MorphoLex-en,https://github.com/hugomailhot/MorphoLex-en,CC BY-NC-SA 4.0,Raw linguistic candidate only. Reviewer must decide structured analysis and child-facing word sum; neither is inferred from MorphoLex.,medium,in_review,,,
controversy_en_gb,{(contra)(versy)},,[],[],[],,,in_review,open_licensed,MorphoLex-en,https://github.com/hugomailhot/MorphoLex-en,CC BY-NC-SA 4.0,Raw linguistic candidate only. Reviewer must decide structured analysis and child-facing word sum; neither is inferred from MorphoLex.,medium,in_review,,,
considerable_en_gb,{(consider)}>able>,,[],[],[],,,in_review,open_licensed,MorphoLex-en,https://github.com/hugomailhot/MorphoLex-en,CC BY-NC-SA 4.0,Raw linguistic candidate only. Reviewer must decide structured analysis and child-facing word sum; neither is inferred from MorphoLex.,medium,in_review,,,
enormous_en_gb,{(enorm)ous},,[],[],[],,,in_review,open_licensed,MorphoLex-en,https://github.com/hugomailhot/MorphoLex-en,CC BY-NC-SA 4.0,Raw linguistic candidate only. Reviewer must decide structured analysis and child-facing word sum; neither is inferred from MorphoLex.,medium,in_review,,,
oxygen_en_gb,{(oxygen)},,[],[],[],,,in_review,open_licensed,MorphoLex-en,https://github.com/hugomailhot/MorphoLex-en,CC BY-NC-SA 4.0,Raw linguistic candidate only. Reviewer must decide structured analysis and child-facing word sum; neither is inferred from MorphoLex.,medium,in_review,,,
suspension_en_gb,{(suspense)}>ion>,,[],[],[],,,in_review,open_licensed,MorphoLex-en,https://github.com/hugomailhot/MorphoLex-en,CC BY-NC-SA 4.0,Raw linguistic candidate only. Reviewer must decide structured analysis and child-facing word sum; neither is inferred from MorphoLex.,medium,in_review,,,
artificial_en_gb,{(artifice)>al>},,[],[],[],,,in_review,open_licensed,MorphoLex-en,https://github.com/hugomailhot/MorphoLex-en,CC BY-NC-SA 4.0,Raw linguistic candidate only. Reviewer must decide structured analysis and child-facing word sum; neither is inferred from MorphoLex.,medium,in_review,,,
dirt_en_gb,{(dirt)},,[],[],[],,,in_review,open_licensed,MorphoLex-en,https://github.com/hugomailhot/MorphoLex-en,CC BY-NC-SA 4.0,Raw linguistic candidate only. Reviewer must decide structured analysis and child-facing word sum; neither is inferred from MorphoLex.,medium,in_review,,,
pat_en_gb,{(pat)},,[],[],[],,,in_review,open_licensed,MorphoLex-en,https://github.com/hugomailhot/MorphoLex-en,CC BY-NC-SA 4.0,Raw linguistic candidate only. Reviewer must decide structured analysis and child-facing word sum; neither is inferred from MorphoLex.,medium,in_review,,,
spy_en_gb,{(spy)},,[],[],[],,,in_review,open_licensed,MorphoLex-en,https://github.com/hugomailhot/MorphoLex-en,CC BY-NC-SA 4.0,Raw linguistic candidate only. Reviewer must decide structured analysis and child-facing word sum; neither is inferred from MorphoLex.,medium,in_review,,,
tunnel_en_gb,{(tunnel)},,[],[],[],,,in_review,open_licensed,MorphoLex-en,https://github.com/hugomailhot/MorphoLex-en,CC BY-NC-SA 4.0,Raw linguistic candidate only. Reviewer must decide structured analysis and child-facing word sum; neither is inferred from MorphoLex.,medium,in_review,,,
jealous_en_gb,{(jealous)},,[],[],[],,,in_review,open_licensed,MorphoLex-en,https://github.com/hugomailhot/MorphoLex-en,CC BY-NC-SA 4.0,Raw linguistic candidate only. Reviewer must decide structured analysis and child-facing word sum; neither is inferred from MorphoLex.,medium,in_review,,,
noble_en_gb,{(noble)},,[],[],[],,,in_review,open_licensed,MorphoLex-en,https://github.com/hugomailhot/MorphoLex-en,CC BY-NC-SA 4.0,Raw linguistic candidate only. Reviewer must decide structured analysis and child-facing word sum; neither is inferred from MorphoLex.,medium,in_review,,,
relate_en_gb,{(relate)},,[],[],[],,,in_review,open_licensed,MorphoLex-en,https://github.com/hugomailhot/MorphoLex-en,CC BY-NC-SA 4.0,Raw linguistic candidate only. Reviewer must decide structured analysis and child-facing word sum; neither is inferred from MorphoLex.,medium,in_review,,,
baker_en_gb,{(bake)}>er>,,[],[],[],,,in_review,open_licensed,MorphoLex-en,https://github.com/hugomailhot/MorphoLex-en,CC BY-NC-SA 4.0,Raw linguistic candidate only. Reviewer must decide structured analysis and child-facing word sum; neither is inferred from MorphoLex.,medium,in_review,,,
invasion_en_gb,{(invade)}>ion>,,[],[],[],,,in_review,open_licensed,MorphoLex-en,https://github.com/hugomailhot/MorphoLex-en,CC BY-NC-SA 4.0,Raw linguistic candidate only. Reviewer must decide structured analysis and child-facing word sum; neither is inferred from MorphoLex.,medium,in_review,,,
dominant_en_gb,{(domin)>ant>},,[],[],[],,,in_review,open_licensed,MorphoLex-en,https://github.com/hugomailhot/MorphoLex-en,CC BY-NC-SA 4.0,Raw linguistic candidate only. Reviewer must decide structured analysis and child-facing word sum; neither is inferred from MorphoLex.,medium,in_review,,,
serial_en_gb,{(seri)>al>},,[],[],[],,,in_review,open_licensed,MorphoLex-en,https://github.com/hugomailhot/MorphoLex-en,CC BY-NC-SA 4.0,Raw linguistic candidate only. Reviewer must decide structured analysis and child-facing word sum; neither is inferred from MorphoLex.,medium,in_review,,,
discipline_en_gb,{(discipline)},,[],[],[],,,in_review,open_licensed,MorphoLex-en,https://github.com/hugomailhot/MorphoLex-en,CC BY-NC-SA 4.0,Raw linguistic candidate only. Reviewer must decide structured analysis and child-facing word sum; neither is inferred from MorphoLex.,medium,in_review,,,
useless_en_gb,{(use)}>less>,,[],[],[],,,in_review,open_licensed,MorphoLex-en,https://github.com/hugomailhot/MorphoLex-en,CC BY-NC-SA 4.0,Raw linguistic candidate only. Reviewer must decide structured analysis and child-facing word sum; neither is inferred from MorphoLex.,medium,in_review,,,
departure_en_gb,{(depart)}>ure>,,[],[],[],,,in_review,open_licensed,MorphoLex-en,https://github.com/hugomailhot/MorphoLex-en,CC BY-NC-SA 4.0,Raw linguistic candidate only. Reviewer must decide structured analysis and child-facing word sum; neither is inferred from MorphoLex.,medium,in_review,,,
explosion_en_gb,{<ex<(plode)}>ion>,,[],[],[],,,in_review,open_licensed,MorphoLex-en,https://github.com/hugomailhot/MorphoLex-en,CC BY-NC-SA 4.0,Raw linguistic candidate only. Reviewer must decide structured analysis and child-facing word sum; neither is inferred from MorphoLex.,medium,in_review,,,
accidentally_en_gb,{(accident)}>al>>ly>,,[],[],[],,,in_review,open_licensed,MorphoLex-en,https://github.com/hugomailhot/MorphoLex-en,CC BY-NC-SA 4.0,Raw linguistic candidate only. Reviewer must decide structured analysis and child-facing word sum; neither is inferred from MorphoLex.,medium,in_review,,,
completion_en_gb,{(complete)}>ion>,,[],[],[],,,in_review,open_licensed,MorphoLex-en,https://github.com/hugomailhot/MorphoLex-en,CC BY-NC-SA 4.0,Raw linguistic candidate only. Reviewer must decide structured analysis and child-facing word sum; neither is inferred from MorphoLex.,medium,in_review,,,
imagination_en_gb,{(imagine)}>ion>,,[],[],[],,,in_review,open_licensed,MorphoLex-en,https://github.com/hugomailhot/MorphoLex-en,CC BY-NC-SA 4.0,Raw linguistic candidate only. Reviewer must decide structured analysis and child-facing word sum; neither is inferred from MorphoLex.,medium,in_review,,,
woke_en_gb,{(woke)},,[],[],[],,,in_review,open_licensed,MorphoLex-en,https://github.com/hugomailhot/MorphoLex-en,CC BY-NC-SA 4.0,Raw linguistic candidate only. Reviewer must decide structured analysis and child-facing word sum; neither is inferred from MorphoLex.,medium,in_review,,,
pension_en_gb,{(pension)},,[],[],[],,,in_review,open_licensed,MorphoLex-en,https://github.com/hugomailhot/MorphoLex-en,CC BY-NC-SA 4.0,Raw linguistic candidate only. Reviewer must decide structured analysis and child-facing word sum; neither is inferred from MorphoLex.,medium,in_review,,,
targeted_en_gb,,,[],[],[],,,in_review,internal_authored,No exact MorphoLex-en row,,,Raw linguistic candidate only. Reviewer must decide structured analysis and child-facing word sum; neither is inferred from MorphoLex.,low,in_review,,,
permit_en_gb,{(permit)},,[],[],[],,,in_review,open_licensed,MorphoLex-en,https://github.com/hugomailhot/MorphoLex-en,CC BY-NC-SA 4.0,Raw linguistic candidate only. Reviewer must decide structured analysis and child-facing word sum; neither is inferred from MorphoLex.,medium,in_review,,,
lightning_en_gb,{(lightning)},,[],[],[],,,in_review,open_licensed,MorphoLex-en,https://github.com/hugomailhot/MorphoLex-en,CC BY-NC-SA 4.0,Raw linguistic candidate only. Reviewer must decide structured analysis and child-facing word sum; neither is inferred from MorphoLex.,medium,in_review,,,
amateur_en_gb,{(amateur)},,[],[],[],,,in_review,open_licensed,MorphoLex-en,https://github.com/hugomailhot/MorphoLex-en,CC BY-NC-SA 4.0,Raw linguistic candidate only. Reviewer must decide structured analysis and child-facing word sum; neither is inferred from MorphoLex.,medium,in_review,,,
closest_en_gb,{(close)}>est>,,[],[],[],,,in_review,open_licensed,MorphoLex-en,https://github.com/hugomailhot/MorphoLex-en,CC BY-NC-SA 4.0,Raw linguistic candidate only. Reviewer must decide structured analysis and child-facing word sum; neither is inferred from MorphoLex.,medium,in_review,,,
correctly_en_gb,{(correct)}>ly>,,[],[],[],,,in_review,open_licensed,MorphoLex-en,https://github.com/hugomailhot/MorphoLex-en,CC BY-NC-SA 4.0,Raw linguistic candidate only. Reviewer must decide structured analysis and child-facing word sum; neither is inferred from MorphoLex.,medium,in_review,,,
scientist_en_gb,{(sci)>ant>>ist>},,[],[],[],,,in_review,open_licensed,MorphoLex-en,https://github.com/hugomailhot/MorphoLex-en,CC BY-NC-SA 4.0,Raw linguistic candidate only. Reviewer must decide structured analysis and child-facing word sum; neither is inferred from MorphoLex.,medium,in_review,,,
lied_en_gb,{(lie)},,[],[],[],,,in_review,open_licensed,MorphoLex-en,https://github.com/hugomailhot/MorphoLex-en,CC BY-NC-SA 4.0,Raw linguistic candidate only. Reviewer must decide structured analysis and child-facing word sum; neither is inferred from MorphoLex.,medium,in_review,,,
nail_en_gb,{(nail)},,[],[],[],,,in_review,open_licensed,MorphoLex-en,https://github.com/hugomailhot/MorphoLex-en,CC BY-NC-SA 4.0,Raw linguistic candidate only. Reviewer must decide structured analysis and child-facing word sum; neither is inferred from MorphoLex.,medium,in_review,,,
listened_en_gb,{(listen)},,[],[],[],,,in_review,open_licensed,MorphoLex-en,https://github.com/hugomailhot/MorphoLex-en,CC BY-NC-SA 4.0,Raw linguistic candidate only. Reviewer must decide structured analysis and child-facing word sum; neither is inferred from MorphoLex.,medium,in_review,,,
pollution_en_gb,{(pollute)}>ion>,,[],[],[],,,in_review,open_licensed,MorphoLex-en,https://github.com/hugomailhot/MorphoLex-en,CC BY-NC-SA 4.0,Raw linguistic candidate only. Reviewer must decide structured analysis and child-facing word sum; neither is inferred from MorphoLex.,medium,in_review,,,
eighth_en_gb,{(eight)}>th>,,[],[],[],,,in_review,open_licensed,MorphoLex-en,https://github.com/hugomailhot/MorphoLex-en,CC BY-NC-SA 4.0,Raw linguistic candidate only. Reviewer must decide structured analysis and child-facing word sum; neither is inferred from MorphoLex.,medium,in_review,,,
communicate_en_gb,{(communic)>ate>},,[],[],[],,,in_review,open_licensed,MorphoLex-en,https://github.com/hugomailhot/MorphoLex-en,CC BY-NC-SA 4.0,Raw linguistic candidate only. Reviewer must decide structured analysis and child-facing word sum; neither is inferred from MorphoLex.,medium,in_review,,,
depend_en_gb,{<de<(pend)},,[],[],[],,,in_review,open_licensed,MorphoLex-en,https://github.com/hugomailhot/MorphoLex-en,CC BY-NC-SA 4.0,Raw linguistic candidate only. Reviewer must decide structured analysis and child-facing word sum; neither is inferred from MorphoLex.,medium,in_review,,,
caring_en_gb,{(care)},,[],[],[],,,in_review,open_licensed,MorphoLex-en,https://github.com/hugomailhot/MorphoLex-en,CC BY-NC-SA 4.0,Raw linguistic candidate only. Reviewer must decide structured analysis and child-facing word sum; neither is inferred from MorphoLex.,medium,in_review,,,
hated_en_gb,{(hate)},,[],[],[],,,in_review,open_licensed,MorphoLex-en,https://github.com/hugomailhot/MorphoLex-en,CC BY-NC-SA 4.0,Raw linguistic candidate only. Reviewer must decide structured analysis and child-facing word sum; neither is inferred from MorphoLex.,medium,in_review,,,
bored_en_gb,{(bore)},,[],[],[],,,in_review,open_licensed,MorphoLex-en,https://github.com/hugomailhot/MorphoLex-en,CC BY-NC-SA 4.0,Raw linguistic candidate only. Reviewer must decide structured analysis and child-facing word sum; neither is inferred from MorphoLex.,medium,in_review,,,
forty_en_gb,{(forty)},,[],[],[],,,in_review,open_licensed,MorphoLex-en,https://github.com/hugomailhot/MorphoLex-en,CC BY-NC-SA 4.0,Raw linguistic candidate only. Reviewer must decide structured analysis and child-facing word sum; neither is inferred from MorphoLex.,medium,in_review,,,
patience_en_gb,{(patience)},,[],[],[],,,in_review,open_licensed,MorphoLex-en,https://github.com/hugomailhot/MorphoLex-en,CC BY-NC-SA 4.0,Raw linguistic candidate only. Reviewer must decide structured analysis and child-facing word sum; neither is inferred from MorphoLex.,medium,in_review,,,
privilege_en_gb,{(privilege)},,[],[],[],,,in_review,open_licensed,MorphoLex-en,https://github.com/hugomailhot/MorphoLex-en,CC BY-NC-SA 4.0,Raw linguistic candidate only. Reviewer must decide structured analysis and child-facing word sum; neither is inferred from MorphoLex.,medium,in_review,,,
excitement_en_gb,{(excite)}>ment>,,[],[],[],,,in_review,open_licensed,MorphoLex-en,https://github.com/hugomailhot/MorphoLex-en,CC BY-NC-SA 4.0,Raw linguistic candidate only. Reviewer must decide structured analysis and child-facing word sum; neither is inferred from MorphoLex.,medium,in_review,,,
boot_en_gb,{(boot)},,[],[],[],,,in_review,open_licensed,MorphoLex-en,https://github.com/hugomailhot/MorphoLex-en,CC BY-NC-SA 4.0,Raw linguistic candidate only. Reviewer must decide structured analysis and child-facing word sum; neither is inferred from MorphoLex.,medium,in_review,,,
distant_en_gb,{(distant)},,[],[],[],,,in_review,open_licensed,MorphoLex-en,https://github.com/hugomailhot/MorphoLex-en,CC BY-NC-SA 4.0,Raw linguistic candidate only. Reviewer must decide structured analysis and child-facing word sum; neither is inferred from MorphoLex.,medium,in_review,,,
scenario_en_gb,{(scenario)},,[],[],[],,,in_review,open_licensed,MorphoLex-en,https://github.com/hugomailhot/MorphoLex-en,CC BY-NC-SA 4.0,Raw linguistic candidate only. Reviewer must decide structured analysis and child-facing word sum; neither is inferred from MorphoLex.,medium,in_review,,,
mixture_en_gb,{(mix)}>ure>,,[],[],[],,,in_review,open_licensed,MorphoLex-en,https://github.com/hugomailhot/MorphoLex-en,CC BY-NC-SA 4.0,Raw linguistic candidate only. Reviewer must decide structured analysis and child-facing word sum; neither is inferred from MorphoLex.,medium,in_review,,,
physician_en_gb,{(phys)>ic>>ian>},,[],[],[],,,in_review,open_licensed,MorphoLex-en,https://github.com/hugomailhot/MorphoLex-en,CC BY-NC-SA 4.0,Raw linguistic candidate only. Reviewer must decide structured analysis and child-facing word sum; neither is inferred from MorphoLex.,medium,in_review,,,
accessible_en_gb,{(access)}>able>,,[],[],[],,,in_review,open_licensed,MorphoLex-en,https://github.com/hugomailhot/MorphoLex-en,CC BY-NC-SA 4.0,Raw linguistic candidate only. Reviewer must decide structured analysis and child-facing word sum; neither is inferred from MorphoLex.,medium,in_review,,,
bare_en_gb,{(bare)},,[],[],[],,,in_review,open_licensed,MorphoLex-en,https://github.com/hugomailhot/MorphoLex-en,CC BY-NC-SA 4.0,Raw linguistic candidate only. Reviewer must decide structured analysis and child-facing word sum; neither is inferred from MorphoLex.,medium,in_review,,,
clue_en_gb,{(clue)},,[],[],[],,,in_review,open_licensed,MorphoLex-en,https://github.com/hugomailhot/MorphoLex-en,CC BY-NC-SA 4.0,Raw linguistic candidate only. Reviewer must decide structured analysis and child-facing word sum; neither is inferred from MorphoLex.,medium,in_review,,,
she_ll_en_gb,{(she)},,[],[],[],,,in_review,open_licensed,MorphoLex-en,https://github.com/hugomailhot/MorphoLex-en,CC BY-NC-SA 4.0,Raw linguistic candidate only. Reviewer must decide structured analysis and child-facing word sum; neither is inferred from MorphoLex.,medium,in_review,,,
conscious_en_gb,{(conscious)},,[],[],[],,,in_review,open_licensed,MorphoLex-en,https://github.com/hugomailhot/MorphoLex-en,CC BY-NC-SA 4.0,Raw linguistic candidate only. Reviewer must decide structured analysis and child-facing word sum; neither is inferred from MorphoLex.,medium,in_review,,,
proceed_en_gb,{(proceed)},,[],[],[],,,in_review,open_licensed,MorphoLex-en,https://github.com/hugomailhot/MorphoLex-en,CC BY-NC-SA 4.0,Raw linguistic candidate only. Reviewer must decide structured analysis and child-facing word sum; neither is inferred from MorphoLex.,medium,in_review,,,
suite_en_gb,{(suite)},,[],[],[],,,in_review,open_licensed,MorphoLex-en,https://github.com/hugomailhot/MorphoLex-en,CC BY-NC-SA 4.0,Raw linguistic candidate only. Reviewer must decide structured analysis and child-facing word sum; neither is inferred from MorphoLex.,medium,in_review,,,
boxing_en_gb,{(box)},,[],[],[],,,in_review,open_licensed,MorphoLex-en,https://github.com/hugomailhot/MorphoLex-en,CC BY-NC-SA 4.0,Raw linguistic candidate only. Reviewer must decide structured analysis and child-facing word sum; neither is inferred from MorphoLex.,medium,in_review,,,
gentle_en_gb,{(gentle)},,[],[],[],,,in_review,open_licensed,MorphoLex-en,https://github.com/hugomailhot/MorphoLex-en,CC BY-NC-SA 4.0,Raw linguistic candidate only. Reviewer must decide structured analysis and child-facing word sum; neither is inferred from MorphoLex.,medium,in_review,,,
shine_en_gb,{(shine)},,[],[],[],,,in_review,open_licensed,MorphoLex-en,https://github.com/hugomailhot/MorphoLex-en,CC BY-NC-SA 4.0,Raw linguistic candidate only. Reviewer must decide structured analysis and child-facing word sum; neither is inferred from MorphoLex.,medium,in_review,,,
treasure_en_gb,{(treasure)},,[],[],[],,,in_review,open_licensed,MorphoLex-en,https://github.com/hugomailhot/MorphoLex-en,CC BY-NC-SA 4.0,Raw linguistic candidate only. Reviewer must decide structured analysis and child-facing word sum; neither is inferred from MorphoLex.,medium,in_review,,,
kicking_en_gb,{(kick)},,[],[],[],,,in_review,open_licensed,MorphoLex-en,https://github.com/hugomailhot/MorphoLex-en,CC BY-NC-SA 4.0,Raw linguistic candidate only. Reviewer must decide structured analysis and child-facing word sum; neither is inferred from MorphoLex.,medium,in_review,,,
shy_en_gb,{(shy)},,[],[],[],,,in_review,open_licensed,MorphoLex-en,https://github.com/hugomailhot/MorphoLex-en,CC BY-NC-SA 4.0,Raw linguistic candidate only. Reviewer must decide structured analysis and child-facing word sum; neither is inferred from MorphoLex.,medium,in_review,,,
quietly_en_gb,{(quiet)}>ly>,,[],[],[],,,in_review,open_licensed,MorphoLex-en,https://github.com/hugomailhot/MorphoLex-en,CC BY-NC-SA 4.0,Raw linguistic candidate only. Reviewer must decide structured analysis and child-facing word sum; neither is inferred from MorphoLex.,medium,in_review,,,
admission_en_gb,{(admit)}>ion>,,[],[],[],,,in_review,open_licensed,MorphoLex-en,https://github.com/hugomailhot/MorphoLex-en,CC BY-NC-SA 4.0,Raw linguistic candidate only. Reviewer must decide structured analysis and child-facing word sum; neither is inferred from MorphoLex.,medium,in_review,,,
logical_en_gb,{(logic)}>al>,,[],[],[],,,in_review,open_licensed,MorphoLex-en,https://github.com/hugomailhot/MorphoLex-en,CC BY-NC-SA 4.0,Raw linguistic candidate only. Reviewer must decide structured analysis and child-facing word sum; neither is inferred from MorphoLex.,medium,in_review,,,
justify_en_gb,{(just)}>ify>,,[],[],[],,,in_review,open_licensed,MorphoLex-en,https://github.com/hugomailhot/MorphoLex-en,CC BY-NC-SA 4.0,Raw linguistic candidate only. Reviewer must decide structured analysis and child-facing word sum; neither is inferred from MorphoLex.,medium,in_review,,,
horn_en_gb,{(horn)},,[],[],[],,,in_review,open_licensed,MorphoLex-en,https://github.com/hugomailhot/MorphoLex-en,CC BY-NC-SA 4.0,Raw linguistic candidate only. Reviewer must decide structured analysis and child-facing word sum; neither is inferred from MorphoLex.,medium,in_review,,,
hurry_en_gb,{(hurry)},,[],[],[],,,in_review,open_licensed,MorphoLex-en,https://github.com/hugomailhot/MorphoLex-en,CC BY-NC-SA 4.0,Raw linguistic candidate only. Reviewer must decide structured analysis and child-facing word sum; neither is inferred from MorphoLex.,medium,in_review,,,
wrestling_en_gb,{(wrestle)},,[],[],[],,,in_review,open_licensed,MorphoLex-en,https://github.com/hugomailhot/MorphoLex-en,CC BY-NC-SA 4.0,Raw linguistic candidate only. Reviewer must decide structured analysis and child-facing word sum; neither is inferred from MorphoLex.,medium,in_review,,,
re_examine_en_gb,,,[],[],[],,,in_review,internal_authored,No exact MorphoLex-en row,,,Raw linguistic candidate only. Reviewer must decide structured analysis and child-facing word sum; neither is inferred from MorphoLex.,low,in_review,,,
profession_en_gb,{(profess)>ion>},,[],[],[],,,in_review,open_licensed,MorphoLex-en,https://github.com/hugomailhot/MorphoLex-en,CC BY-NC-SA 4.0,Raw linguistic candidate only. Reviewer must decide structured analysis and child-facing word sum; neither is inferred from MorphoLex.,medium,in_review,,,
flexible_en_gb,{(flex)}>able>,,[],[],[],,,in_review,open_licensed,MorphoLex-en,https://github.com/hugomailhot/MorphoLex-en,CC BY-NC-SA 4.0,Raw linguistic candidate only. Reviewer must decide structured analysis and child-facing word sum; neither is inferred from MorphoLex.,medium,in_review,,,
observation_en_gb,{(observe)}>ion>,,[],[],[],,,in_review,open_licensed,MorphoLex-en,https://github.com/hugomailhot/MorphoLex-en,CC BY-NC-SA 4.0,Raw linguistic candidate only. Reviewer must decide structured analysis and child-facing word sum; neither is inferred from MorphoLex.,medium,in_review,,,
applicable_en_gb,{(applicable)},,[],[],[],,,in_review,open_licensed,MorphoLex-en,https://github.com/hugomailhot/MorphoLex-en,CC BY-NC-SA 4.0,Raw linguistic candidate only. Reviewer must decide structured analysis and child-facing word sum; neither is inferred from MorphoLex.,medium,in_review,,,
cruel_en_gb,{(cruel)},,[],[],[],,,in_review,open_licensed,MorphoLex-en,https://github.com/hugomailhot/MorphoLex-en,CC BY-NC-SA 4.0,Raw linguistic candidate only. Reviewer must decide structured analysis and child-facing word sum; neither is inferred from MorphoLex.,medium,in_review,,,
dive_en_gb,{(dive)},,[],[],[],,,in_review,open_licensed,MorphoLex-en,https://github.com/hugomailhot/MorphoLex-en,CC BY-NC-SA 4.0,Raw linguistic candidate only. Reviewer must decide structured analysis and child-facing word sum; neither is inferred from MorphoLex.,medium,in_review,,,
blew_en_gb,{(blow)},,[],[],[],,,in_review,open_licensed,MorphoLex-en,https://github.com/hugomailhot/MorphoLex-en,CC BY-NC-SA 4.0,Raw linguistic candidate only. Reviewer must decide structured analysis and child-facing word sum; neither is inferred from MorphoLex.,medium,in_review,,,
jungle_en_gb,{(jungle)},,[],[],[],,,in_review,open_licensed,MorphoLex-en,https://github.com/hugomailhot/MorphoLex-en,CC BY-NC-SA 4.0,Raw linguistic candidate only. Reviewer must decide structured analysis and child-facing word sum; neither is inferred from MorphoLex.,medium,in_review,,,
worrying_en_gb,{(worry)},,[],[],[],,,in_review,open_licensed,MorphoLex-en,https://github.com/hugomailhot/MorphoLex-en,CC BY-NC-SA 4.0,Raw linguistic candidate only. Reviewer must decide structured analysis and child-facing word sum; neither is inferred from MorphoLex.,medium,in_review,,,
happily_en_gb,{(happy)}>ly>,,[],[],[],,,in_review,open_licensed,MorphoLex-en,https://github.com/hugomailhot/MorphoLex-en,CC BY-NC-SA 4.0,Raw linguistic candidate only. Reviewer must decide structured analysis and child-facing word sum; neither is inferred from MorphoLex.,medium,in_review,,,
attraction_en_gb,{(attract)}>ion>,,[],[],[],,,in_review,open_licensed,MorphoLex-en,https://github.com/hugomailhot/MorphoLex-en,CC BY-NC-SA 4.0,Raw linguistic candidate only. Reviewer must decide structured analysis and child-facing word sum; neither is inferred from MorphoLex.,medium,in_review,,,
preference_en_gb,{(prefer)}>ance>,,[],[],[],,,in_review,open_licensed,MorphoLex-en,https://github.com/hugomailhot/MorphoLex-en,CC BY-NC-SA 4.0,Raw linguistic candidate only. Reviewer must decide structured analysis and child-facing word sum; neither is inferred from MorphoLex.,medium,in_review,,,
ace_en_gb,{(ace)},,[],[],[],,,in_review,open_licensed,MorphoLex-en,https://github.com/hugomailhot/MorphoLex-en,CC BY-NC-SA 4.0,Raw linguistic candidate only. Reviewer must decide structured analysis and child-facing word sum; neither is inferred from MorphoLex.,medium,in_review,,,
cared_en_gb,{(care)},,[],[],[],,,in_review,open_licensed,MorphoLex-en,https://github.com/hugomailhot/MorphoLex-en,CC BY-NC-SA 4.0,Raw linguistic candidate only. Reviewer must decide structured analysis and child-facing word sum; neither is inferred from MorphoLex.,medium,in_review,,,
mixing_en_gb,{(mix)},,[],[],[],,,in_review,open_licensed,MorphoLex-en,https://github.com/hugomailhot/MorphoLex-en,CC BY-NC-SA 4.0,Raw linguistic candidate only. Reviewer must decide structured analysis and child-facing word sum; neither is inferred from MorphoLex.,medium,in_review,,,
rage_en_gb,{(rage)},,[],[],[],,,in_review,open_licensed,MorphoLex-en,https://github.com/hugomailhot/MorphoLex-en,CC BY-NC-SA 4.0,Raw linguistic candidate only. Reviewer must decide structured analysis and child-facing word sum; neither is inferred from MorphoLex.,medium,in_review,,,
humble_en_gb,{(humble)},,[],[],[],,,in_review,open_licensed,MorphoLex-en,https://github.com/hugomailhot/MorphoLex-en,CC BY-NC-SA 4.0,Raw linguistic candidate only. Reviewer must decide structured analysis and child-facing word sum; neither is inferred from MorphoLex.,medium,in_review,,,
witch_en_gb,{(witch)},,[],[],[],,,in_review,open_licensed,MorphoLex-en,https://github.com/hugomailhot/MorphoLex-en,CC BY-NC-SA 4.0,Raw linguistic candidate only. Reviewer must decide structured analysis and child-facing word sum; neither is inferred from MorphoLex.,medium,in_review,,,
disagree_en_gb,<dis<{(agree)},,[],[],[],,,in_review,open_licensed,MorphoLex-en,https://github.com/hugomailhot/MorphoLex-en,CC BY-NC-SA 4.0,Raw linguistic candidate only. Reviewer must decide structured analysis and child-facing word sum; neither is inferred from MorphoLex.,medium,in_review,,,
invisible_en_gb,<im<{(vis)>able>},,[],[],[],,,in_review,open_licensed,MorphoLex-en,https://github.com/hugomailhot/MorphoLex-en,CC BY-NC-SA 4.0,Raw linguistic candidate only. Reviewer must decide structured analysis and child-facing word sum; neither is inferred from MorphoLex.,medium,in_review,,,
receiver_en_gb,{<re<(ceive)}>er>,,[],[],[],,,in_review,open_licensed,MorphoLex-en,https://github.com/hugomailhot/MorphoLex-en,CC BY-NC-SA 4.0,Raw linguistic candidate only. Reviewer must decide structured analysis and child-facing word sum; neither is inferred from MorphoLex.,medium,in_review,,,
suspicious_en_gb,{(suspici)>ious>},,[],[],[],,,in_review,open_licensed,MorphoLex-en,https://github.com/hugomailhot/MorphoLex-en,CC BY-NC-SA 4.0,Raw linguistic candidate only. Reviewer must decide structured analysis and child-facing word sum; neither is inferred from MorphoLex.,medium,in_review,,,
thoroughly_en_gb,{(thorough)}>ly>,,[],[],[],,,in_review,open_licensed,MorphoLex-en,https://github.com/hugomailhot/MorphoLex-en,CC BY-NC-SA 4.0,Raw linguistic candidate only. Reviewer must decide structured analysis and child-facing word sum; neither is inferred from MorphoLex.,medium,in_review,,,
influential_en_gb,{<in<(flu)>ance>}>al>,,[],[],[],,,in_review,open_licensed,MorphoLex-en,https://github.com/hugomailhot/MorphoLex-en,CC BY-NC-SA 4.0,Raw linguistic candidate only. Reviewer must decide structured analysis and child-facing word sum; neither is inferred from MorphoLex.,medium,in_review,,,
dairy_en_gb,{(dairy)},,[],[],[],,,in_review,open_licensed,MorphoLex-en,https://github.com/hugomailhot/MorphoLex-en,CC BY-NC-SA 4.0,Raw linguistic candidate only. Reviewer must decide structured analysis and child-facing word sum; neither is inferred from MorphoLex.,medium,in_review,,,
bee_en_gb,{(bee)},,[],[],[],,,in_review,open_licensed,MorphoLex-en,https://github.com/hugomailhot/MorphoLex-en,CC BY-NC-SA 4.0,Raw linguistic candidate only. Reviewer must decide structured analysis and child-facing word sum; neither is inferred from MorphoLex.,medium,in_review,,,
flies_en_gb,{(fly)},,[],[],[],,,in_review,open_licensed,MorphoLex-en,https://github.com/hugomailhot/MorphoLex-en,CC BY-NC-SA 4.0,Raw linguistic candidate only. Reviewer must decide structured analysis and child-facing word sum; neither is inferred from MorphoLex.,medium,in_review,,,
hug_en_gb,{(hug)},,[],[],[],,,in_review,open_licensed,MorphoLex-en,https://github.com/hugomailhot/MorphoLex-en,CC BY-NC-SA 4.0,Raw linguistic candidate only. Reviewer must decide structured analysis and child-facing word sum; neither is inferred from MorphoLex.,medium,in_review,,,
should_ve_en_gb,,,[],[],[],,,in_review,internal_authored,No exact MorphoLex-en row,,,Raw linguistic candidate only. Reviewer must decide structured analysis and child-facing word sum; neither is inferred from MorphoLex.,low,in_review,,,
potatoes_en_gb,{(potato)},,[],[],[],,,in_review,open_licensed,MorphoLex-en,https://github.com/hugomailhot/MorphoLex-en,CC BY-NC-SA 4.0,Raw linguistic candidate only. Reviewer must decide structured analysis and child-facing word sum; neither is inferred from MorphoLex.,medium,in_review,,,
advise_en_gb,{(advise)},,[],[],[],,,in_review,open_licensed,MorphoLex-en,https://github.com/hugomailhot/MorphoLex-en,CC BY-NC-SA 4.0,Raw linguistic candidate only. Reviewer must decide structured analysis and child-facing word sum; neither is inferred from MorphoLex.,medium,in_review,,,
fabulous_en_gb,{(fable)>ious>},,[],[],[],,,in_review,open_licensed,MorphoLex-en,https://github.com/hugomailhot/MorphoLex-en,CC BY-NC-SA 4.0,Raw linguistic candidate only. Reviewer must decide structured analysis and child-facing word sum; neither is inferred from MorphoLex.,medium,in_review,,,
gently_en_gb,{(gentle)}>y>,,[],[],[],,,in_review,open_licensed,MorphoLex-en,https://github.com/hugomailhot/MorphoLex-en,CC BY-NC-SA 4.0,Raw linguistic candidate only. Reviewer must decide structured analysis and child-facing word sum; neither is inferred from MorphoLex.,medium,in_review,,,
historically_en_gb,{(history)>ic>}>al>>ly>,,[],[],[],,,in_review,open_licensed,MorphoLex-en,https://github.com/hugomailhot/MorphoLex-en,CC BY-NC-SA 4.0,Raw linguistic candidate only. Reviewer must decide structured analysis and child-facing word sum; neither is inferred from MorphoLex.,medium,in_review,,,
unbelievable_en_gb,<un<{(believe)}>able>,,[],[],[],,,in_review,open_licensed,MorphoLex-en,https://github.com/hugomailhot/MorphoLex-en,CC BY-NC-SA 4.0,Raw linguistic candidate only. Reviewer must decide structured analysis and child-facing word sum; neither is inferred from MorphoLex.,medium,in_review,,,
beneficial_en_gb,{(benefice)>al>},,[],[],[],,,in_review,open_licensed,MorphoLex-en,https://github.com/hugomailhot/MorphoLex-en,CC BY-NC-SA 4.0,Raw linguistic candidate only. Reviewer must decide structured analysis and child-facing word sum; neither is inferred from MorphoLex.,medium,in_review,,,
elephant_en_gb,{(elephant)},,[],[],[],,,in_review,open_licensed,MorphoLex-en,https://github.com/hugomailhot/MorphoLex-en,CC BY-NC-SA 4.0,Raw linguistic candidate only. Reviewer must decide structured analysis and child-facing word sum; neither is inferred from MorphoLex.,medium,in_review,,,
fairy_en_gb,{(fairy)},,[],[],[],,,in_review,open_licensed,MorphoLex-en,https://github.com/hugomailhot/MorphoLex-en,CC BY-NC-SA 4.0,Raw linguistic candidate only. Reviewer must decide structured analysis and child-facing word sum; neither is inferred from MorphoLex.,medium,in_review,,,
myth_en_gb,{(myth)},,[],[],[],,,in_review,open_licensed,MorphoLex-en,https://github.com/hugomailhot/MorphoLex-en,CC BY-NC-SA 4.0,Raw linguistic candidate only. Reviewer must decide structured analysis and child-facing word sum; neither is inferred from MorphoLex.,medium,in_review,,,
architect_en_gb,{(architect)},,[],[],[],,,in_review,open_licensed,MorphoLex-en,https://github.com/hugomailhot/MorphoLex-en,CC BY-NC-SA 4.0,Raw linguistic candidate only. Reviewer must decide structured analysis and child-facing word sum; neither is inferred from MorphoLex.,medium,in_review,,,
grief_en_gb,{(grief)},,[],[],[],,,in_review,open_licensed,MorphoLex-en,https://github.com/hugomailhot/MorphoLex-en,CC BY-NC-SA 4.0,Raw linguistic candidate only. Reviewer must decide structured analysis and child-facing word sum; neither is inferred from MorphoLex.,medium,in_review,,,
quantity_en_gb,{(quant)>ity>},,[],[],[],,,in_review,open_licensed,MorphoLex-en,https://github.com/hugomailhot/MorphoLex-en,CC BY-NC-SA 4.0,Raw linguistic candidate only. Reviewer must decide structured analysis and child-facing word sum; neither is inferred from MorphoLex.,medium,in_review,,,
submission_en_gb,{(submit)}>ion>,,[],[],[],,,in_review,open_licensed,MorphoLex-en,https://github.com/hugomailhot/MorphoLex-en,CC BY-NC-SA 4.0,Raw linguistic candidate only. Reviewer must decide structured analysis and child-facing word sum; neither is inferred from MorphoLex.,medium,in_review,,,
rainbow_en_gb,{(rain)}{(bow)},,[],[],[],,,in_review,open_licensed,MorphoLex-en,https://github.com/hugomailhot/MorphoLex-en,CC BY-NC-SA 4.0,Raw linguistic candidate only. Reviewer must decide structured analysis and child-facing word sum; neither is inferred from MorphoLex.,medium,in_review,,,
scare_en_gb,{(scare)},,[],[],[],,,in_review,open_licensed,MorphoLex-en,https://github.com/hugomailhot/MorphoLex-en,CC BY-NC-SA 4.0,Raw linguistic candidate only. Reviewer must decide structured analysis and child-facing word sum; neither is inferred from MorphoLex.,medium,in_review,,,
monkey_en_gb,{(monkey)},,[],[],[],,,in_review,open_licensed,MorphoLex-en,https://github.com/hugomailhot/MorphoLex-en,CC BY-NC-SA 4.0,Raw linguistic candidate only. Reviewer must decide structured analysis and child-facing word sum; neither is inferred from MorphoLex.,medium,in_review,,,
reign_en_gb,{(reign)},,[],[],[],,,in_review,open_licensed,MorphoLex-en,https://github.com/hugomailhot/MorphoLex-en,CC BY-NC-SA 4.0,Raw linguistic candidate only. Reviewer must decide structured analysis and child-facing word sum; neither is inferred from MorphoLex.,medium,in_review,,,
tremendous_en_gb,{(tremendous)},,[],[],[],,,in_review,open_licensed,MorphoLex-en,https://github.com/hugomailhot/MorphoLex-en,CC BY-NC-SA 4.0,Raw linguistic candidate only. Reviewer must decide structured analysis and child-facing word sum; neither is inferred from MorphoLex.,medium,in_review,,,
laundry_en_gb,{(launder)>y>},,[],[],[],,,in_review,open_licensed,MorphoLex-en,https://github.com/hugomailhot/MorphoLex-en,CC BY-NC-SA 4.0,Raw linguistic candidate only. Reviewer must decide structured analysis and child-facing word sum; neither is inferred from MorphoLex.,medium,in_review,,,
tolerance_en_gb,{(toler)>ance>},,[],[],[],,,in_review,open_licensed,MorphoLex-en,https://github.com/hugomailhot/MorphoLex-en,CC BY-NC-SA 4.0,Raw linguistic candidate only. Reviewer must decide structured analysis and child-facing word sum; neither is inferred from MorphoLex.,medium,in_review,,,
adorable_en_gb,{(adore)}>able>,,[],[],[],,,in_review,open_licensed,MorphoLex-en,https://github.com/hugomailhot/MorphoLex-en,CC BY-NC-SA 4.0,Raw linguistic candidate only. Reviewer must decide structured analysis and child-facing word sum; neither is inferred from MorphoLex.,medium,in_review,,,
could_ve_en_gb,{(could)},,[],[],[],,,in_review,open_licensed,MorphoLex-en,https://github.com/hugomailhot/MorphoLex-en,CC BY-NC-SA 4.0,Raw linguistic candidate only. Reviewer must decide structured analysis and child-facing word sum; neither is inferred from MorphoLex.,medium,in_review,,,
fried_en_gb,{(fry)},,[],[],[],,,in_review,open_licensed,MorphoLex-en,https://github.com/hugomailhot/MorphoLex-en,CC BY-NC-SA 4.0,Raw linguistic candidate only. Reviewer must decide structured analysis and child-facing word sum; neither is inferred from MorphoLex.,medium,in_review,,,
martial_en_gb,{(martial)},,[],[],[],,,in_review,open_licensed,MorphoLex-en,https://github.com/hugomailhot/MorphoLex-en,CC BY-NC-SA 4.0,Raw linguistic candidate only. Reviewer must decide structured analysis and child-facing word sum; neither is inferred from MorphoLex.,medium,in_review,,,
cemetery_en_gb,{(cemetery)},,[],[],[],,,in_review,open_licensed,MorphoLex-en,https://github.com/hugomailhot/MorphoLex-en,CC BY-NC-SA 4.0,Raw linguistic candidate only. Reviewer must decide structured analysis and child-facing word sum; neither is inferred from MorphoLex.,medium,in_review,,,
observe_en_gb,{(observe)},,[],[],[],,,in_review,open_licensed,MorphoLex-en,https://github.com/hugomailhot/MorphoLex-en,CC BY-NC-SA 4.0,Raw linguistic candidate only. Reviewer must decide structured analysis and child-facing word sum; neither is inferred from MorphoLex.,medium,in_review,,,
subway_en_gb,<sub<{(way)},,[],[],[],,,in_review,open_licensed,MorphoLex-en,https://github.com/hugomailhot/MorphoLex-en,CC BY-NC-SA 4.0,Raw linguistic candidate only. Reviewer must decide structured analysis and child-facing word sum; neither is inferred from MorphoLex.,medium,in_review,,,
ignorant_en_gb,{(ignore)}>ant>,,[],[],[],,,in_review,open_licensed,MorphoLex-en,https://github.com/hugomailhot/MorphoLex-en,CC BY-NC-SA 4.0,Raw linguistic candidate only. Reviewer must decide structured analysis and child-facing word sum; neither is inferred from MorphoLex.,medium,in_review,,,
stack_en_gb,{(stack)},,[],[],[],,,in_review,open_licensed,MorphoLex-en,https://github.com/hugomailhot/MorphoLex-en,CC BY-NC-SA 4.0,Raw linguistic candidate only. Reviewer must decide structured analysis and child-facing word sum; neither is inferred from MorphoLex.,medium,in_review,,,
beg_en_gb,{(beg)},,[],[],[],,,in_review,open_licensed,MorphoLex-en,https://github.com/hugomailhot/MorphoLex-en,CC BY-NC-SA 4.0,Raw linguistic candidate only. Reviewer must decide structured analysis and child-facing word sum; neither is inferred from MorphoLex.,medium,in_review,,,
diesel_en_gb,{(diesel)},,[],[],[],,,in_review,open_licensed,MorphoLex-en,https://github.com/hugomailhot/MorphoLex-en,CC BY-NC-SA 4.0,Raw linguistic candidate only. Reviewer must decide structured analysis and child-facing word sum; neither is inferred from MorphoLex.,medium,in_review,,,
foul_en_gb,{(foul)},,[],[],[],,,in_review,open_licensed,MorphoLex-en,https://github.com/hugomailhot/MorphoLex-en,CC BY-NC-SA 4.0,Raw linguistic candidate only. Reviewer must decide structured analysis and child-facing word sum; neither is inferred from MorphoLex.,medium,in_review,,,
alter_en_gb,{(alter)},,[],[],[],,,in_review,open_licensed,MorphoLex-en,https://github.com/hugomailhot/MorphoLex-en,CC BY-NC-SA 4.0,Raw linguistic candidate only. Reviewer must decide structured analysis and child-facing word sum; neither is inferred from MorphoLex.,medium,in_review,,,
rhythm_en_gb,{(rhythm)},,[],[],[],,,in_review,open_licensed,MorphoLex-en,https://github.com/hugomailhot/MorphoLex-en,CC BY-NC-SA 4.0,Raw linguistic candidate only. Reviewer must decide structured analysis and child-facing word sum; neither is inferred from MorphoLex.,medium,in_review,,,
ignorance_en_gb,{(ignore)}>ance>,,[],[],[],,,in_review,open_licensed,MorphoLex-en,https://github.com/hugomailhot/MorphoLex-en,CC BY-NC-SA 4.0,Raw linguistic candidate only. Reviewer must decide structured analysis and child-facing word sum; neither is inferred from MorphoLex.,medium,in_review,,,
sketch_en_gb,{(sketch)},,[],[],[],,,in_review,open_licensed,MorphoLex-en,https://github.com/hugomailhot/MorphoLex-en,CC BY-NC-SA 4.0,Raw linguistic candidate only. Reviewer must decide structured analysis and child-facing word sum; neither is inferred from MorphoLex.,medium,in_review,,,
reasonably_en_gb,{(reason)}>able>>y>,,[],[],[],,,in_review,open_licensed,MorphoLex-en,https://github.com/hugomailhot/MorphoLex-en,CC BY-NC-SA 4.0,Raw linguistic candidate only. Reviewer must decide structured analysis and child-facing word sum; neither is inferred from MorphoLex.,medium,in_review,,,
fur_en_gb,{(fur)},,[],[],[],,,in_review,open_licensed,MorphoLex-en,https://github.com/hugomailhot/MorphoLex-en,CC BY-NC-SA 4.0,Raw linguistic candidate only. Reviewer must decide structured analysis and child-facing word sum; neither is inferred from MorphoLex.,medium,in_review,,,
varied_en_gb,{(vary)},,[],[],[],,,in_review,open_licensed,MorphoLex-en,https://github.com/hugomailhot/MorphoLex-en,CC BY-NC-SA 4.0,Raw linguistic candidate only. Reviewer must decide structured analysis and child-facing word sum; neither is inferred from MorphoLex.,medium,in_review,,,
differ_en_gb,{(differ)},,[],[],[],,,in_review,open_licensed,MorphoLex-en,https://github.com/hugomailhot/MorphoLex-en,CC BY-NC-SA 4.0,Raw linguistic candidate only. Reviewer must decide structured analysis and child-facing word sum; neither is inferred from MorphoLex.,medium,in_review,,,
fusion_en_gb,{(fuse)}>ion>,,[],[],[],,,in_review,open_licensed,MorphoLex-en,https://github.com/hugomailhot/MorphoLex-en,CC BY-NC-SA 4.0,Raw linguistic candidate only. Reviewer must decide structured analysis and child-facing word sum; neither is inferred from MorphoLex.,medium,in_review,,,
dictionary_en_gb,{(dict)>ion>>ory>},,[],[],[],,,in_review,open_licensed,MorphoLex-en,https://github.com/hugomailhot/MorphoLex-en,CC BY-NC-SA 4.0,Raw linguistic candidate only. Reviewer must decide structured analysis and child-facing word sum; neither is inferred from MorphoLex.,medium,in_review,,,
anchor_en_gb,{(anchor)},,[],[],[],,,in_review,open_licensed,MorphoLex-en,https://github.com/hugomailhot/MorphoLex-en,CC BY-NC-SA 4.0,Raw linguistic candidate only. Reviewer must decide structured analysis and child-facing word sum; neither is inferred from MorphoLex.,medium,in_review,,,
possess_en_gb,{(possess)},,[],[],[],,,in_review,open_licensed,MorphoLex-en,https://github.com/hugomailhot/MorphoLex-en,CC BY-NC-SA 4.0,Raw linguistic candidate only. Reviewer must decide structured analysis and child-facing word sum; neither is inferred from MorphoLex.,medium,in_review,,,
accommodate_en_gb,{(accommodate)},,[],[],[],,,in_review,open_licensed,MorphoLex-en,https://github.com/hugomailhot/MorphoLex-en,CC BY-NC-SA 4.0,Raw linguistic candidate only. Reviewer must decide structured analysis and child-facing word sum; neither is inferred from MorphoLex.,medium,in_review,,,
convenience_en_gb,{(convenience)},,[],[],[],,,in_review,open_licensed,MorphoLex-en,https://github.com/hugomailhot/MorphoLex-en,CC BY-NC-SA 4.0,Raw linguistic candidate only. Reviewer must decide structured analysis and child-facing word sum; neither is inferred from MorphoLex.,medium,in_review,,,
orchestra_en_gb,{(orchestr)>a>},,[],[],[],,,in_review,open_licensed,MorphoLex-en,https://github.com/hugomailhot/MorphoLex-en,CC BY-NC-SA 4.0,Raw linguistic candidate only. Reviewer must decide structured analysis and child-facing word sum; neither is inferred from MorphoLex.,medium,in_review,,,
specially_en_gb,{(special)}>ly>,,[],[],[],,,in_review,open_licensed,MorphoLex-en,https://github.com/hugomailhot/MorphoLex-en,CC BY-NC-SA 4.0,Raw linguistic candidate only. Reviewer must decide structured analysis and child-facing word sum; neither is inferred from MorphoLex.,medium,in_review,,,
transparent_en_gb,{<trans<(par)>ant>},,[],[],[],,,in_review,open_licensed,MorphoLex-en,https://github.com/hugomailhot/MorphoLex-en,CC BY-NC-SA 4.0,Raw linguistic candidate only. Reviewer must decide structured analysis and child-facing word sum; neither is inferred from MorphoLex.,medium,in_review,,,
sail_en_gb,{(sail)},,[],[],[],,,in_review,open_licensed,MorphoLex-en,https://github.com/hugomailhot/MorphoLex-en,CC BY-NC-SA 4.0,Raw linguistic candidate only. Reviewer must decide structured analysis and child-facing word sum; neither is inferred from MorphoLex.,medium,in_review,,,
kindly_en_gb,{(kind)}>ly>,,[],[],[],,,in_review,open_licensed,MorphoLex-en,https://github.com/hugomailhot/MorphoLex-en,CC BY-NC-SA 4.0,Raw linguistic candidate only. Reviewer must decide structured analysis and child-facing word sum; neither is inferred from MorphoLex.,medium,in_review,,,
considerably_en_gb,{(consider)}>able>>y>,,[],[],[],,,in_review,open_licensed,MorphoLex-en,https://github.com/hugomailhot/MorphoLex-en,CC BY-NC-SA 4.0,Raw linguistic candidate only. Reviewer must decide structured analysis and child-facing word sum; neither is inferred from MorphoLex.,medium,in_review,,,
behave_en_gb,{(behave)},,[],[],[],,,in_review,open_licensed,MorphoLex-en,https://github.com/hugomailhot/MorphoLex-en,CC BY-NC-SA 4.0,Raw linguistic candidate only. Reviewer must decide structured analysis and child-facing word sum; neither is inferred from MorphoLex.,medium,in_review,,,
pause_en_gb,{(pause)},,[],[],[],,,in_review,open_licensed,MorphoLex-en,https://github.com/hugomailhot/MorphoLex-en,CC BY-NC-SA 4.0,Raw linguistic candidate only. Reviewer must decide structured analysis and child-facing word sum; neither is inferred from MorphoLex.,medium,in_review,,,
re_elect_en_gb,,,[],[],[],,,in_review,internal_authored,No exact MorphoLex-en row,,,Raw linguistic candidate only. Reviewer must decide structured analysis and child-facing word sum; neither is inferred from MorphoLex.,low,in_review,,,
dancer_en_gb,{(dance)}>er>,,[],[],[],,,in_review,open_licensed,MorphoLex-en,https://github.com/hugomailhot/MorphoLex-en,CC BY-NC-SA 4.0,Raw linguistic candidate only. Reviewer must decide structured analysis and child-facing word sum; neither is inferred from MorphoLex.,medium,in_review,,,
injection_en_gb,{<in<(ject)}>ion>,,[],[],[],,,in_review,open_licensed,MorphoLex-en,https://github.com/hugomailhot/MorphoLex-en,CC BY-NC-SA 4.0,Raw linguistic candidate only. Reviewer must decide structured analysis and child-facing word sum; neither is inferred from MorphoLex.,medium,in_review,,,
consistency_en_gb,{<co<(sist)>ancy>},,[],[],[],,,in_review,open_licensed,MorphoLex-en,https://github.com/hugomailhot/MorphoLex-en,CC BY-NC-SA 4.0,Raw linguistic candidate only. Reviewer must decide structured analysis and child-facing word sum; neither is inferred from MorphoLex.,medium,in_review,,,
expectation_en_gb,{(expect)}>ion>,,[],[],[],,,in_review,open_licensed,MorphoLex-en,https://github.com/hugomailhot/MorphoLex-en,CC BY-NC-SA 4.0,Raw linguistic candidate only. Reviewer must decide structured analysis and child-facing word sum; neither is inferred from MorphoLex.,medium,in_review,,,
sore_en_gb,{(sore)},,[],[],[],,,in_review,open_licensed,MorphoLex-en,https://github.com/hugomailhot/MorphoLex-en,CC BY-NC-SA 4.0,Raw linguistic candidate only. Reviewer must decide structured analysis and child-facing word sum; neither is inferred from MorphoLex.,medium,in_review,,,
straw_en_gb,{(straw)},,[],[],[],,,in_review,open_licensed,MorphoLex-en,https://github.com/hugomailhot/MorphoLex-en,CC BY-NC-SA 4.0,Raw linguistic candidate only. Reviewer must decide structured analysis and child-facing word sum; neither is inferred from MorphoLex.,medium,in_review,,,
child_s_en_gb,{(child)},,[],[],[],,,in_review,open_licensed,MorphoLex-en,https://github.com/hugomailhot/MorphoLex-en,CC BY-NC-SA 4.0,Raw linguistic candidate only. Reviewer must decide structured analysis and child-facing word sum; neither is inferred from MorphoLex.,medium,in_review,,,
fossil_en_gb,{(fossil)},,[],[],[],,,in_review,open_licensed,MorphoLex-en,https://github.com/hugomailhot/MorphoLex-en,CC BY-NC-SA 4.0,Raw linguistic candidate only. Reviewer must decide structured analysis and child-facing word sum; neither is inferred from MorphoLex.,medium,in_review,,,
freight_en_gb,{(freight)},,[],[],[],,,in_review,open_licensed,MorphoLex-en,https://github.com/hugomailhot/MorphoLex-en,CC BY-NC-SA 4.0,Raw linguistic candidate only. Reviewer must decide structured analysis and child-facing word sum; neither is inferred from MorphoLex.,medium,in_review,,,
slower_en_gb,{(slow)}>er>,,[],[],[],,,in_review,open_licensed,MorphoLex-en,https://github.com/hugomailhot/MorphoLex-en,CC BY-NC-SA 4.0,Raw linguistic candidate only. Reviewer must decide structured analysis and child-facing word sum; neither is inferred from MorphoLex.,medium,in_review,,,
bicycle_en_gb,{<bi<(cycle)},,[],[],[],,,in_review,open_licensed,MorphoLex-en,https://github.com/hugomailhot/MorphoLex-en,CC BY-NC-SA 4.0,Raw linguistic candidate only. Reviewer must decide structured analysis and child-facing word sum; neither is inferred from MorphoLex.,medium,in_review,,,
irrelevant_en_gb,<im<{(relev)>ant>},,[],[],[],,,in_review,open_licensed,MorphoLex-en,https://github.com/hugomailhot/MorphoLex-en,CC BY-NC-SA 4.0,Raw linguistic candidate only. Reviewer must decide structured analysis and child-facing word sum; neither is inferred from MorphoLex.,medium,in_review,,,
sensible_en_gb,{(sense)}>able>,,[],[],[],,,in_review,open_licensed,MorphoLex-en,https://github.com/hugomailhot/MorphoLex-en,CC BY-NC-SA 4.0,Raw linguistic candidate only. Reviewer must decide structured analysis and child-facing word sum; neither is inferred from MorphoLex.,medium,in_review,,,
jaw_en_gb,{(jaw)},,[],[],[],,,in_review,open_licensed,MorphoLex-en,https://github.com/hugomailhot/MorphoLex-en,CC BY-NC-SA 4.0,Raw linguistic candidate only. Reviewer must decide structured analysis and child-facing word sum; neither is inferred from MorphoLex.,medium,in_review,,,
whale_en_gb,{(whale)},,[],[],[],,,in_review,open_licensed,MorphoLex-en,https://github.com/hugomailhot/MorphoLex-en,CC BY-NC-SA 4.0,Raw linguistic candidate only. Reviewer must decide structured analysis and child-facing word sum; neither is inferred from MorphoLex.,medium,in_review,,,
colleague_en_gb,{(colleague)},,[],[],[],,,in_review,open_licensed,MorphoLex-en,https://github.com/hugomailhot/MorphoLex-en,CC BY-NC-SA 4.0,Raw linguistic candidate only. Reviewer must decide structured analysis and child-facing word sum; neither is inferred from MorphoLex.,medium,in_review,,,
prophet_en_gb,{(prophet)},,[],[],[],,,in_review,open_licensed,MorphoLex-en,https://github.com/hugomailhot/MorphoLex-en,CC BY-NC-SA 4.0,Raw linguistic candidate only. Reviewer must decide structured analysis and child-facing word sum; neither is inferred from MorphoLex.,medium,in_review,,,
curiosity_en_gb,{(curious)}>ity>,,[],[],[],,,in_review,open_licensed,MorphoLex-en,https://github.com/hugomailhot/MorphoLex-en,CC BY-NC-SA 4.0,Raw linguistic candidate only. Reviewer must decide structured analysis and child-facing word sum; neither is inferred from MorphoLex.,medium,in_review,,,
bullying_en_gb,{(bully)},,[],[],[],,,in_review,open_licensed,MorphoLex-en,https://github.com/hugomailhot/MorphoLex-en,CC BY-NC-SA 4.0,Raw linguistic candidate only. Reviewer must decide structured analysis and child-facing word sum; neither is inferred from MorphoLex.,medium,in_review,,,
occurring_en_gb,{(occur)},,[],[],[],,,in_review,open_licensed,MorphoLex-en,https://github.com/hugomailhot/MorphoLex-en,CC BY-NC-SA 4.0,Raw linguistic candidate only. Reviewer must decide structured analysis and child-facing word sum; neither is inferred from MorphoLex.,medium,in_review,,,
berry_en_gb,{(berry)},,[],[],[],,,in_review,open_licensed,MorphoLex-en,https://github.com/hugomailhot/MorphoLex-en,CC BY-NC-SA 4.0,Raw linguistic candidate only. Reviewer must decide structured analysis and child-facing word sum; neither is inferred from MorphoLex.,medium,in_review,,,
thorough_en_gb,{(thorough)},,[],[],[],,,in_review,open_licensed,MorphoLex-en,https://github.com/hugomailhot/MorphoLex-en,CC BY-NC-SA 4.0,Raw linguistic candidate only. Reviewer must decide structured analysis and child-facing word sum; neither is inferred from MorphoLex.,medium,in_review,,,
compatible_en_gb,{(compatible)},,[],[],[],,,in_review,open_licensed,MorphoLex-en,https://github.com/hugomailhot/MorphoLex-en,CC BY-NC-SA 4.0,Raw linguistic candidate only. Reviewer must decide structured analysis and child-facing word sum; neither is inferred from MorphoLex.,medium,in_review,,,
licence_en_gb,{(licence)},,[],[],[],,,in_review,open_licensed,MorphoLex-en,https://github.com/hugomailhot/MorphoLex-en,CC BY-NC-SA 4.0,Raw linguistic candidate only. Reviewer must decide structured analysis and child-facing word sum; neither is inferred from MorphoLex.,medium,in_review,,,
resign_en_gb,{(resign)},,[],[],[],,,in_review,open_licensed,MorphoLex-en,https://github.com/hugomailhot/MorphoLex-en,CC BY-NC-SA 4.0,Raw linguistic candidate only. Reviewer must decide structured analysis and child-facing word sum; neither is inferred from MorphoLex.,medium,in_review,,,
forbidden_en_gb,{(forbid)}>en>,,[],[],[],,,in_review,open_licensed,MorphoLex-en,https://github.com/hugomailhot/MorphoLex-en,CC BY-NC-SA 4.0,Raw linguistic candidate only. Reviewer must decide structured analysis and child-facing word sum; neither is inferred from MorphoLex.,medium,in_review,,,
skirt_en_gb,{(skirt)},,[],[],[],,,in_review,open_licensed,MorphoLex-en,https://github.com/hugomailhot/MorphoLex-en,CC BY-NC-SA 4.0,Raw linguistic candidate only. Reviewer must decide structured analysis and child-facing word sum; neither is inferred from MorphoLex.,medium,in_review,,,
stir_en_gb,{(stir)},,[],[],[],,,in_review,open_licensed,MorphoLex-en,https://github.com/hugomailhot/MorphoLex-en,CC BY-NC-SA 4.0,Raw linguistic candidate only. Reviewer must decide structured analysis and child-facing word sum; neither is inferred from MorphoLex.,medium,in_review,,,
girl_s_en_gb,{(girl)},,[],[],[],,,in_review,open_licensed,MorphoLex-en,https://github.com/hugomailhot/MorphoLex-en,CC BY-NC-SA 4.0,Raw linguistic candidate only. Reviewer must decide structured analysis and child-facing word sum; neither is inferred from MorphoLex.,medium,in_review,,,
puzzle_en_gb,{(puzzle)},,[],[],[],,,in_review,open_licensed,MorphoLex-en,https://github.com/hugomailhot/MorphoLex-en,CC BY-NC-SA 4.0,Raw linguistic candidate only. Reviewer must decide structured analysis and child-facing word sum; neither is inferred from MorphoLex.,medium,in_review,,,
wreck_en_gb,{(wreck)},,[],[],[],,,in_review,open_licensed,MorphoLex-en,https://github.com/hugomailhot/MorphoLex-en,CC BY-NC-SA 4.0,Raw linguistic candidate only. Reviewer must decide structured analysis and child-facing word sum; neither is inferred from MorphoLex.,medium,in_review,,,
waist_en_gb,{(waist)},,[],[],[],,,in_review,open_licensed,MorphoLex-en,https://github.com/hugomailhot/MorphoLex-en,CC BY-NC-SA 4.0,Raw linguistic candidate only. Reviewer must decide structured analysis and child-facing word sum; neither is inferred from MorphoLex.,medium,in_review,,,
conscience_en_gb,{(conscience)},,[],[],[],,,in_review,open_licensed,MorphoLex-en,https://github.com/hugomailhot/MorphoLex-en,CC BY-NC-SA 4.0,Raw linguistic candidate only. Reviewer must decide structured analysis and child-facing word sum; neither is inferred from MorphoLex.,medium,in_review,,,
collision_en_gb,{(collide)}>ion>,,[],[],[],,,in_review,open_licensed,MorphoLex-en,https://github.com/hugomailhot/MorphoLex-en,CC BY-NC-SA 4.0,Raw linguistic candidate only. Reviewer must decide structured analysis and child-facing word sum; neither is inferred from MorphoLex.,medium,in_review,,,
correction_en_gb,{(correct)}>ion>,,[],[],[],,,in_review,open_licensed,MorphoLex-en,https://github.com/hugomailhot/MorphoLex-en,CC BY-NC-SA 4.0,Raw linguistic candidate only. Reviewer must decide structured analysis and child-facing word sum; neither is inferred from MorphoLex.,medium,in_review,,,
dramatically_en_gb,{(drama)}>ic>>ly>,,[],[],[],,,in_review,open_licensed,MorphoLex-en,https://github.com/hugomailhot/MorphoLex-en,CC BY-NC-SA 4.0,Raw linguistic candidate only. Reviewer must decide structured analysis and child-facing word sum; neither is inferred from MorphoLex.,medium,in_review,,,
ambitious_en_gb,{(ambit)>ious>},,[],[],[],,,in_review,open_licensed,MorphoLex-en,https://github.com/hugomailhot/MorphoLex-en,CC BY-NC-SA 4.0,Raw linguistic candidate only. Reviewer must decide structured analysis and child-facing word sum; neither is inferred from MorphoLex.,medium,in_review,,,
pencil_en_gb,{(pencil)},,[],[],[],,,in_review,open_licensed,MorphoLex-en,https://github.com/hugomailhot/MorphoLex-en,CC BY-NC-SA 4.0,Raw linguistic candidate only. Reviewer must decide structured analysis and child-facing word sum; neither is inferred from MorphoLex.,medium,in_review,,,
brake_en_gb,{(brake)},,[],[],[],,,in_review,open_licensed,MorphoLex-en,https://github.com/hugomailhot/MorphoLex-en,CC BY-NC-SA 4.0,Raw linguistic candidate only. Reviewer must decide structured analysis and child-facing word sum; neither is inferred from MorphoLex.,medium,in_review,,,
limiting_en_gb,{(limit)},,[],[],[],,,in_review,open_licensed,MorphoLex-en,https://github.com/hugomailhot/MorphoLex-en,CC BY-NC-SA 4.0,Raw linguistic candidate only. Reviewer must decide structured analysis and child-facing word sum; neither is inferred from MorphoLex.,medium,in_review,,,
tense_en_gb,{(tense)},,[],[],[],,,in_review,open_licensed,MorphoLex-en,https://github.com/hugomailhot/MorphoLex-en,CC BY-NC-SA 4.0,Raw linguistic candidate only. Reviewer must decide structured analysis and child-facing word sum; neither is inferred from MorphoLex.,medium,in_review,,,
bargain_en_gb,{(bargain)},,[],[],[],,,in_review,open_licensed,MorphoLex-en,https://github.com/hugomailhot/MorphoLex-en,CC BY-NC-SA 4.0,Raw linguistic candidate only. Reviewer must decide structured analysis and child-facing word sum; neither is inferred from MorphoLex.,medium,in_review,,,
elegant_en_gb,{(elegant)},,[],[],[],,,in_review,open_licensed,MorphoLex-en,https://github.com/hugomailhot/MorphoLex-en,CC BY-NC-SA 4.0,Raw linguistic candidate only. Reviewer must decide structured analysis and child-facing word sum; neither is inferred from MorphoLex.,medium,in_review,,,
sovereign_en_gb,{(sovereign)},,[],[],[],,,in_review,open_licensed,MorphoLex-en,https://github.com/hugomailhot/MorphoLex-en,CC BY-NC-SA 4.0,Raw linguistic candidate only. Reviewer must decide structured analysis and child-facing word sum; neither is inferred from MorphoLex.,medium,in_review,,,
automobile_en_gb,{<auto<(mobile)},,[],[],[],,,in_review,open_licensed,MorphoLex-en,https://github.com/hugomailhot/MorphoLex-en,CC BY-NC-SA 4.0,Raw linguistic candidate only. Reviewer must decide structured analysis and child-facing word sum; neither is inferred from MorphoLex.,medium,in_review,,,
supervision_en_gb,{<super<(vis)>ion>},,[],[],[],,,in_review,open_licensed,MorphoLex-en,https://github.com/hugomailhot/MorphoLex-en,CC BY-NC-SA 4.0,Raw linguistic candidate only. Reviewer must decide structured analysis and child-facing word sum; neither is inferred from MorphoLex.,medium,in_review,,,
towel_en_gb,{(towel)},,[],[],[],,,in_review,open_licensed,MorphoLex-en,https://github.com/hugomailhot/MorphoLex-en,CC BY-NC-SA 4.0,Raw linguistic candidate only. Reviewer must decide structured analysis and child-facing word sum; neither is inferred from MorphoLex.,medium,in_review,,,
varies_en_gb,{(vary)},,[],[],[],,,in_review,open_licensed,MorphoLex-en,https://github.com/hugomailhot/MorphoLex-en,CC BY-NC-SA 4.0,Raw linguistic candidate only. Reviewer must decide structured analysis and child-facing word sum; neither is inferred from MorphoLex.,medium,in_review,,,
fare_en_gb,{(fare)},,[],[],[],,,in_review,open_licensed,MorphoLex-en,https://github.com/hugomailhot/MorphoLex-en,CC BY-NC-SA 4.0,Raw linguistic candidate only. Reviewer must decide structured analysis and child-facing word sum; neither is inferred from MorphoLex.,medium,in_review,,,
descent_en_gb,{<de<(scent)},,[],[],[],,,in_review,open_licensed,MorphoLex-en,https://github.com/hugomailhot/MorphoLex-en,CC BY-NC-SA 4.0,Raw linguistic candidate only. Reviewer must decide structured analysis and child-facing word sum; neither is inferred from MorphoLex.,medium,in_review,,,
clown_en_gb,{(clown)},,[],[],[],,,in_review,open_licensed,MorphoLex-en,https://github.com/hugomailhot/MorphoLex-en,CC BY-NC-SA 4.0,Raw linguistic candidate only. Reviewer must decide structured analysis and child-facing word sum; neither is inferred from MorphoLex.,medium,in_review,,,
jar_en_gb,{(jar)},,[],[],[],,,in_review,open_licensed,MorphoLex-en,https://github.com/hugomailhot/MorphoLex-en,CC BY-NC-SA 4.0,Raw linguistic candidate only. Reviewer must decide structured analysis and child-facing word sum; neither is inferred from MorphoLex.,medium,in_review,,,
begging_en_gb,{(beg)},,[],[],[],,,in_review,open_licensed,MorphoLex-en,https://github.com/hugomailhot/MorphoLex-en,CC BY-NC-SA 4.0,Raw linguistic candidate only. Reviewer must decide structured analysis and child-facing word sum; neither is inferred from MorphoLex.,medium,in_review,,,
dodge_en_gb,{(dodge)},,[],[],[],,,in_review,open_licensed,MorphoLex-en,https://github.com/hugomailhot/MorphoLex-en,CC BY-NC-SA 4.0,Raw linguistic candidate only. Reviewer must decide structured analysis and child-facing word sum; neither is inferred from MorphoLex.,medium,in_review,,,
texture_en_gb,{(texture)},,[],[],[],,,in_review,open_licensed,MorphoLex-en,https://github.com/hugomailhot/MorphoLex-en,CC BY-NC-SA 4.0,Raw linguistic candidate only. Reviewer must decide structured analysis and child-facing word sum; neither is inferred from MorphoLex.,medium,in_review,,,
translate_en_gb,{(translate)},,[],[],[],,,in_review,open_licensed,MorphoLex-en,https://github.com/hugomailhot/MorphoLex-en,CC BY-NC-SA 4.0,Raw linguistic candidate only. Reviewer must decide structured analysis and child-facing word sum; neither is inferred from MorphoLex.,medium,in_review,,,
occupy_en_gb,{(occupy)},,[],[],[],,,in_review,open_licensed,MorphoLex-en,https://github.com/hugomailhot/MorphoLex-en,CC BY-NC-SA 4.0,Raw linguistic candidate only. Reviewer must decide structured analysis and child-facing word sum; neither is inferred from MorphoLex.,medium,in_review,,,
pierce_en_gb,{(pierce)},,[],[],[],,,in_review,open_licensed,MorphoLex-en,https://github.com/hugomailhot/MorphoLex-en,CC BY-NC-SA 4.0,Raw linguistic candidate only. Reviewer must decide structured analysis and child-facing word sum; neither is inferred from MorphoLex.,medium,in_review,,,
siege_en_gb,{(siege)},,[],[],[],,,in_review,open_licensed,MorphoLex-en,https://github.com/hugomailhot/MorphoLex-en,CC BY-NC-SA 4.0,Raw linguistic candidate only. Reviewer must decide structured analysis and child-facing word sum; neither is inferred from MorphoLex.,medium,in_review,,,
luckily_en_gb,{(luck)}>y>>ly>,,[],[],[],,,in_review,open_licensed,MorphoLex-en,https://github.com/hugomailhot/MorphoLex-en,CC BY-NC-SA 4.0,Raw linguistic candidate only. Reviewer must decide structured analysis and child-facing word sum; neither is inferred from MorphoLex.,medium,in_review,,,
sculpture_en_gb,{(sculpt)}>ure>,,[],[],[],,,in_review,open_licensed,MorphoLex-en,https://github.com/hugomailhot/MorphoLex-en,CC BY-NC-SA 4.0,Raw linguistic candidate only. Reviewer must decide structured analysis and child-facing word sum; neither is inferred from MorphoLex.,medium,in_review,,,
affection_en_gb,{<a<(fect)}>ion>,,[],[],[],,,in_review,open_licensed,MorphoLex-en,https://github.com/hugomailhot/MorphoLex-en,CC BY-NC-SA 4.0,Raw linguistic candidate only. Reviewer must decide structured analysis and child-facing word sum; neither is inferred from MorphoLex.,medium,in_review,,,
baking_en_gb,{(bake)},,[],[],[],,,in_review,open_licensed,MorphoLex-en,https://github.com/hugomailhot/MorphoLex-en,CC BY-NC-SA 4.0,Raw linguistic candidate only. Reviewer must decide structured analysis and child-facing word sum; neither is inferred from MorphoLex.,medium,in_review,,,
leisure_en_gb,{(leisure)},,[],[],[],,,in_review,open_licensed,MorphoLex-en,https://github.com/hugomailhot/MorphoLex-en,CC BY-NC-SA 4.0,Raw linguistic candidate only. Reviewer must decide structured analysis and child-facing word sum; neither is inferred from MorphoLex.,medium,in_review,,,
educate_en_gb,{(educate)},,[],[],[],,,in_review,open_licensed,MorphoLex-en,https://github.com/hugomailhot/MorphoLex-en,CC BY-NC-SA 4.0,Raw linguistic candidate only. Reviewer must decide structured analysis and child-facing word sum; neither is inferred from MorphoLex.,medium,in_review,,,
forgetting_en_gb,{(forget)},,[],[],[],,,in_review,open_licensed,MorphoLex-en,https://github.com/hugomailhot/MorphoLex-en,CC BY-NC-SA 4.0,Raw linguistic candidate only. Reviewer must decide structured analysis and child-facing word sum; neither is inferred from MorphoLex.,medium,in_review,,,
polite_en_gb,{(polite)},,[],[],[],,,in_review,open_licensed,MorphoLex-en,https://github.com/hugomailhot/MorphoLex-en,CC BY-NC-SA 4.0,Raw linguistic candidate only. Reviewer must decide structured analysis and child-facing word sum; neither is inferred from MorphoLex.,medium,in_review,,,
debris_en_gb,{(debris)},,[],[],[],,,in_review,open_licensed,MorphoLex-en,https://github.com/hugomailhot/MorphoLex-en,CC BY-NC-SA 4.0,Raw linguistic candidate only. Reviewer must decide structured analysis and child-facing word sum; neither is inferred from MorphoLex.,medium,in_review,,,
fierce_en_gb,{(fierce)},,[],[],[],,,in_review,open_licensed,MorphoLex-en,https://github.com/hugomailhot/MorphoLex-en,CC BY-NC-SA 4.0,Raw linguistic candidate only. Reviewer must decide structured analysis and child-facing word sum; neither is inferred from MorphoLex.,medium,in_review,,,
receipt_en_gb,{(receipt)},,[],[],[],,,in_review,open_licensed,MorphoLex-en,https://github.com/hugomailhot/MorphoLex-en,CC BY-NC-SA 4.0,Raw linguistic candidate only. Reviewer must decide structured analysis and child-facing word sum; neither is inferred from MorphoLex.,medium,in_review,,,
recognise_en_gb,,,[],[],[],,,in_review,internal_authored,No exact MorphoLex-en row,,,Raw linguistic candidate only. Reviewer must decide structured analysis and child-facing word sum; neither is inferred from MorphoLex.,low,in_review,,,
continually_en_gb,{(continue)}>al>>ly>,,[],[],[],,,in_review,open_licensed,MorphoLex-en,https://github.com/hugomailhot/MorphoLex-en,CC BY-NC-SA 4.0,Raw linguistic candidate only. Reviewer must decide structured analysis and child-facing word sum; neither is inferred from MorphoLex.,medium,in_review,,,
terribly_en_gb,{(terr)>able>}>y>,,[],[],[],,,in_review,open_licensed,MorphoLex-en,https://github.com/hugomailhot/MorphoLex-en,CC BY-NC-SA 4.0,Raw linguistic candidate only. Reviewer must decide structured analysis and child-facing word sum; neither is inferred from MorphoLex.,medium,in_review,,,
hay_en_gb,{(hay)},,[],[],[],,,in_review,open_licensed,MorphoLex-en,https://github.com/hugomailhot/MorphoLex-en,CC BY-NC-SA 4.0,Raw linguistic candidate only. Reviewer must decide structured analysis and child-facing word sum; neither is inferred from MorphoLex.,medium,in_review,,,
sack_en_gb,{(sack)},,[],[],[],,,in_review,open_licensed,MorphoLex-en,https://github.com/hugomailhot/MorphoLex-en,CC BY-NC-SA 4.0,Raw linguistic candidate only. Reviewer must decide structured analysis and child-facing word sum; neither is inferred from MorphoLex.,medium,in_review,,,
stare_en_gb,{(stare)},,[],[],[],,,in_review,open_licensed,MorphoLex-en,https://github.com/hugomailhot/MorphoLex-en,CC BY-NC-SA 4.0,Raw linguistic candidate only. Reviewer must decide structured analysis and child-facing word sum; neither is inferred from MorphoLex.,medium,in_review,,,
catalogue_en_gb,{(catalogue)},,[],[],[],,,in_review,open_licensed,MorphoLex-en,https://github.com/hugomailhot/MorphoLex-en,CC BY-NC-SA 4.0,Raw linguistic candidate only. Reviewer must decide structured analysis and child-facing word sum; neither is inferred from MorphoLex.,medium,in_review,,,
compliment_en_gb,{(compliment)},,[],[],[],,,in_review,open_licensed,MorphoLex-en,https://github.com/hugomailhot/MorphoLex-en,CC BY-NC-SA 4.0,Raw linguistic candidate only. Reviewer must decide structured analysis and child-facing word sum; neither is inferred from MorphoLex.,medium,in_review,,,
rebuild_en_gb,<re<{(build)},,[],[],[],,,in_review,open_licensed,MorphoLex-en,https://github.com/hugomailhot/MorphoLex-en,CC BY-NC-SA 4.0,Raw linguistic candidate only. Reviewer must decide structured analysis and child-facing word sum; neither is inferred from MorphoLex.,medium,in_review,,,
obsession_en_gb,{(obsess)}>ion>,,[],[],[],,,in_review,open_licensed,MorphoLex-en,https://github.com/hugomailhot/MorphoLex-en,CC BY-NC-SA 4.0,Raw linguistic candidate only. Reviewer must decide structured analysis and child-facing word sum; neither is inferred from MorphoLex.,medium,in_review,,,
progression_en_gb,{<pro<(gress)}>ion>,,[],[],[],,,in_review,open_licensed,MorphoLex-en,https://github.com/hugomailhot/MorphoLex-en,CC BY-NC-SA 4.0,Raw linguistic candidate only. Reviewer must decide structured analysis and child-facing word sum; neither is inferred from MorphoLex.,medium,in_review,,,
sensation_en_gb,{(sense)}>ate>>ion>,,[],[],[],,,in_review,open_licensed,MorphoLex-en,https://github.com/hugomailhot/MorphoLex-en,CC BY-NC-SA 4.0,Raw linguistic candidate only. Reviewer must decide structured analysis and child-facing word sum; neither is inferred from MorphoLex.,medium,in_review,,,
confidential_en_gb,{(confide)}>ance>>al>,,[],[],[],,,in_review,open_licensed,MorphoLex-en,https://github.com/hugomailhot/MorphoLex-en,CC BY-NC-SA 4.0,Raw linguistic candidate only. Reviewer must decide structured analysis and child-facing word sum; neither is inferred from MorphoLex.,medium,in_review,,,
transparency_en_gb,{<trans<(par)>ance>}>y>,,[],[],[],,,in_review,open_licensed,MorphoLex-en,https://github.com/hugomailhot/MorphoLex-en,CC BY-NC-SA 4.0,Raw linguistic candidate only. Reviewer must decide structured analysis and child-facing word sum; neither is inferred from MorphoLex.,medium,in_review,,,
champagne_en_gb,{(champagne)},,[],[],[],,,in_review,open_licensed,MorphoLex-en,https://github.com/hugomailhot/MorphoLex-en,CC BY-NC-SA 4.0,Raw linguistic candidate only. Reviewer must decide structured analysis and child-facing word sum; neither is inferred from MorphoLex.,medium,in_review,,,
drought_en_gb,{(drought)},,[],[],[],,,in_review,open_licensed,MorphoLex-en,https://github.com/hugomailhot/MorphoLex-en,CC BY-NC-SA 4.0,Raw linguistic candidate only. Reviewer must decide structured analysis and child-facing word sum; neither is inferred from MorphoLex.,medium,in_review,,,
sincerely_en_gb,{(sincere)}>ly>,,[],[],[],,,in_review,open_licensed,MorphoLex-en,https://github.com/hugomailhot/MorphoLex-en,CC BY-NC-SA 4.0,Raw linguistic candidate only. Reviewer must decide structured analysis and child-facing word sum; neither is inferred from MorphoLex.,medium,in_review,,,
fry_en_gb,{(fry)},,[],[],[],,,in_review,open_licensed,MorphoLex-en,https://github.com/hugomailhot/MorphoLex-en,CC BY-NC-SA 4.0,Raw linguistic candidate only. Reviewer must decide structured analysis and child-facing word sum; neither is inferred from MorphoLex.,medium,in_review,,,
bury_en_gb,{(bury)},,[],[],[],,,in_review,open_licensed,MorphoLex-en,https://github.com/hugomailhot/MorphoLex-en,CC BY-NC-SA 4.0,Raw linguistic candidate only. Reviewer must decide structured analysis and child-facing word sum; neither is inferred from MorphoLex.,medium,in_review,,,
mosque_en_gb,{(mosque)},,[],[],[],,,in_review,open_licensed,MorphoLex-en,https://github.com/hugomailhot/MorphoLex-en,CC BY-NC-SA 4.0,Raw linguistic candidate only. Reviewer must decide structured analysis and child-facing word sum; neither is inferred from MorphoLex.,medium,in_review,,,
plague_en_gb,{(plague)},,[],[],[],,,in_review,open_licensed,MorphoLex-en,https://github.com/hugomailhot/MorphoLex-en,CC BY-NC-SA 4.0,Raw linguistic candidate only. Reviewer must decide structured analysis and child-facing word sum; neither is inferred from MorphoLex.,medium,in_review,,,
rogue_en_gb,{(rogue)},,[],[],[],,,in_review,open_licensed,MorphoLex-en,https://github.com/hugomailhot/MorphoLex-en,CC BY-NC-SA 4.0,Raw linguistic candidate only. Reviewer must decide structured analysis and child-facing word sum; neither is inferred from MorphoLex.,medium,in_review,,,
tomb_en_gb,{(tomb)},,[],[],[],,,in_review,open_licensed,MorphoLex-en,https://github.com/hugomailhot/MorphoLex-en,CC BY-NC-SA 4.0,Raw linguistic candidate only. Reviewer must decide structured analysis and child-facing word sum; neither is inferred from MorphoLex.,medium,in_review,,,
shiny_en_gb,{(shine)}>y>,,[],[],[],,,in_review,open_licensed,MorphoLex-en,https://github.com/hugomailhot/MorphoLex-en,CC BY-NC-SA 4.0,Raw linguistic candidate only. Reviewer must decide structured analysis and child-facing word sum; neither is inferred from MorphoLex.,medium,in_review,,,
confession_en_gb,{(confess)}>ion>,,[],[],[],,,in_review,open_licensed,MorphoLex-en,https://github.com/hugomailhot/MorphoLex-en,CC BY-NC-SA 4.0,Raw linguistic candidate only. Reviewer must decide structured analysis and child-facing word sum; neither is inferred from MorphoLex.,medium,in_review,,,
interfere_en_gb,{<inter<(fere)},,[],[],[],,,in_review,open_licensed,MorphoLex-en,https://github.com/hugomailhot/MorphoLex-en,CC BY-NC-SA 4.0,Raw linguistic candidate only. Reviewer must decide structured analysis and child-facing word sum; neither is inferred from MorphoLex.,medium,in_review,,,
haul_en_gb,{(haul)},,[],[],[],,,in_review,open_licensed,MorphoLex-en,https://github.com/hugomailhot/MorphoLex-en,CC BY-NC-SA 4.0,Raw linguistic candidate only. Reviewer must decide structured analysis and child-facing word sum; neither is inferred from MorphoLex.,medium,in_review,,,
thief_en_gb,{(thief)},,[],[],[],,,in_review,open_licensed,MorphoLex-en,https://github.com/hugomailhot/MorphoLex-en,CC BY-NC-SA 4.0,Raw linguistic candidate only. Reviewer must decide structured analysis and child-facing word sum; neither is inferred from MorphoLex.,medium,in_review,,,
robbed_en_gb,{(rob)},,[],[],[],,,in_review,open_licensed,MorphoLex-en,https://github.com/hugomailhot/MorphoLex-en,CC BY-NC-SA 4.0,Raw linguistic candidate only. Reviewer must decide structured analysis and child-facing word sum; neither is inferred from MorphoLex.,medium,in_review,,,
choir_en_gb,{(choir)},,[],[],[],,,in_review,open_licensed,MorphoLex-en,https://github.com/hugomailhot/MorphoLex-en,CC BY-NC-SA 4.0,Raw linguistic candidate only. Reviewer must decide structured analysis and child-facing word sum; neither is inferred from MorphoLex.,medium,in_review,,,
committing_en_gb,{(commit)},,[],[],[],,,in_review,open_licensed,MorphoLex-en,https://github.com/hugomailhot/MorphoLex-en,CC BY-NC-SA 4.0,Raw linguistic candidate only. Reviewer must decide structured analysis and child-facing word sum; neither is inferred from MorphoLex.,medium,in_review,,,
baron_en_gb,{(baron)},,[],[],[],,,in_review,open_licensed,MorphoLex-en,https://github.com/hugomailhot/MorphoLex-en,CC BY-NC-SA 4.0,Raw linguistic candidate only. Reviewer must decide structured analysis and child-facing word sum; neither is inferred from MorphoLex.,medium,in_review,,,
whistle_en_gb,{(whistle)},,[],[],[],,,in_review,open_licensed,MorphoLex-en,https://github.com/hugomailhot/MorphoLex-en,CC BY-NC-SA 4.0,Raw linguistic candidate only. Reviewer must decide structured analysis and child-facing word sum; neither is inferred from MorphoLex.,medium,in_review,,,
uncommon_en_gb,<un<{(common)},,[],[],[],,,in_review,open_licensed,MorphoLex-en,https://github.com/hugomailhot/MorphoLex-en,CC BY-NC-SA 4.0,Raw linguistic candidate only. Reviewer must decide structured analysis and child-facing word sum; neither is inferred from MorphoLex.,medium,in_review,,,
dominate_en_gb,{(domin)>ate>},,[],[],[],,,in_review,open_licensed,MorphoLex-en,https://github.com/hugomailhot/MorphoLex-en,CC BY-NC-SA 4.0,Raw linguistic candidate only. Reviewer must decide structured analysis and child-facing word sum; neither is inferred from MorphoLex.,medium,in_review,,,
bully_en_gb,{(bully)},,[],[],[],,,in_review,open_licensed,MorphoLex-en,https://github.com/hugomailhot/MorphoLex-en,CC BY-NC-SA 4.0,Raw linguistic candidate only. Reviewer must decide structured analysis and child-facing word sum; neither is inferred from MorphoLex.,medium,in_review,,,
hiking_en_gb,{(hike)},,[],[],[],,,in_review,open_licensed,MorphoLex-en,https://github.com/hugomailhot/MorphoLex-en,CC BY-NC-SA 4.0,Raw linguistic candidate only. Reviewer must decide structured analysis and child-facing word sum; neither is inferred from MorphoLex.,medium,in_review,,,
swallow_en_gb,{(swallow)},,[],[],[],,,in_review,open_licensed,MorphoLex-en,https://github.com/hugomailhot/MorphoLex-en,CC BY-NC-SA 4.0,Raw linguistic candidate only. Reviewer must decide structured analysis and child-facing word sum; neither is inferred from MorphoLex.,medium,in_review,,,
marshal_en_gb,{(marshall)},,[],[],[],,,in_review,open_licensed,MorphoLex-en,https://github.com/hugomailhot/MorphoLex-en,CC BY-NC-SA 4.0,Raw linguistic candidate only. Reviewer must decide structured analysis and child-facing word sum; neither is inferred from MorphoLex.,medium,in_review,,,
referee_en_gb,{(refer)}>ee>,,[],[],[],,,in_review,open_licensed,MorphoLex-en,https://github.com/hugomailhot/MorphoLex-en,CC BY-NC-SA 4.0,Raw linguistic candidate only. Reviewer must decide structured analysis and child-facing word sum; neither is inferred from MorphoLex.,medium,in_review,,,
surf_en_gb,{(surf)},,[],[],[],,,in_review,open_licensed,MorphoLex-en,https://github.com/hugomailhot/MorphoLex-en,CC BY-NC-SA 4.0,Raw linguistic candidate only. Reviewer must decide structured analysis and child-facing word sum; neither is inferred from MorphoLex.,medium,in_review,,,
monkeys_en_gb,{(monkey)},,[],[],[],,,in_review,open_licensed,MorphoLex-en,https://github.com/hugomailhot/MorphoLex-en,CC BY-NC-SA 4.0,Raw linguistic candidate only. Reviewer must decide structured analysis and child-facing word sum; neither is inferred from MorphoLex.,medium,in_review,,,
dough_en_gb,{(dough)},,[],[],[],,,in_review,open_licensed,MorphoLex-en,https://github.com/hugomailhot/MorphoLex-en,CC BY-NC-SA 4.0,Raw linguistic candidate only. Reviewer must decide structured analysis and child-facing word sum; neither is inferred from MorphoLex.,medium,in_review,,,
heavier_en_gb,{(heavy)}>er>,,[],[],[],,,in_review,open_licensed,MorphoLex-en,https://github.com/hugomailhot/MorphoLex-en,CC BY-NC-SA 4.0,Raw linguistic candidate only. Reviewer must decide structured analysis and child-facing word sum; neither is inferred from MorphoLex.,medium,in_review,,,
incomplete_en_gb,<im<{(complete)},,[],[],[],,,in_review,open_licensed,MorphoLex-en,https://github.com/hugomailhot/MorphoLex-en,CC BY-NC-SA 4.0,Raw linguistic candidate only. Reviewer must decide structured analysis and child-facing word sum; neither is inferred from MorphoLex.,medium,in_review,,,
desirable_en_gb,{(desire)}>able>,,[],[],[],,,in_review,open_licensed,MorphoLex-en,https://github.com/hugomailhot/MorphoLex-en,CC BY-NC-SA 4.0,Raw linguistic candidate only. Reviewer must decide structured analysis and child-facing word sum; neither is inferred from MorphoLex.,medium,in_review,,,
farther_en_gb,{(farther)},,[],[],[],,,in_review,open_licensed,MorphoLex-en,https://github.com/hugomailhot/MorphoLex-en,CC BY-NC-SA 4.0,Raw linguistic candidate only. Reviewer must decide structured analysis and child-facing word sum; neither is inferred from MorphoLex.,medium,in_review,,,
tolerate_en_gb,{(toler)>ate>},,[],[],[],,,in_review,open_licensed,MorphoLex-en,https://github.com/hugomailhot/MorphoLex-en,CC BY-NC-SA 4.0,Raw linguistic candidate only. Reviewer must decide structured analysis and child-facing word sum; neither is inferred from MorphoLex.,medium,in_review,,,
swan_en_gb,{(swan)},,[],[],[],,,in_review,open_licensed,MorphoLex-en,https://github.com/hugomailhot/MorphoLex-en,CC BY-NC-SA 4.0,Raw linguistic candidate only. Reviewer must decide structured analysis and child-facing word sum; neither is inferred from MorphoLex.,medium,in_review,,,
heel_en_gb,{(heel)},,[],[],[],,,in_review,open_licensed,MorphoLex-en,https://github.com/hugomailhot/MorphoLex-en,CC BY-NC-SA 4.0,Raw linguistic candidate only. Reviewer must decide structured analysis and child-facing word sum; neither is inferred from MorphoLex.,medium,in_review,,,
sincere_en_gb,{(sincere)},,[],[],[],,,in_review,open_licensed,MorphoLex-en,https://github.com/hugomailhot/MorphoLex-en,CC BY-NC-SA 4.0,Raw linguistic candidate only. Reviewer must decide structured analysis and child-facing word sum; neither is inferred from MorphoLex.,medium,in_review,,,
slaughter_en_gb,{(slaughter)},,[],[],[],,,in_review,open_licensed,MorphoLex-en,https://github.com/hugomailhot/MorphoLex-en,CC BY-NC-SA 4.0,Raw linguistic candidate only. Reviewer must decide structured analysis and child-facing word sum; neither is inferred from MorphoLex.,medium,in_review,,,
superstar_en_gb,<super<{(star)},,[],[],[],,,in_review,open_licensed,MorphoLex-en,https://github.com/hugomailhot/MorphoLex-en,CC BY-NC-SA 4.0,Raw linguistic candidate only. Reviewer must decide structured analysis and child-facing word sum; neither is inferred from MorphoLex.,medium,in_review,,,
wholly_en_gb,{(whole)}>ly>,,[],[],[],,,in_review,open_licensed,MorphoLex-en,https://github.com/hugomailhot/MorphoLex-en,CC BY-NC-SA 4.0,Raw linguistic candidate only. Reviewer must decide structured analysis and child-facing word sum; neither is inferred from MorphoLex.,medium,in_review,,,
dominance_en_gb,{(domin)>ance>},,[],[],[],,,in_review,open_licensed,MorphoLex-en,https://github.com/hugomailhot/MorphoLex-en,CC BY-NC-SA 4.0,Raw linguistic candidate only. Reviewer must decide structured analysis and child-facing word sum; neither is inferred from MorphoLex.,medium,in_review,,,
innocence_en_gb,{(innoc)>ance>},,[],[],[],,,in_review,open_licensed,MorphoLex-en,https://github.com/hugomailhot/MorphoLex-en,CC BY-NC-SA 4.0,Raw linguistic candidate only. Reviewer must decide structured analysis and child-facing word sum; neither is inferred from MorphoLex.,medium,in_review,,,
thoughtful_en_gb,{(thought)}>ful>,,[],[],[],,,in_review,open_licensed,MorphoLex-en,https://github.com/hugomailhot/MorphoLex-en,CC BY-NC-SA 4.0,Raw linguistic candidate only. Reviewer must decide structured analysis and child-facing word sum; neither is inferred from MorphoLex.,medium,in_review,,,
merry_en_gb,{(merry)},,[],[],[],,,in_review,open_licensed,MorphoLex-en,https://github.com/hugomailhot/MorphoLex-en,CC BY-NC-SA 4.0,Raw linguistic candidate only. Reviewer must decide structured analysis and child-facing word sum; neither is inferred from MorphoLex.,medium,in_review,,,
naughty_en_gb,{(naughty)},,[],[],[],,,in_review,open_licensed,MorphoLex-en,https://github.com/hugomailhot/MorphoLex-en,CC BY-NC-SA 4.0,Raw linguistic candidate only. Reviewer must decide structured analysis and child-facing word sum; neither is inferred from MorphoLex.,medium,in_review,,,
obey_en_gb,{(obey)},,[],[],[],,,in_review,open_licensed,MorphoLex-en,https://github.com/hugomailhot/MorphoLex-en,CC BY-NC-SA 4.0,Raw linguistic candidate only. Reviewer must decide structured analysis and child-facing word sum; neither is inferred from MorphoLex.,medium,in_review,,,
convey_en_gb,{(convey)},,[],[],[],,,in_review,open_licensed,MorphoLex-en,https://github.com/hugomailhot/MorphoLex-en,CC BY-NC-SA 4.0,Raw linguistic candidate only. Reviewer must decide structured analysis and child-facing word sum; neither is inferred from MorphoLex.,medium,in_review,,,
humour_en_gb,{(humor)},,[],[],[],,,in_review,open_licensed,MorphoLex-en,https://github.com/hugomailhot/MorphoLex-en,CC BY-NC-SA 4.0,Raw linguistic candidate only. Reviewer must decide structured analysis and child-facing word sum; neither is inferred from MorphoLex.,medium,in_review,,,
borough_en_gb,{(borough)},,[],[],[],,,in_review,open_licensed,MorphoLex-en,https://github.com/hugomailhot/MorphoLex-en,CC BY-NC-SA 4.0,Raw linguistic candidate only. Reviewer must decide structured analysis and child-facing word sum; neither is inferred from MorphoLex.,medium,in_review,,,
dessert_en_gb,{(dessert)},,[],[],[],,,in_review,open_licensed,MorphoLex-en,https://github.com/hugomailhot/MorphoLex-en,CC BY-NC-SA 4.0,Raw linguistic candidate only. Reviewer must decide structured analysis and child-facing word sum; neither is inferred from MorphoLex.,medium,in_review,,,
isle_en_gb,{(isle)},,[],[],[],,,in_review,open_licensed,MorphoLex-en,https://github.com/hugomailhot/MorphoLex-en,CC BY-NC-SA 4.0,Raw linguistic candidate only. Reviewer must decide structured analysis and child-facing word sum; neither is inferred from MorphoLex.,medium,in_review,,,
vicious_en_gb,{(vicious)},,[],[],[],,,in_review,open_licensed,MorphoLex-en,https://github.com/hugomailhot/MorphoLex-en,CC BY-NC-SA 4.0,Raw linguistic candidate only. Reviewer must decide structured analysis and child-facing word sum; neither is inferred from MorphoLex.,medium,in_review,,,
breakthrough_en_gb,{(break)}{(through)},,[],[],[],,,in_review,open_licensed,MorphoLex-en,https://github.com/hugomailhot/MorphoLex-en,CC BY-NC-SA 4.0,Raw linguistic candidate only. Reviewer must decide structured analysis and child-facing word sum; neither is inferred from MorphoLex.,medium,in_review,,,
louder_en_gb,{(loud)}>er>,,[],[],[],,,in_review,open_licensed,MorphoLex-en,https://github.com/hugomailhot/MorphoLex-en,CC BY-NC-SA 4.0,Raw linguistic candidate only. Reviewer must decide structured analysis and child-facing word sum; neither is inferred from MorphoLex.,medium,in_review,,,
vocabulary_en_gb,{(voc)>abulary>},,[],[],[],,,in_review,open_licensed,MorphoLex-en,https://github.com/hugomailhot/MorphoLex-en,CC BY-NC-SA 4.0,Raw linguistic candidate only. Reviewer must decide structured analysis and child-facing word sum; neither is inferred from MorphoLex.,medium,in_review,,,
relied_en_gb,{(rely)},,[],[],[],,,in_review,open_licensed,MorphoLex-en,https://github.com/hugomailhot/MorphoLex-en,CC BY-NC-SA 4.0,Raw linguistic candidate only. Reviewer must decide structured analysis and child-facing word sum; neither is inferred from MorphoLex.,medium,in_review,,,
persuade_en_gb,{(persuade)},,[],[],[],,,in_review,open_licensed,MorphoLex-en,https://github.com/hugomailhot/MorphoLex-en,CC BY-NC-SA 4.0,Raw linguistic candidate only. Reviewer must decide structured analysis and child-facing word sum; neither is inferred from MorphoLex.,medium,in_review,,,
yacht_en_gb,{(yacht)},,[],[],[],,,in_review,open_licensed,MorphoLex-en,https://github.com/hugomailhot/MorphoLex-en,CC BY-NC-SA 4.0,Raw linguistic candidate only. Reviewer must decide structured analysis and child-facing word sum; neither is inferred from MorphoLex.,medium,in_review,,,
eighteen_en_gb,{(eight)>een>},,[],[],[],,,in_review,open_licensed,MorphoLex-en,https://github.com/hugomailhot/MorphoLex-en,CC BY-NC-SA 4.0,Raw linguistic candidate only. Reviewer must decide structured analysis and child-facing word sum; neither is inferred from MorphoLex.,medium,in_review,,,
infectious_en_gb,{<in<(fect)}>ious>,,[],[],[],,,in_review,open_licensed,MorphoLex-en,https://github.com/hugomailhot/MorphoLex-en,CC BY-NC-SA 4.0,Raw linguistic candidate only. Reviewer must decide structured analysis and child-facing word sum; neither is inferred from MorphoLex.,medium,in_review,,,
accompany_en_gb,{<a<(compan)>y>},,[],[],[],,,in_review,open_licensed,MorphoLex-en,https://github.com/hugomailhot/MorphoLex-en,CC BY-NC-SA 4.0,Raw linguistic candidate only. Reviewer must decide structured analysis and child-facing word sum; neither is inferred from MorphoLex.,medium,in_review,,,
fries_en_gb,{(fry)},,[],[],[],,,in_review,open_licensed,MorphoLex-en,https://github.com/hugomailhot/MorphoLex-en,CC BY-NC-SA 4.0,Raw linguistic candidate only. Reviewer must decide structured analysis and child-facing word sum; neither is inferred from MorphoLex.,medium,in_review,,,
relies_en_gb,{(rely)},,[],[],[],,,in_review,open_licensed,MorphoLex-en,https://github.com/hugomailhot/MorphoLex-en,CC BY-NC-SA 4.0,Raw linguistic candidate only. Reviewer must decide structured analysis and child-facing word sum; neither is inferred from MorphoLex.,medium,in_review,,,
archer_en_gb,{(archer)},,[],[],[],,,in_review,open_licensed,MorphoLex-en,https://github.com/hugomailhot/MorphoLex-en,CC BY-NC-SA 4.0,Raw linguistic candidate only. Reviewer must decide structured analysis and child-facing word sum; neither is inferred from MorphoLex.,medium,in_review,,,
forwards_en_gb,{(forward)},,[],[],[],,,in_review,open_licensed,MorphoLex-en,https://github.com/hugomailhot/MorphoLex-en,CC BY-NC-SA 4.0,Raw linguistic candidate only. Reviewer must decide structured analysis and child-facing word sum; neither is inferred from MorphoLex.,medium,in_review,,,
exhaust_en_gb,{(exhaust)},,[],[],[],,,in_review,open_licensed,MorphoLex-en,https://github.com/hugomailhot/MorphoLex-en,CC BY-NC-SA 4.0,Raw linguistic candidate only. Reviewer must decide structured analysis and child-facing word sum; neither is inferred from MorphoLex.,medium,in_review,,,
reluctant_en_gb,{(reluctant)},,[],[],[],,,in_review,open_licensed,MorphoLex-en,https://github.com/hugomailhot/MorphoLex-en,CC BY-NC-SA 4.0,Raw linguistic candidate only. Reviewer must decide structured analysis and child-facing word sum; neither is inferred from MorphoLex.,medium,in_review,,,
inheritance_en_gb,{<in<(herit)}>ance>,,[],[],[],,,in_review,open_licensed,MorphoLex-en,https://github.com/hugomailhot/MorphoLex-en,CC BY-NC-SA 4.0,Raw linguistic candidate only. Reviewer must decide structured analysis and child-facing word sum; neither is inferred from MorphoLex.,medium,in_review,,,
dad_s_en_gb,,,[],[],[],,,in_review,internal_authored,No exact MorphoLex-en row,,,Raw linguistic candidate only. Reviewer must decide structured analysis and child-facing word sum; neither is inferred from MorphoLex.,low,in_review,,,
admitting_en_gb,{(admit)},,[],[],[],,,in_review,open_licensed,MorphoLex-en,https://github.com/hugomailhot/MorphoLex-en,CC BY-NC-SA 4.0,Raw linguistic candidate only. Reviewer must decide structured analysis and child-facing word sum; neither is inferred from MorphoLex.,medium,in_review,,,
seize_en_gb,{(seize)},,[],[],[],,,in_review,open_licensed,MorphoLex-en,https://github.com/hugomailhot/MorphoLex-en,CC BY-NC-SA 4.0,Raw linguistic candidate only. Reviewer must decide structured analysis and child-facing word sum; neither is inferred from MorphoLex.,medium,in_review,,,
altar_en_gb,{(altar)},,[],[],[],,,in_review,open_licensed,MorphoLex-en,https://github.com/hugomailhot/MorphoLex-en,CC BY-NC-SA 4.0,Raw linguistic candidate only. Reviewer must decide structured analysis and child-facing word sum; neither is inferred from MorphoLex.,medium,in_review,,,
probable_en_gb,{(prob)>able>},,[],[],[],,,in_review,open_licensed,MorphoLex-en,https://github.com/hugomailhot/MorphoLex-en,CC BY-NC-SA 4.0,Raw linguistic candidate only. Reviewer must decide structured analysis and child-facing word sum; neither is inferred from MorphoLex.,medium,in_review,,,
mechanic_en_gb,{(mechan)>ic>},,[],[],[],,,in_review,open_licensed,MorphoLex-en,https://github.com/hugomailhot/MorphoLex-en,CC BY-NC-SA 4.0,Raw linguistic candidate only. Reviewer must decide structured analysis and child-facing word sum; neither is inferred from MorphoLex.,medium,in_review,,,
cautious_en_gb,{(caut)>ious>},,[],[],[],,,in_review,open_licensed,MorphoLex-en,https://github.com/hugomailhot/MorphoLex-en,CC BY-NC-SA 4.0,Raw linguistic candidate only. Reviewer must decide structured analysis and child-facing word sum; neither is inferred from MorphoLex.,medium,in_review,,,
hesitate_en_gb,{(hesit)>ate>},,[],[],[],,,in_review,open_licensed,MorphoLex-en,https://github.com/hugomailhot/MorphoLex-en,CC BY-NC-SA 4.0,Raw linguistic candidate only. Reviewer must decide structured analysis and child-facing word sum; neither is inferred from MorphoLex.,medium,in_review,,,
prejudice_en_gb,{<pre<(judic)},,[],[],[],,,in_review,open_licensed,MorphoLex-en,https://github.com/hugomailhot/MorphoLex-en,CC BY-NC-SA 4.0,Raw linguistic candidate only. Reviewer must decide structured analysis and child-facing word sum; neither is inferred from MorphoLex.,medium,in_review,,,
stall_en_gb,{(stall)},,[],[],[],,,in_review,open_licensed,MorphoLex-en,https://github.com/hugomailhot/MorphoLex-en,CC BY-NC-SA 4.0,Raw linguistic candidate only. Reviewer must decide structured analysis and child-facing word sum; neither is inferred from MorphoLex.,medium,in_review,,,
hygiene_en_gb,{(hygiene)},,[],[],[],,,in_review,open_licensed,MorphoLex-en,https://github.com/hugomailhot/MorphoLex-en,CC BY-NC-SA 4.0,Raw linguistic candidate only. Reviewer must decide structured analysis and child-facing word sum; neither is inferred from MorphoLex.,medium,in_review,,,
definite_en_gb,{(define)}>ite>,,[],[],[],,,in_review,open_licensed,MorphoLex-en,https://github.com/hugomailhot/MorphoLex-en,CC BY-NC-SA 4.0,Raw linguistic candidate only. Reviewer must decide structured analysis and child-facing word sum; neither is inferred from MorphoLex.,medium,in_review,,,
queue_en_gb,{(queue)},,[],[],[],,,in_review,open_licensed,MorphoLex-en,https://github.com/hugomailhot/MorphoLex-en,CC BY-NC-SA 4.0,Raw linguistic candidate only. Reviewer must decide structured analysis and child-facing word sum; neither is inferred from MorphoLex.,medium,in_review,,,
credible_en_gb,{(cred)>able>},,[],[],[],,,in_review,open_licensed,MorphoLex-en,https://github.com/hugomailhot/MorphoLex-en,CC BY-NC-SA 4.0,Raw linguistic candidate only. Reviewer must decide structured analysis and child-facing word sum; neither is inferred from MorphoLex.,medium,in_review,,,
immortal_en_gb,<im<{(mort)>al>},,[],[],[],,,in_review,open_licensed,MorphoLex-en,https://github.com/hugomailhot/MorphoLex-en,CC BY-NC-SA 4.0,Raw linguistic candidate only. Reviewer must decide structured analysis and child-facing word sum; neither is inferred from MorphoLex.,medium,in_review,,,
occurrence_en_gb,{(occur)}>ance>,,[],[],[],,,in_review,open_licensed,MorphoLex-en,https://github.com/hugomailhot/MorphoLex-en,CC BY-NC-SA 4.0,Raw linguistic candidate only. Reviewer must decide structured analysis and child-facing word sum; neither is inferred from MorphoLex.,medium,in_review,,,
outrageous_en_gb,<out<{(rage)}>ious>,,[],[],[],,,in_review,open_licensed,MorphoLex-en,https://github.com/hugomailhot/MorphoLex-en,CC BY-NC-SA 4.0,Raw linguistic candidate only. Reviewer must decide structured analysis and child-facing word sum; neither is inferred from MorphoLex.,medium,in_review,,,
complement_en_gb,{<co<(plement)},,[],[],[],,,in_review,open_licensed,MorphoLex-en,https://github.com/hugomailhot/MorphoLex-en,CC BY-NC-SA 4.0,Raw linguistic candidate only. Reviewer must decide structured analysis and child-facing word sum; neither is inferred from MorphoLex.,medium,in_review,,,
remarkably_en_gb,{(remark)}>able>>y>,,[],[],[],,,in_review,open_licensed,MorphoLex-en,https://github.com/hugomailhot/MorphoLex-en,CC BY-NC-SA 4.0,Raw linguistic candidate only. Reviewer must decide structured analysis and child-facing word sum; neither is inferred from MorphoLex.,medium,in_review,,,
crawl_en_gb,{(crawl)},,[],[],[],,,in_review,open_licensed,MorphoLex-en,https://github.com/hugomailhot/MorphoLex-en,CC BY-NC-SA 4.0,Raw linguistic candidate only. Reviewer must decide structured analysis and child-facing word sum; neither is inferred from MorphoLex.,medium,in_review,,,
dinosaur_en_gb,{(dino)(saur)},,[],[],[],,,in_review,open_licensed,MorphoLex-en,https://github.com/hugomailhot/MorphoLex-en,CC BY-NC-SA 4.0,Raw linguistic candidate only. Reviewer must decide structured analysis and child-facing word sum; neither is inferred from MorphoLex.,medium,in_review,,,
herd_en_gb,{(herd)},,[],[],[],,,in_review,open_licensed,MorphoLex-en,https://github.com/hugomailhot/MorphoLex-en,CC BY-NC-SA 4.0,Raw linguistic candidate only. Reviewer must decide structured analysis and child-facing word sum; neither is inferred from MorphoLex.,medium,in_review,,,
vein_en_gb,{(vein)},,[],[],[],,,in_review,open_licensed,MorphoLex-en,https://github.com/hugomailhot/MorphoLex-en,CC BY-NC-SA 4.0,Raw linguistic candidate only. Reviewer must decide structured analysis and child-facing word sum; neither is inferred from MorphoLex.,medium,in_review,,,
calculation_en_gb,{(calcul)>ate>}>ion>,,[],[],[],,,in_review,open_licensed,MorphoLex-en,https://github.com/hugomailhot/MorphoLex-en,CC BY-NC-SA 4.0,Raw linguistic candidate only. Reviewer must decide structured analysis and child-facing word sum; neither is inferred from MorphoLex.,medium,in_review,,,
spatial_en_gb,{(space)}>al>,,[],[],[],,,in_review,open_licensed,MorphoLex-en,https://github.com/hugomailhot/MorphoLex-en,CC BY-NC-SA 4.0,Raw linguistic candidate only. Reviewer must decide structured analysis and child-facing word sum; neither is inferred from MorphoLex.,medium,in_review,,,
predictable_en_gb,{<pre<(dict)}>able>,,[],[],[],,,in_review,open_licensed,MorphoLex-en,https://github.com/hugomailhot/MorphoLex-en,CC BY-NC-SA 4.0,Raw linguistic candidate only. Reviewer must decide structured analysis and child-facing word sum; neither is inferred from MorphoLex.,medium,in_review,,,
foil_en_gb,{(foil)},,[],[],[],,,in_review,open_licensed,MorphoLex-en,https://github.com/hugomailhot/MorphoLex-en,CC BY-NC-SA 4.0,Raw linguistic candidate only. Reviewer must decide structured analysis and child-facing word sum; neither is inferred from MorphoLex.,medium,in_review,,,
dice_en_gb,{(dice)},,[],[],[],,,in_review,open_licensed,MorphoLex-en,https://github.com/hugomailhot/MorphoLex-en,CC BY-NC-SA 4.0,Raw linguistic candidate only. Reviewer must decide structured analysis and child-facing word sum; neither is inferred from MorphoLex.,medium,in_review,,,
syrup_en_gb,{(syrup)},,[],[],[],,,in_review,open_licensed,MorphoLex-en,https://github.com/hugomailhot/MorphoLex-en,CC BY-NC-SA 4.0,Raw linguistic candidate only. Reviewer must decide structured analysis and child-facing word sum; neither is inferred from MorphoLex.,medium,in_review,,,
relevance_en_gb,{(relev)>ance>},,[],[],[],,,in_review,open_licensed,MorphoLex-en,https://github.com/hugomailhot/MorphoLex-en,CC BY-NC-SA 4.0,Raw linguistic candidate only. Reviewer must decide structured analysis and child-facing word sum; neither is inferred from MorphoLex.,medium,in_review,,,
noticeable_en_gb,{(notice)}>able>,,[],[],[],,,in_review,open_licensed,MorphoLex-en,https://github.com/hugomailhot/MorphoLex-en,CC BY-NC-SA 4.0,Raw linguistic candidate only. Reviewer must decide structured analysis and child-facing word sum; neither is inferred from MorphoLex.,medium,in_review,,,
marrying_en_gb,{(marry)},,[],[],[],,,in_review,open_licensed,MorphoLex-en,https://github.com/hugomailhot/MorphoLex-en,CC BY-NC-SA 4.0,Raw linguistic candidate only. Reviewer must decide structured analysis and child-facing word sum; neither is inferred from MorphoLex.,medium,in_review,,,
butcher_en_gb,{(butcher)},,[],[],[],,,in_review,open_licensed,MorphoLex-en,https://github.com/hugomailhot/MorphoLex-en,CC BY-NC-SA 4.0,Raw linguistic candidate only. Reviewer must decide structured analysis and child-facing word sum; neither is inferred from MorphoLex.,medium,in_review,,,
pyramid_en_gb,{(pyramid)},,[],[],[],,,in_review,open_licensed,MorphoLex-en,https://github.com/hugomailhot/MorphoLex-en,CC BY-NC-SA 4.0,Raw linguistic candidate only. Reviewer must decide structured analysis and child-facing word sum; neither is inferred from MorphoLex.,medium,in_review,,,
boxer_en_gb,{(box)}>er>,,[],[],[],,,in_review,open_licensed,MorphoLex-en,https://github.com/hugomailhot/MorphoLex-en,CC BY-NC-SA 4.0,Raw linguistic candidate only. Reviewer must decide structured analysis and child-facing word sum; neither is inferred from MorphoLex.,medium,in_review,,,
comfortably_en_gb,{(comfort)}>able>>y>,,[],[],[],,,in_review,open_licensed,MorphoLex-en,https://github.com/hugomailhot/MorphoLex-en,CC BY-NC-SA 4.0,Raw linguistic candidate only. Reviewer must decide structured analysis and child-facing word sum; neither is inferred from MorphoLex.,medium,in_review,,,
understandable_en_gb,{(understand)}>able>,,[],[],[],,,in_review,open_licensed,MorphoLex-en,https://github.com/hugomailhot/MorphoLex-en,CC BY-NC-SA 4.0,Raw linguistic candidate only. Reviewer must decide structured analysis and child-facing word sum; neither is inferred from MorphoLex.,medium,in_review,,,
kisses_en_gb,{(kiss)},,[],[],[],,,in_review,open_licensed,MorphoLex-en,https://github.com/hugomailhot/MorphoLex-en,CC BY-NC-SA 4.0,Raw linguistic candidate only. Reviewer must decide structured analysis and child-facing word sum; neither is inferred from MorphoLex.,medium,in_review,,,
hedge_en_gb,{(hedge)},,[],[],[],,,in_review,open_licensed,MorphoLex-en,https://github.com/hugomailhot/MorphoLex-en,CC BY-NC-SA 4.0,Raw linguistic candidate only. Reviewer must decide structured analysis and child-facing word sum; neither is inferred from MorphoLex.,medium,in_review,,,
cereal_en_gb,{(cereal)},,[],[],[],,,in_review,open_licensed,MorphoLex-en,https://github.com/hugomailhot/MorphoLex-en,CC BY-NC-SA 4.0,Raw linguistic candidate only. Reviewer must decide structured analysis and child-facing word sum; neither is inferred from MorphoLex.,medium,in_review,,,
transferring_en_gb,{(transfer)},,[],[],[],,,in_review,open_licensed,MorphoLex-en,https://github.com/hugomailhot/MorphoLex-en,CC BY-NC-SA 4.0,Raw linguistic candidate only. Reviewer must decide structured analysis and child-facing word sum; neither is inferred from MorphoLex.,medium,in_review,,,
pneumonia_en_gb,{(pneumonia)},,[],[],[],,,in_review,open_licensed,MorphoLex-en,https://github.com/hugomailhot/MorphoLex-en,CC BY-NC-SA 4.0,Raw linguistic candidate only. Reviewer must decide structured analysis and child-facing word sum; neither is inferred from MorphoLex.,medium,in_review,,,
coil_en_gb,{(coil)},,[],[],[],,,in_review,open_licensed,MorphoLex-en,https://github.com/hugomailhot/MorphoLex-en,CC BY-NC-SA 4.0,Raw linguistic candidate only. Reviewer must decide structured analysis and child-facing word sum; neither is inferred from MorphoLex.,medium,in_review,,,
confrontation_en_gb,{<co<(front)}>ion>,,[],[],[],,,in_review,open_licensed,MorphoLex-en,https://github.com/hugomailhot/MorphoLex-en,CC BY-NC-SA 4.0,Raw linguistic candidate only. Reviewer must decide structured analysis and child-facing word sum; neither is inferred from MorphoLex.,medium,in_review,,,
temptation_en_gb,{(tempt)}>ion>,,[],[],[],,,in_review,open_licensed,MorphoLex-en,https://github.com/hugomailhot/MorphoLex-en,CC BY-NC-SA 4.0,Raw linguistic candidate only. Reviewer must decide structured analysis and child-facing word sum; neither is inferred from MorphoLex.,medium,in_review,,,
perceive_en_gb,{<per<(ceive)},,[],[],[],,,in_review,open_licensed,MorphoLex-en,https://github.com/hugomailhot/MorphoLex-en,CC BY-NC-SA 4.0,Raw linguistic candidate only. Reviewer must decide structured analysis and child-facing word sum; neither is inferred from MorphoLex.,medium,in_review,,,
feasible_en_gb,{(fact)>able>},,[],[],[],,,in_review,open_licensed,MorphoLex-en,https://github.com/hugomailhot/MorphoLex-en,CC BY-NC-SA 4.0,Raw linguistic candidate only. Reviewer must decide structured analysis and child-facing word sum; neither is inferred from MorphoLex.,medium,in_review,,,
verb_en_gb,{(verb)},,[],[],[],,,in_review,open_licensed,MorphoLex-en,https://github.com/hugomailhot/MorphoLex-en,CC BY-NC-SA 4.0,Raw linguistic candidate only. Reviewer must decide structured analysis and child-facing word sum; neither is inferred from MorphoLex.,medium,in_review,,,
boy_s_en_gb,{(boy)},,[],[],[],,,in_review,open_licensed,MorphoLex-en,https://github.com/hugomailhot/MorphoLex-en,CC BY-NC-SA 4.0,Raw linguistic candidate only. Reviewer must decide structured analysis and child-facing word sum; neither is inferred from MorphoLex.,medium,in_review,,,
caption_en_gb,{(caption)},,[],[],[],,,in_review,open_licensed,MorphoLex-en,https://github.com/hugomailhot/MorphoLex-en,CC BY-NC-SA 4.0,Raw linguistic candidate only. Reviewer must decide structured analysis and child-facing word sum; neither is inferred from MorphoLex.,medium,in_review,,,
knot_en_gb,{(knot)},,[],[],[],,,in_review,open_licensed,MorphoLex-en,https://github.com/hugomailhot/MorphoLex-en,CC BY-NC-SA 4.0,Raw linguistic candidate only. Reviewer must decide structured analysis and child-facing word sum; neither is inferred from MorphoLex.,medium,in_review,,,
aisle_en_gb,{(aisle)},,[],[],[],,,in_review,open_licensed,MorphoLex-en,https://github.com/hugomailhot/MorphoLex-en,CC BY-NC-SA 4.0,Raw linguistic candidate only. Reviewer must decide structured analysis and child-facing word sum; neither is inferred from MorphoLex.,medium,in_review,,,
guessed_en_gb,{(guess)},,[],[],[],,,in_review,open_licensed,MorphoLex-en,https://github.com/hugomailhot/MorphoLex-en,CC BY-NC-SA 4.0,Raw linguistic candidate only. Reviewer must decide structured analysis and child-facing word sum; neither is inferred from MorphoLex.,medium,in_review,,,
proudly_en_gb,{(proud)}>ly>,,[],[],[],,,in_review,open_licensed,MorphoLex-en,https://github.com/hugomailhot/MorphoLex-en,CC BY-NC-SA 4.0,Raw linguistic candidate only. Reviewer must decide structured analysis and child-facing word sum; neither is inferred from MorphoLex.,medium,in_review,,,
respectful_en_gb,{(respect)}>ful>,,[],[],[],,,in_review,open_licensed,MorphoLex-en,https://github.com/hugomailhot/MorphoLex-en,CC BY-NC-SA 4.0,Raw linguistic candidate only. Reviewer must decide structured analysis and child-facing word sum; neither is inferred from MorphoLex.,medium,in_review,,,
richer_en_gb,{(rich)}>er>,,[],[],[],,,in_review,open_licensed,MorphoLex-en,https://github.com/hugomailhot/MorphoLex-en,CC BY-NC-SA 4.0,Raw linguistic candidate only. Reviewer must decide structured analysis and child-facing word sum; neither is inferred from MorphoLex.,medium,in_review,,,
spontaneous_en_gb,{(spontane)>ious>},,[],[],[],,,in_review,open_licensed,MorphoLex-en,https://github.com/hugomailhot/MorphoLex-en,CC BY-NC-SA 4.0,Raw linguistic candidate only. Reviewer must decide structured analysis and child-facing word sum; neither is inferred from MorphoLex.,medium,in_review,,,
respectable_en_gb,{(respect)}>able>,,[],[],[],,,in_review,open_licensed,MorphoLex-en,https://github.com/hugomailhot/MorphoLex-en,CC BY-NC-SA 4.0,Raw linguistic candidate only. Reviewer must decide structured analysis and child-facing word sum; neither is inferred from MorphoLex.,medium,in_review,,,
descendants_en_gb,{(descend)}>ant>,,[],[],[],,,in_review,open_licensed,MorphoLex-en,https://github.com/hugomailhot/MorphoLex-en,CC BY-NC-SA 4.0,Raw linguistic candidate only. Reviewer must decide structured analysis and child-facing word sum; neither is inferred from MorphoLex.,medium,in_review,,,
tore_en_gb,{(tore)},,[],[],[],,,in_review,open_licensed,MorphoLex-en,https://github.com/hugomailhot/MorphoLex-en,CC BY-NC-SA 4.0,Raw linguistic candidate only. Reviewer must decide structured analysis and child-facing word sum; neither is inferred from MorphoLex.,medium,in_review,,,
jumper_en_gb,{(jump)}>er>,,[],[],[],,,in_review,open_licensed,MorphoLex-en,https://github.com/hugomailhot/MorphoLex-en,CC BY-NC-SA 4.0,Raw linguistic candidate only. Reviewer must decide structured analysis and child-facing word sum; neither is inferred from MorphoLex.,medium,in_review,,,
fracture_en_gb,{(fract)>ure>},,[],[],[],,,in_review,open_licensed,MorphoLex-en,https://github.com/hugomailhot/MorphoLex-en,CC BY-NC-SA 4.0,Raw linguistic candidate only. Reviewer must decide structured analysis and child-facing word sum; neither is inferred from MorphoLex.,medium,in_review,,,
comprehend_en_gb,{<co<(prehend)},,[],[],[],,,in_review,open_licensed,MorphoLex-en,https://github.com/hugomailhot/MorphoLex-en,CC BY-NC-SA 4.0,Raw linguistic candidate only. Reviewer must decide structured analysis and child-facing word sum; neither is inferred from MorphoLex.,medium,in_review,,,
technician_en_gb,{(tech)>ian>},,[],[],[],,,in_review,open_licensed,MorphoLex-en,https://github.com/hugomailhot/MorphoLex-en,CC BY-NC-SA 4.0,Raw linguistic candidate only. Reviewer must decide structured analysis and child-facing word sum; neither is inferred from MorphoLex.,medium,in_review,,,
domination_en_gb,{(domin)>ate>}>ion>,,[],[],[],,,in_review,open_licensed,MorphoLex-en,https://github.com/hugomailhot/MorphoLex-en,CC BY-NC-SA 4.0,Raw linguistic candidate only. Reviewer must decide structured analysis and child-facing word sum; neither is inferred from MorphoLex.,medium,in_review,,,
psychiatrist_en_gb,{(psycho)>ater>>ist>},,[],[],[],,,in_review,open_licensed,MorphoLex-en,https://github.com/hugomailhot/MorphoLex-en,CC BY-NC-SA 4.0,Raw linguistic candidate only. Reviewer must decide structured analysis and child-facing word sum; neither is inferred from MorphoLex.,medium,in_review,,,
sank_en_gb,{(sank)},,[],[],[],,,in_review,open_licensed,MorphoLex-en,https://github.com/hugomailhot/MorphoLex-en,CC BY-NC-SA 4.0,Raw linguistic candidate only. Reviewer must decide structured analysis and child-facing word sum; neither is inferred from MorphoLex.,medium,in_review,,,
spear_en_gb,{(spear)},,[],[],[],,,in_review,open_licensed,MorphoLex-en,https://github.com/hugomailhot/MorphoLex-en,CC BY-NC-SA 4.0,Raw linguistic candidate only. Reviewer must decide structured analysis and child-facing word sum; neither is inferred from MorphoLex.,medium,in_review,,,
quad_en_gb,{(quad)},,[],[],[],,,in_review,open_licensed,MorphoLex-en,https://github.com/hugomailhot/MorphoLex-en,CC BY-NC-SA 4.0,Raw linguistic candidate only. Reviewer must decide structured analysis and child-facing word sum; neither is inferred from MorphoLex.,medium,in_review,,,
spies_en_gb,{(spy)},,[],[],[],,,in_review,open_licensed,MorphoLex-en,https://github.com/hugomailhot/MorphoLex-en,CC BY-NC-SA 4.0,Raw linguistic candidate only. Reviewer must decide structured analysis and child-facing word sum; neither is inferred from MorphoLex.,medium,in_review,,,
appoint_en_gb,{(appoint)},,[],[],[],,,in_review,open_licensed,MorphoLex-en,https://github.com/hugomailhot/MorphoLex-en,CC BY-NC-SA 4.0,Raw linguistic candidate only. Reviewer must decide structured analysis and child-facing word sum; neither is inferred from MorphoLex.,medium,in_review,,,
adore_en_gb,{(adore)},,[],[],[],,,in_review,open_licensed,MorphoLex-en,https://github.com/hugomailhot/MorphoLex-en,CC BY-NC-SA 4.0,Raw linguistic candidate only. Reviewer must decide structured analysis and child-facing word sum; neither is inferred from MorphoLex.,medium,in_review,,,
limb_en_gb,{(limb)},,[],[],[],,,in_review,open_licensed,MorphoLex-en,https://github.com/hugomailhot/MorphoLex-en,CC BY-NC-SA 4.0,Raw linguistic candidate only. Reviewer must decide structured analysis and child-facing word sum; neither is inferred from MorphoLex.,medium,in_review,,,
monarch_en_gb,{<mono<(arch)},,[],[],[],,,in_review,open_licensed,MorphoLex-en,https://github.com/hugomailhot/MorphoLex-en,CC BY-NC-SA 4.0,Raw linguistic candidate only. Reviewer must decide structured analysis and child-facing word sum; neither is inferred from MorphoLex.,medium,in_review,,,
bullied_en_gb,{(bully)},,[],[],[],,,in_review,open_licensed,MorphoLex-en,https://github.com/hugomailhot/MorphoLex-en,CC BY-NC-SA 4.0,Raw linguistic candidate only. Reviewer must decide structured analysis and child-facing word sum; neither is inferred from MorphoLex.,medium,in_review,,,
chalk_en_gb,{(chalk)},,[],[],[],,,in_review,open_licensed,MorphoLex-en,https://github.com/hugomailhot/MorphoLex-en,CC BY-NC-SA 4.0,Raw linguistic candidate only. Reviewer must decide structured analysis and child-facing word sum; neither is inferred from MorphoLex.,medium,in_review,,,
plaque_en_gb,{(plaque)},,[],[],[],,,in_review,open_licensed,MorphoLex-en,https://github.com/hugomailhot/MorphoLex-en,CC BY-NC-SA 4.0,Raw linguistic candidate only. Reviewer must decide structured analysis and child-facing word sum; neither is inferred from MorphoLex.,medium,in_review,,,
mourning_en_gb,{(mourn)},,[],[],[],,,in_review,open_licensed,MorphoLex-en,https://github.com/hugomailhot/MorphoLex-en,CC BY-NC-SA 4.0,Raw linguistic candidate only. Reviewer must decide structured analysis and child-facing word sum; neither is inferred from MorphoLex.,medium,in_review,,,
retrieve_en_gb,{(retrieve)},,[],[],[],,,in_review,open_licensed,MorphoLex-en,https://github.com/hugomailhot/MorphoLex-en,CC BY-NC-SA 4.0,Raw linguistic candidate only. Reviewer must decide structured analysis and child-facing word sum; neither is inferred from MorphoLex.,medium,in_review,,,
